NGTS_ID,Gaia_ID,RA,Dec,NGTS_mag,G_mag,BP_mag,RP_mag,Ks_mag,GmK,SpT,mult,amp_data,amp_GP,P_GP,P_GPue,P_GPle,P_LS,P_GACF,method,Prot,dr2_source_id,dr2_bp_rp,dr3_source_id,angular_distance,magnitude_difference,ra,dec,parallax,parallax_error,parallax_over_error,pmra,pmdec,ruwe,phot_g_mean_flux_over_error,phot_g_mean_mag,phot_bp_mean_flux_over_error,phot_rp_mean_flux,phot_rp_mean_flux_over_error,phot_bp_rp_excess_factor,phot_bp_n_contaminated_transits,phot_bp_n_blended_transits,phot_rp_n_contaminated_transits,phot_rp_n_blended_transits,bp_rp,bp_g,g_rp,radial_velocity,radial_velocity_error,rv_method_used,rv_expected_sig_to_noise,vbroad,vbroad_error,l,b,ecl_lon,ecl_lat,non_single_star,teff_gspphot,teff_gspphot_lower,teff_gspphot_upper,azero_gspphot,ag_gspphot,ebpminrp_gspphot,Teff_Curtis20,nbhr_count,flag_nbhr_count,abs_magnitude_difference,flag_bad_gaiamatch,M_G,flag_ruwe_outlier,flag_camd_outlier,flag_rverror_outlier,flag_possible_binary,flag_pass_author_quality,flag_benchmark_period
626,2321422436144254464,00:06:53.699,-28:31:08.255,11.87,12.25,12.64,11.71,10.66,1.59,G8,--,17.78,15.33,5.37994,0.02861,0.02901,5.36998,5.37530,GP,5.37994,2321422436144254464,0.9299999999999997,2321422436144254464,0.2203708,0.0010480881,1.7237875870346318,-28.519087180920067,4.314306649115637,0.012142925,355.29385,19.001441965961675,2.8761013345179904,0.9803129,934.88434,12.24948,352.12357,165711.70614220607,494.266,1.2116431,0,0,0,0,0.92565536,0.3756876,0.54996777,5.849659,0.8160917,1,28.122135,18.411457,31.496613,22.31317516358735,-80.05779115647988,349.31764498793524,-26.651781450942,0,5422.7495,5410.311,5435.4883,0.0745,0.0613,0.0327,5483.507965341511,0,False,0.0010480881,False,5.424035299134774,False,False,False,False,True,True
1221,2333096436428744192,00:01:08.420,-28:36:56.806,11.15,11.49,11.82,11.03,10.2,1.29,G0,--,15.95,20.85,3.03852,0.01165,0.01176,2.97678,3.03410,GP,3.03852,2333096436428744192,0.7900000000000009,2333096436428744192,0.18248916,0.0043535233,0.2851562521454859,-28.615687303931526,4.163822029146939,0.026569538,156.71413,18.467255250231787,2.1295335562404007,1.2014942,1061.0891,11.495463,474.75613,309377.0950984426,671.99536,1.1989826,0,0,0,0,0.7784796,0.3046913,0.47378826,5.609977,0.9614973,1,46.92969,17.829494,9.193834,22.39190858869358,-78.79070809597864,348.00570281692546,-26.17726171777524,0,5839.4087,5796.355,5872.766,0.0417,0.0352,0.0189,5912.551598265493,0,False,0.0043535233,False,4.592924163976541,True,False,False,False,True,True
1283,2333061733093062784,00:03:38.490,-28:37:25.335,11.71,12.07,12.44,11.54,10.57,1.49,G5,--,34.0,34.08,5.02679,0.0269,0.02528,4.95986,5.00120,GP,5.02679,2333061733093062784,0.9000000000000004,2333061733093062784,0.21395619,-0.006828308,0.9105498704409846,-28.623710204969523,4.273252049432987,0.013772972,310.2636,18.46932991455591,2.4672459940762086,0.99285716,1418.4694,12.060509,411.33084,193523.8604114411,586.7512,1.2062693,0,0,0,0,0.88895893,0.35950947,0.52944946,6.2225356,0.9719254,1,36.968304,9.735506,18.07761,22.10083252055927,-79.33696570195009,348.55053922286,-26.42802992739215,0,5492.8965,5484.137,5522.2188,0.0065,0.0053,0.0029,5573.444665210215,0,False,0.006828308,False,5.21430127595325,False,False,False,False,True,True
2442,2321365197116041984,00:09:14.695,-28:47:13.643,15.44,16.01,17.22,14.93,12.57,3.44,M2.5,--,36.83,21.43,2.11056,0.0008,0.0008,2.1117,2.11025,GP,2.11056,2321365197116041984,2.289999999999999,2321365197116041984,0.07865818,-0.020318985,2.311032191496028,-28.787428699691127,4.207122325803122,0.041493338,101.392715,18.722497364723086,2.716733232735047,1.0484387,1219.1965,15.994583,145.72473,8659.986930034438,427.90994,1.3858407,0,1,0,0,2.30653,1.2160492,1.0904808,,,,,,,20.384788270996246,-80.53950337414777,349.70076832668104,-27.121681909583426,0,3346.887,3340.6162,3351.8625,0.231,0.1544,0.0926,3560.5849295246444,0,False,0.020318985,False,9.114508828366828,False,False,False,False,True,True
2895,2333042143747087616,00:04:02.367,-28:51:22.382,15.87,16.39,17.7,15.25,12.83,3.56,M3,--,79.78,65.67,1.64759,0.00035,0.00033,1.64787,1.64900,GP,1.64759,2333042143747087616,2.4499999999999993,2333042143747087616,0.07540994,-0.0122795105,1.010036324287991,-28.85633013237327,4.157282278987776,0.06046757,68.752266,18.544083929316926,2.1937346961152744,1.0447463,1086.0513,16.376144,80.75999,6404.015144414741,275.88907,1.4251776,0,1,0,0,2.4520788,1.3076992,1.1443796,,,,,,,20.79807157597884,-79.39986032677041,348.52226554806396,-26.675176743188082,0,3509.8308,3508.3533,3512.132,0.6738,0.4456,0.2764,3467.540111210168,0,False,0.0122795105,False,9.470191979443088,False,False,False,False,True,True
3201,2321349700873987712,00:07:29.909,-28:53:41.825,14.84,15.45,16.61,14.37,12.09,3.36,M2,c,42.15,38.92,0.32369,5e-05,4e-05,0.32363,0.32364,GP,0.32369,2321349700873987712,2.24,2321349700873987712,0.12570818,-0.019787788,1.874629114784254,-28.895168558502657,4.204150692452439,0.039889947,105.393745,18.832244150614773,3.852775300874266,1.0598806,1116.5995,15.429172,155.46443,14402.308778842103,408.1131,1.3836262,0,0,0,0,2.2414694,1.164113,1.0773563,,,,,,,20.051578106899814,-80.14629115439294,349.2625536585635,-27.047413510227198,0,,,,,,,3593.946801013677,0,False,0.019787788,False,8.547562934046791,False,True,False,True,True,False
3450,2321022630524596736,00:05:56.387,-28:56:10.291,11.01,11.34,11.65,10.89,10.12,1.22,F9,--,21.75,18.67,3.10021,0.01852,0.01888,3.19632,3.14590,GP,3.10021,2321022630524596736,0.7599999999999998,2321022630524596736,0.108611636,0.00198555,1.4851165630817689,-28.93627419658907,4.186108054120419,0.02162868,193.54431,18.834934556810143,2.7636490528789945,1.0739503,1289.2554,11.338227,480.53314,351374.52992000274,705.8998,1.1938634,0,0,0,0,0.7472372,0.29247952,0.4547577,5.2281337,1.128213,1,49.653168,17.874382,22.282944,20.076621705665264,-79.80289729897197,348.8995467222204,-26.932066411446566,0,5889.8394,5887.302,5895.6235,0.0019,0.0016,0.0008,6004.065103706463,0,False,0.00198555,False,4.447279444009027,False,False,False,False,True,True
3723,2321019228910500864,00:06:54.315,-28:58:28.160,13.95,14.42,15.18,13.57,11.76,2.66,K6,--,22.98,20.05,6.98666,0.07929,0.0788,6.92922,6.93060,GP,6.98666,2321019228910500864,1.6099999999999994,2321019228910500864,0.09656617,-0.0036745071,1.7264019116952685,-28.974642334823177,4.185174048414439,0.025647903,163.17802,18.301996323218933,2.8082534757852144,1.0056933,606.4483,14.412207,145.15977,29757.1156466404,174.23465,1.2820544,0,1,0,1,1.6008711,0.75258255,0.84828854,2.507952,3.6890283,2,6.5798826,,,19.697498411282787,-80.00693095713447,349.09237331169226,-27.06061550428584,0,4271.315,4264.551,4277.038,0.3234,0.2387,0.127,4177.700596175013,0,False,0.0036745071,False,7.520774268110314,False,False,False,False,True,True
4124,2320972018629984384,00:06:55.585,-29:01:52.517,12.42,12.91,13.38,12.22,10.77,2.14,K3,c,23.41,21.64,6.93064,0.05036,0.04814,6.88627,6.96600,GP,6.93064,2320972018629984384,1.1600000000000001,2320972018629984384,0.1887825,0.010119438,1.731746471049425,-29.03137237551086,4.186405006842475,0.022187019,188.68713,17.795895331158462,2.2143887635161352,1.2738639,740.6891,12.923096,580.761,103522.5591970133,401.93762,1.2970315,0,33,0,32,1.1485777,0.43579006,0.7127876,4.3394012,2.5134034,2,11.309267,,,19.370116110154147,-80.00351780200924,349.06861534414986,-27.113461845098044,0,5313.6836,5160.33,5386.4453,0.4745,0.3835,0.2063,4885.863444859414,1,True,0.010119438,False,6.032301908814812,True,True,False,True,True,False
4702,2332964632472270592,23:59:05.756,-29:06:36.676,15.5,16.11,17.36,15.01,12.66,3.45,M2.5,--,37.6,21.39,1.26534,0.00054,0.0009,1.26389,1.26493,GP,1.26534,2332964632472270592,2.3499999999999996,2332964632472270592,0.06987826,-0.019098282,359.77401076842847,-29.110222943544404,4.235931120395926,0.04355938,97.24498,18.79412686408846,2.3232724047273225,0.94141793,1364.9707,16.09277,130.08168,8024.467182822608,418.9885,1.3972018,0,13,0,12,2.3455791,1.2396641,1.1059151,,,,,,,20.134856778067746,-78.29664417799145,347.3134497375602,-26.42182849555506,0,3619.8677,3616.8901,3622.9133,0.6106,0.4101,0.2483,3523.3767593947414,0,False,0.019098282,False,9.227514070401151,False,False,False,False,True,True
4735,2321004866539735680,00:03:58.430,-29:06:48.872,15.9,16.51,17.87,15.36,12.92,3.58,M3,--,61.88,42.37,1.1942,0.00047,0.00049,1.19428,1.19556,GP,1.1942,2321004866539735680,2.5100000000000016,2321004866539735680,0.078655995,-0.020175934,0.9936782858807709,-29.113694958847212,4.192418861728324,0.06053562,69.2554,18.9102473820014,3.202899701230362,1.0640998,995.17084,16.487595,76.82036,5797.411138095084,327.62933,1.4219751,0,0,0,0,2.490981,1.3431969,1.1477842,,,,,,,19.422857916638726,-79.35328040788563,348.3794675799981,-26.899212155770996,0,3498.043,3491.681,3504.792,0.5606,0.3692,0.2319,3437.0040966154047,0,False,0.020175934,False,9.599917935546312,False,False,False,False,True,True
4846,2332965216587822464,23:58:55.678,-29:07:33.992,12.53,12.98,13.48,12.34,10.92,2.06,K3,c,32.65,32.49,1.16438,0.00112,0.00125,1.16898,1.16795,GP,1.16438,2332965216587822464,1.1400000000000006,2332965216587822464,0.09984872,-0.017278671,359.73189841344794,-29.12608378780078,4.241854491356583,0.01891134,224.30217,18.38452464477608,2.4681715571902503,1.011883,708.39355,12.963198,177.48944,93442.48276517885,226.50124,1.2243294,0,0,0,0,1.1260328,0.48436928,0.64166355,3.9791903,3.9894118,2,20.817484,,,20.07820465229228,-78.25826976509425,347.26877694065047,-26.419698005201973,0,5233.1694,5215.164,5257.1553,0.3881,0.3127,0.1675,4930.432669092962,0,False,0.017278671,False,6.100976542134013,False,True,True,True,True,False
5076,2320989851334122752,00:04:54.072,-29:09:10.699,11.92,13.08,13.22,12.0,10.29,2.79,K7,c,68.95,54.34,1.55893,0.03577,0.03149,1.93032,1.97300,GP,1.55893,2320989851334122752,1.2200000000000006,2320989851334122752,0.13042869,0.008991241,1.2254632272914103,-29.152849032455574,4.216589558391594,0.09083372,46.42097,19.261364642286367,2.271215695036715,4.651317,592.05206,13.091818,34.323856,127970.39854240582,38.5236,1.792909,0,33,0,32,1.2801228,0.16842651,1.1116962,-3.1813283,4.7751927,2,10.751483,,,19.054619830658876,-79.54816260769644,348.56315168927824,-27.024590971554723,0,,,,,,,4760.572175198824,1,True,0.008991241,False,6.216624500699512,True,True,True,True,True,False
5363,2332951438332812160,23:59:29.244,-29:11:38.158,14.47,14.99,15.89,14.06,12.01,2.98,K9,--,70.54,66.12,2.70509,0.0019,0.00193,2.7061,2.70900,GP,2.70509,2332951438332812160,1.83,2332951438332812160,0.08055051,-0.019577026,359.87188802771465,-29.19392920616324,4.213792560768264,0.025576252,164.7541,18.91478476184692,2.230352828412388,0.98240805,937.9568,14.969441,286.9612,19241.49816786157,454.96304,1.3137215,0,1,0,0,1.818923,0.8867798,0.9321432,45.189148,4.7671094,2,4.7356153,,,19.673373078118395,-78.37151745526225,347.357441085894,-26.534801439582445,0,4037.9917,4033.226,4049.6843,0.3829,0.2748,0.1501,3943.131697976125,0,False,0.019577026,False,8.092807174260763,False,False,False,False,True,True
5862,2320987549231653888,00:04:34.814,-29:15:19.849,12.28,12.67,13.11,12.08,10.92,1.75,K0,--,16.99,16.38,6.38175,0.04343,0.04522,6.43548,6.38010,GP,6.38175,2320987549231653888,1.0299999999999994,2320987549231653888,0.15675147,-0.007940292,1.1452867242110074,-29.255538957946232,4.259807149575101,0.016073141,265.02643,18.707152676057397,2.536996771146871,1.0283631,1814.616,12.660482,534.91943,117731.37307052808,745.00494,1.2142465,0,0,0,0,1.0164337,0.42661667,0.58981705,6.682382,1.4090992,1,19.13419,,,18.554610935699657,-79.46360637681173,348.44134623973497,-27.085220887090316,0,,,,,,,5201.430102637707,0,False,0.007940292,False,5.807432097234038,False,False,False,False,True,True
6001,2320987858469300864,00:05:00.949,-29:16:08.658,12.26,12.67,13.12,12.08,10.91,1.76,K0,--,13.06,15.2,6.79839,0.04021,0.03634,6.82941,6.93060,GP,6.79839,2320987858469300864,1.0399999999999991,2320987858469300864,0.1416911,-0.0115299225,1.25417611462053,-29.26910845670295,4.211025299604778,0.016910126,249.02386,18.421390272533724,2.2486112706929298,1.1350913,2536.504,12.661598,678.0559,118177.798398862,886.0864,1.2158022,0,0,0,2,1.0259695,0.43092728,0.5950422,6.6052585,1.0344638,1,22.585054,,,18.39999964245266,-79.55534281975235,348.53001246100996,-27.13980271305835,0,5232.796,5225.702,5239.229,0.1101,0.0893,0.0473,5174.999908550782,0,False,0.0115299225,False,5.783537458791862,False,False,False,False,True,True
6051,2333005451841565056,00:02:48.684,-29:16:40.254,15.85,16.49,18.09,15.27,12.67,3.83,M4,c,63.86,43.45,0.35901,0.0011,0.00096,0.35551,0.35563,GACF,0.35563,2333005451841565056,2.8200000000000003,2333005451841565056,0.15806548,-0.01935196,0.7030905069465969,-29.277880657415906,4.271864204623753,0.052866142,80.80529,18.74444848452566,2.9385268580768935,1.0010954,694.7998,16.475452,68.3957,6281.067347177921,311.22626,1.4692769,0,0,0,0,2.7894363,1.5667953,1.222641,,,,,,,18.746701089395305,-79.07886648571655,348.0427146562827,-26.93300853145049,0,3339.2815,3335.7178,3342.8435,0.8438,0.5379,0.3552,3284.023993239389,0,False,0.01935196,False,9.628539616840616,False,True,False,True,True,False
6278,2333005344467248768,00:02:48.773,-29:18:42.202,11.8,12.18,12.57,11.64,10.59,1.59,G8,--,22.51,20.2,5.26442,0.04609,0.04229,5.20561,5.29200,GP,5.26442,2333005344467248768,0.9299999999999997,2333005344467248768,0.17124134,-0.008684158,0.7034277027139929,-29.311722983957704,4.2708838929529165,0.014296424,298.7379,18.682265065146787,2.1189154156340813,1.0879166,2575.9976,12.172879,782.025,176345.52717739638,984.277,1.2057738,0,0,0,0,0.9167013,0.3758068,0.5408945,5.0345645,1.0705261,1,34.741886,,,18.569847983740452,-79.07414970347438,348.0260701840214,-26.963426426465332,0,5525.0205,5513.8306,5541.025,0.1107,0.0915,0.0488,5483.507965341511,0,False,0.008684158,False,5.325468043954142,False,False,False,False,True,True
6292,2320959820922837760,00:06:17.762,-29:18:40.308,11.52,11.89,12.24,11.39,10.44,1.44,G3,--,18.45,17.39,4.53201,0.01218,0.01224,4.52757,4.55110,GP,4.53201,2320959820922837760,0.8499999999999996,2320959820922837760,0.21668635,-0.010092735,1.5741915903413435,-29.311243682829165,4.281838229965256,0.017686516,242.09619,18.537487033268068,2.4526728008132936,1.019191,1748.143,11.876925,376.98315,223692.4023067045,579.9177,1.2017181,0,0,0,0,0.8382416,0.33508396,0.5031576,5.3915854,1.1017394,1,36.517765,6.9570384,9.701108,17.914369424667544,-79.82389458231651,348.78955672639165,-27.302299769090336,0,5681.2153,5675.0156,5686.498,0.008,0.0067,0.0036,5726.78693356637,0,False,0.010092735,False,5.035076745450185,False,False,False,False,True,True
6461,2321136155100043520,00:08:38.450,-29:19:43.292,14.56,15.13,16.07,14.17,12.09,3.04,M0,--,52.8,52.37,4.1442,0.00536,0.00534,4.14154,4.13740,GP,4.1442,2321136155100043520,1.9000000000000004,2321136155100043520,0.023098353,-0.009884834,2.160179507636245,-29.32881759616404,4.217333216689171,0.03978397,106.005844,18.47585120638556,2.722814429979946,1.1189685,791.758,15.12158,150.1933,17208.612257005094,258.13876,1.3267784,0,0,1,0,1.9041004,0.9410515,0.96304893,0.116329074,6.9072127,2,3.6321664,,,17.29340431825072,-80.32379339952827,349.29533254350235,-27.54685435104761,0,,,,,,,3875.2599103681096,0,False,0.009884834,False,8.246769706462299,False,False,False,False,True,True
6650,2320994592977961216,00:03:06.484,-29:21:43.949,11.18,11.51,11.83,11.05,10.21,1.3,G0,--,14.38,12.37,3.36032,0.0233,0.02318,3.44631,3.39640,GP,3.36032,2320994592977961216,0.7799999999999994,2320994592977961216,0.1399008,-0.0055036545,0.7772500301620716,-29.36222268434237,4.218298761900826,0.015924092,264.90042,18.3344103739646,2.3954722945696783,0.9284845,1821.9658,11.50574,638.1118,305011.6870259142,954.4819,1.1939445,0,0,0,0,0.7772093,0.30857372,0.46863556,3.6065893,0.6922109,1,46.033813,14.947265,8.674319,18.25396443907736,-79.13005345348452,348.0654009293087,-27.037343251015024,0,5817.2607,5804.1406,5834.1694,0.0151,0.0127,0.0068,5943.248499183068,0,False,0.0055036545,False,4.631426843166402,False,False,False,False,True,True
6655,2332954427629986048,23:57:57.092,-29:21:40.138,12.18,12.61,13.12,11.96,10.5,2.11,K3,c,23.59,22.92,6.08095,0.06806,0.07333,6.22988,6.20610,GP,6.08095,2332954427629986048,1.1599999999999984,2332954427629986048,0.46985525,0.0023479462,359.4876480050627,-29.361125099504232,4.163781359004815,0.05957147,69.89556,18.55176503534403,2.949258384826384,4.68564,842.18164,12.609397,237.13359,131651.33863016212,334.58682,1.2348938,0,0,0,0,1.1501265,0.49006176,0.6600647,4.043604,2.4885638,1,19.513073,,,19.071174170283026,-78.01780914606182,346.9387954401856,-26.535550774955716,0,4778.386,4760.576,4793.3223,0.0981,0.0776,0.0417,4885.863444859397,0,False,0.0023479462,False,5.7068365172431665,True,True,False,True,True,False
6897,2332909347653323136,00:02:18.006,-29:24:05.199,13.26,13.74,14.37,13.01,11.43,2.31,K4,--,16.62,17.25,9.39168,0.05983,0.05744,9.44925,9.48150,GP,9.39168,2332909347653323136,1.3599999999999994,2332909347653323136,0.03969778,-0.006747246,0.575243832883654,-29.401473128824094,4.152834786316955,0.015600362,266.20117,18.012783910167936,2.605762161925663,0.9838797,2143.512,13.73345,467.1114,50234.218571671256,721.92444,1.2457165,0,0,0,0,1.3440094,0.6059561,0.7380533,5.732488,2.61137,2,10.236797,,,18.193611395932738,-78.95007379904752,347.86893449998473,-26.993876693519013,0,4633.26,4626.58,4639.4062,0.1379,0.1055,0.0553,4512.396896326391,0,False,0.006747246,False,6.825173204732261,False,False,False,False,True,True
7039,2332907487931865728,00:01:13.985,-29:25:18.092,11.88,12.22,12.61,11.68,10.65,1.58,G7,--,19.88,20.09,5.61339,0.039,0.04007,5.63995,5.59560,GP,5.61339,2332907487931865728,0.9299999999999997,2332907487931865728,0.20605144,-0.0052251816,0.3084142976671878,-29.42170544200764,4.257129497978449,0.0134450765,316.6311,18.604257150100825,2.4761958842215828,0.9819478,1415.4382,12.219722,519.6872,169011.28498315855,682.86127,1.2061316,0,0,0,0,0.91763973,0.37602425,0.5416155,5.4635963,2.0245264,1,24.67197,12.49666,15.984784,18.27394132294463,-78.71727502977264,347.62544790782164,-26.90826218069198,0,5506.017,5483.6074,5548.181,0.1116,0.0922,0.0492,5483.507965341511,0,False,0.0052251816,False,5.3653061002197155,False,False,False,False,True,True
7061,2320990980909779968,00:03:19.769,-29:25:28.603,12.21,12.61,13.05,12.03,10.9,1.72,G9,--,19.67,19.3,6.38669,0.02152,0.02022,6.38676,6.41000,GP,6.38669,2320990980909779968,1.0200000000000014,2320990980909779968,0.17478947,-0.009457588,0.8326004809668447,-29.42463694111762,4.18410208100983,0.012880601,324.8375,18.28228795278813,2.648655684290565,1.0120809,3251.962,12.601817,1024.6287,123152.45658649362,1364.2649,1.2129353,0,0,0,0,0.9951916,0.4151621,0.5800295,6.250259,0.9073269,1,23.378607,,,17.88595603277441,-79.1677560607131,348.0825463839173,-27.11472636424864,0,5260.5503,5245.658,5269.4355,0.0871,0.0709,0.0377,5228.206520661572,0,False,0.009457588,False,5.709828489160827,False,False,False,False,True,True
7182,2320981394542904192,00:04:54.544,-29:26:27.899,14.56,15.09,16.01,14.16,12.18,2.91,K9,--,25.22,17.89,10.77166,0.13253,0.14176,10.6268,10.66670,GP,10.77166,2320981394542904192,1.8500000000000014,2320981394542904192,0.062125694,-0.013076782,1.2275062219059645,-29.441142447938777,4.125995725144807,0.028348438,145.54579,18.19236220087976,2.677719961473223,0.93252337,1677.0625,15.080639,264.73322,17425.12483959442,555.1784,1.3098427,0,0,0,0,1.8468685,0.91118526,0.93568325,24.394667,11.706137,2,4.580601,,,17.487291421735527,-79.50409395531909,348.4201299483815,-27.283283104469437,0,4053.6323,4050.9917,4058.54,0.5042,0.3614,0.197,3923.4377622908996,0,False,0.013076782,False,8.158282753869141,False,False,True,True,True,False
7217,2320978512620414080,00:04:00.799,-29:26:46.156,11.99,12.38,12.8,11.82,10.71,1.67,G9,--,30.34,27.61,5.63879,0.0183,0.01672,5.62827,5.61870,GP,5.63879,2320978512620414080,0.9800000000000004,2320978512620414080,0.19321148,-0.006890297,1.0035761191477908,-29.446180595573175,4.137607572100607,0.017584633,235.29678,18.29651166415331,2.6769044499871377,1.2636381,1253.5747,12.372774,389.1302,149524.79954731688,573.9013,1.2091508,0,0,0,0,0.95884323,0.3971815,0.5616617,4.076031,1.2990091,1,28.01031,,,17.64060405051157,-79.31106804549208,348.22142684343476,-27.20055907210453,0,5408.1436,5402.4995,5414.3374,0.1242,0.102,0.0545,5338.645753756125,0,False,0.006890297,False,5.4565206140914455,True,False,False,False,True,True
7314,2320989954413282304,00:03:29.616,-29:27:38.186,14.83,15.36,16.39,14.36,12.26,3.1,M0.5,--,31.97,29.42,7.63727,0.04892,0.0679,7.70706,7.67040,GP,7.63727,2320989954413282304,2.030000000000001,2320989954413282304,0.033952482,-0.016971588,0.8736464348856348,-29.46066244142244,4.338395145816756,0.031563856,137.4482,19.11277578710257,2.8169252519826897,0.98647696,1009.53864,15.346046,190.13007,14460.28153679136,430.26675,1.338562,0,3,0,2,2.021843,1.0232506,0.9985924,,,,,,,17.66534300699788,-79.19710124934515,348.10038517541466,-27.16292924018109,0,,,,,,,3757.417054952766,0,False,0.016971588,False,8.532691975255348,False,False,False,False,True,True
7654,2320895774370830464,00:03:11.565,-29:30:15.160,15.53,16.12,17.48,14.96,12.54,3.58,M3,c,52.7,39.02,2.72253,0.00175,0.00154,2.72297,2.71980,GP,2.72253,2320895774370830464,2.5199999999999996,2320895774370830464,0.05325336,-0.017002106,0.7984484567731961,-29.50428481473135,4.224124763280422,0.048639826,86.84498,18.331083579344543,2.566462429452413,1.0412846,886.3628,16.105495,53.697968,8339.770672346758,336.30576,1.4380722,0,3,0,2,2.4942236,1.3337383,1.1604853,,,,,,,17.494889797067394,-79.12526414664,348.0126492452575,-27.17268519749869,0,3451.0403,3447.3025,3455.1235,0.6922,0.4548,0.2854,3432.0746481591486,0,False,0.017002106,False,9.234179137825024,False,True,False,True,True,False
7670,2320933157765826560,00:05:18.358,-29:30:05.447,10.87,11.21,11.6,10.7,9.66,1.55,G7,c,25.17,24.95,0.85993,0.00389,0.00342,0.8478,5.85980,GP,0.85993,2320933157765826560,0.9000000000000004,2320933157765826560,0.23224384,0.0054121017,1.3267510052875742,-29.501551292872286,4.1657459436707445,0.021527596,193.50726,18.40061122937913,2.8292522684691144,1.1342356,1174.4802,11.21567,338.567,420274.1287245994,459.0334,1.2027403,0,0,0,0,0.88974,0.36313438,0.5266056,5.0984936,2.3459356,1,56.237247,100.70499,21.42735,17.075882620466583,-79.57850759858326,348.4766605195637,-27.3759790685648,0,5439.6704,5385.2925,5511.703,0.043,0.0356,0.0192,5573.444665210215,0,False,0.0054121017,False,4.314133532476642,False,True,True,True,True,False
7757,2320932951607396992,00:05:20.308,-29:30:55.940,14.61,15.16,16.1,14.2,12.1,3.05,M0,--,26.78,23.86,5.83534,0.02838,0.0276,5.92758,5.91050,GP,5.83534,2320932951607396992,1.9000000000000021,2320932951607396992,0.105286136,-0.017705917,1.3348541002582817,-29.515603143470525,4.181181055545557,0.027391076,152.64757,18.766330142573544,3.0016866015625583,1.0200645,1476.5563,15.13888,263.5122,16909.189333780687,505.9177,1.3244029,0,0,0,1,1.9049158,0.9436245,0.9612913,15.161492,9.039965,2,4.1564236,,,16.992415575848366,-79.58290357059089,348.4766740840412,-27.391701178654568,0,4000.4333,3995.7803,4009.7383,0.4655,0.3309,0.1825,3875.259910368244,0,False,0.017705917,False,8.24537464594853,False,False,False,False,True,True
8007,2320973839695997824,00:04:05.699,-29:33:03.777,14.15,14.69,15.58,13.77,11.77,2.93,K9,c,22.43,29.45,10.418,0.09497,0.11207,10.74492,10.42240,GP,10.418,2320973839695997824,1.8100000000000005,2320973839695997824,0.010088772,-0.011702538,1.0240100842328546,-29.551100612025035,4.200281729342616,0.027501144,152.73117,18.949950020340797,1.804436487000642,1.3361094,1217.6079,14.680808,325.27164,24896.32288393041,515.2363,1.310994,0,0,0,0,1.7919731,0.8687229,0.9232502,6.1685567,4.0390234,2,5.2541876,,,17.066879892581788,-79.31046945691281,348.1865203256015,-27.302350662936696,0,4126.6147,4111.3784,4138.6343,0.4953,0.3574,0.1943,3963.068245239556,0,False,0.011702538,False,7.7972001733534615,True,True,False,True,True,False
8116,2320927007372603648,00:04:58.600,-29:33:47.594,11.1,11.41,11.73,10.95,10.09,1.31,G0,--,22.13,18.41,2.89051,0.01685,0.0163,2.8441,2.89270,GP,2.89051,2320927007372603648,0.7800000000000011,2320927007372603648,0.16425872,0.0017995834,1.2444248935024886,-29.56325704781739,4.253150898989634,0.021945737,193.80305,19.074423037856995,2.4141356511783454,1.1335871,1502.526,11.408843,518.69916,333894.6000594145,720.6663,1.1989311,0,0,0,0,0.77024174,0.30027103,0.4699707,5.5373244,0.70829904,1,48.304543,21.806385,16.484995,16.81348327453148,-79.49684919951115,348.37340670033433,-27.399068446968013,0,5810.6987,5807.06,5816.2197,0.0042,0.0035,0.0019,5943.248499183059,0,False,0.0017995834,False,4.5523969978125205,False,False,False,False,True,True
8299,2320927484113278976,00:04:39.506,-29:35:19.728,12.77,13.18,13.7,12.52,11.13,2.05,K3,--,26.3,27.29,7.45707,0.07862,0.07603,7.61707,7.54330,GP,7.45707,2320927484113278976,1.1799999999999997,2320927484113278976,0.048489723,-0.0060653687,1.1648596014699664,-29.58886130546533,4.188339487241511,0.014205342,294.84256,18.76530151832458,2.5250203573456673,1.0254786,1116.8679,13.171707,301.989,78482.22527397038,384.0087,1.2289059,0,0,0,0,1.1661196,0.5053797,0.6607399,7.105873,3.1456676,2,13.712944,,,16.74549354246672,-79.42412171409794,348.2908067783132,-27.390965277693347,0,5006.4307,4995.3423,5015.052,0.1794,0.1419,0.0749,4842.715610961066,0,False,0.0060653687,False,6.281916534901862,False,False,False,False,True,True
8749,2320916768170630912,00:05:59.016,-29:39:04.517,11.19,11.52,11.85,11.06,10.19,1.33,G1,--,27.39,25.26,3.07041,0.00818,0.00804,3.0729,3.07510,GP,3.07041,2320916768170630912,0.7899999999999991,2320916768170630912,0.23452856,0.0016460419,1.4961322347570758,-29.651304471874884,4.181159725689219,0.015067544,277.49445,19.032266969354225,2.663394723352688,0.8691518,1440.4117,11.521336,416.61496,301832.6252909939,574.94006,1.1961607,0,0,0,0,0.7820406,0.30918503,0.47285557,5.6645193,1.4324117,1,41.67177,23.559753,4.4928865,16.103676530479284,-79.69487657025974,348.54943236316365,-27.575873883516113,0,5753.8687,5752.337,5755.84,0.0007,0.0006,0.0003,5912.551598265498,0,False,0.0016460419,False,4.627819394187339,False,False,False,False,True,True
8811,2320881377640416640,00:02:51.079,-29:39:45.445,13.86,14.28,15.01,13.45,11.58,2.7,K6.5,--,74.71,81.08,1.18205,0.00073,0.00071,1.18279,1.18312,GP,1.18205,2320881377640416640,1.5600000000000005,2320881377640416640,0.04248769,0.0003042221,0.713058585415286,-29.662678420573517,4.2514688475921645,0.02026963,209.74576,19.32054387034098,2.12702074464341,1.0197096,455.77322,14.281043,120.809326,33145.8333980054,158.63342,1.2798848,0,0,0,0,1.5582361,0.7240162,0.83421993,31.349014,8.599104,2,8.627229,,,16.74032516707494,-79.02450795933616,347.8582802243548,-27.281133770289788,0,4121.213,4116.1934,4128.8125,0.007,0.0051,0.0028,4236.970065933918,0,False,0.0003042221,False,7.423738058447945,False,False,True,True,True,False
8947,2320875467765417984,00:02:47.165,-29:40:49.781,15.72,16.29,17.71,15.12,12.61,3.68,M3.5,c,57.34,35.08,0.33726,0.00055,0.00065,0.3385,4.55110,LS,0.3385,2320875467765417984,2.5900000000000016,2320875467765417984,0.09172275,-0.01651764,0.6967772777561572,-29.68057504170324,4.256827198825194,0.06257646,68.026024,18.95131142001197,2.7569147555717253,1.1675307,1103.8733,16.27542,109.84725,7273.070815454246,534.56976,1.4442062,0,2,0,0,2.6128025,1.4309845,1.181818,,,,,,,16.661393228566045,-79.00735487399866,347.8350333618189,-27.29080684378836,0,3408.3066,3404.3384,3413.1824,0.7262,0.4727,0.3011,3398.390062274644,0,False,0.01651764,False,9.420849339392271,False,True,False,True,True,False
8989,2332876705901848704,00:00:52.967,-29:41:08.530,14.26,15.61,16.91,14.46,12.04,3.58,M3,c,18.28,12.62,5.26814,0.00872,0.00911,5.25983,5.23120,GP,5.26814,2332876705901848704,2.4499999999999993,2332876705901848704,0.1442875,-0.018018723,0.22040458657541429,-29.686122919545795,3.9199423680514953,0.06717925,58.350494,18.806833549769248,2.44885379040971,1.6965829,895.0547,15.595233,170.55978,13253.022262108982,454.47192,1.4346285,0,2,0,1,2.4623985,1.3092737,1.1531248,-5.150329,6.7805376,2,4.715929,,,17.00987921717573,-78.59902434503353,347.416050069597,-27.110681595191384,0,3538.3474,3531.5862,3544.635,0.7802,0.5168,0.3197,3467.540111210168,1,True,0.018018723,False,8.561631373382145,True,True,False,True,True,False
8993,2320924464751966720,00:04:43.509,-29:41:04.547,13.02,13.45,14.03,12.75,11.26,2.19,K3.5,--,49.54,39.75,5.61325,0.0506,0.03917,5.71842,5.64187,GP,5.61325,2320924464751966720,1.2799999999999994,2320924464751966720,0.05177338,-0.0027275085,1.1815370183433032,-29.684653627872606,4.247685514470107,0.01526127,278.33105,18.870909139931946,2.9690560989725236,0.9780184,970.46405,13.451098,211.8487,63206.61486637622,357.26074,1.2409874,0,0,0,0,1.2597227,0.5546131,0.7051096,5.512565,2.572522,2,14.489642,,,16.218137908098694,-79.42027791461034,348.2570436976114,-27.483097637286086,0,4652.294,4631.2686,4666.9106,0.1363,0.1058,0.056,4647.1807783257855,0,False,0.0027275085,False,6.591860219278384,False,False,False,False,True,True
9063,2320924155514321536,00:04:38.583,-29:41:43.163,15.5,16.09,17.31,14.99,12.64,3.45,M2.5,--,63.76,54.74,0.72636,0.0001,8e-05,0.72625,0.72629,GP,0.72636,2320924155514321536,2.3199999999999985,2320924155514321536,0.1054547,-0.017419815,1.1609989441999227,-29.695387535339375,4.263364962725744,0.046828542,91.04202,18.320673080094792,2.796729958965676,1.0082537,1341.578,16.069511,136.9696,8167.461289929569,393.74167,1.3963307,0,0,0,0,2.3251972,1.2233639,1.1018333,,,,,,,16.179616782339867,-79.40069647210994,348.23364214813455,-27.484694316216594,0,,,,,,,3541.604781484959,0,False,0.017419815,False,9.218273972321835,False,False,False,False,True,True
9188,2320886222363524992,00:02:11.661,-29:41:39.217,11.39,11.73,12.07,11.24,10.33,1.4,G2,--,19.92,18.68,3.90646,0.02472,0.02295,3.88382,---,GP,3.90646,2320886222363524992,0.8300000000000001,2320886222363524992,0.19695197,-0.0061454773,0.5487799739691944,-29.694281398352945,4.261785536256554,0.017383395,245.16417,18.8978766747789,2.488696263972839,1.1362586,1346.6154,11.722657,402.31693,255097.2500548898,574.8915,1.1998738,0,22,0,22,0.81589127,0.32436466,0.4915266,5.151853,1.0076084,1,38.35204,11.339164,30.170504,16.712176292675302,-78.8784224818344,347.698777824972,-27.245531160245324,0,5750.12,5743.697,5758.3843,0.0229,0.0191,0.0103,5788.77395598725,0,False,0.0061454773,False,4.870615159373495,False,False,False,False,True,True
9443,2320874054720005248,00:03:06.827,-29:44:46.361,14.11,14.6,15.41,13.72,11.83,2.77,K7,--,36.09,36.67,5.86404,0.02035,0.02179,5.83817,5.85980,GP,5.86404,2320874054720005248,1.6899999999999995,2320874054720005248,0.037831552,-0.015764236,0.778691104580573,-29.74626717178234,4.243456455902075,0.023451217,180.94824,18.08755769183884,2.848374127705703,0.9846534,1692.9856,14.583324,418.30728,26072.551561315307,638.80023,1.2905097,0,25,0,0,1.6750193,0.7991314,0.8758879,-9.334608,6.9794054,2,7.335346,,,16.252606922819442,-79.06508181643987,347.87353311875677,-27.381400294898256,0,4178.3823,4174.521,4183.7324,0.3237,0.2369,0.1269,4088.1327312071708,0,False,0.015764236,False,7.721923182553379,False,False,True,True,True,False
9539,2320829975471863168,00:04:21.686,-29:45:29.810,13.03,13.5,14.09,12.8,11.35,2.16,K3,--,18.07,16.47,8.3348,0.05205,0.05229,8.32707,8.37630,GP,8.3348,2320829975471863168,1.2899999999999991,2320829975471863168,0.07793725,-0.013346672,1.090614534376695,-29.75833830041943,4.247773199777036,0.015277776,278.0361,19.15494787197062,2.7636415085842625,0.974738,2616.7576,13.489881,576.3332,60911.67130170232,1006.92334,1.2374717,0,0,0,1,1.2645998,0.5608635,0.7037363,1.9094957,2.3762293,2,13.317043,,,15.909930380052824,-79.32843764241109,348.14022986921634,-27.5135588293822,0,4686.523,4675.7065,4722.9146,0.0443,0.0343,0.018,4629.3582181365655,0,False,0.013346672,False,6.630687164442826,False,False,False,False,True,True
9681,2320862200611102848,00:01:46.446,-29:46:38.498,11.76,12.08,12.47,11.53,10.41,1.66,G9,c,28.14,33.26,2.34444,0.00701,0.00739,2.35688,2.34590,GP,2.34444,2320862200611102848,0.9400000000000013,2320862200611102848,0.26000807,-0.0014801025,0.44372056952986866,-29.777423353479293,4.275770248723719,0.014273414,299.56183,18.613720106653513,2.2077300320478557,0.9616418,833.2825,12.078456,233.18611,194609.26461393497,316.59656,1.2108539,0,1,0,1,0.93562126,0.3821516,0.55346966,4.712476,6.2986903,1,37.278446,47.408722,40.643814,16.37594601255059,-78.773593038938,347.56514793669,-27.27906470604059,0,5747.264,5721.7896,5767.657,0.3316,0.2755,0.1479,5453.991757399257,0,False,0.0014801025,False,5.233527730412142,False,True,True,True,True,False
9731,2320908178235983360,00:05:17.520,-29:46:57.099,12.78,13.22,13.75,12.55,11.14,2.08,K3,--,49.02,47.05,7.44654,0.06765,0.0659,7.64343,7.62760,GP,7.44654,2320908178235983360,1.1999999999999993,2320908178235983360,0.0705986,-0.009012222,1.3232460421113306,-29.782582867935975,4.264059680975015,0.013715957,310.88312,19.25458985717049,2.2837556304601505,1.0489103,895.85016,13.210235,243.51949,76351.04477127634,326.11893,1.2309037,0,1,0,1,1.1847696,0.51539326,0.6693764,6.661252,1.8562326,2,15.774769,,,15.558725467195282,-79.52133430053954,348.3315446016972,-27.62581834556711,0,4786.283,4774.602,4799.3257,0.0991,0.078,0.0413,4800.962651894803,0,False,0.009012222,False,6.359351014870844,False,False,False,False,True,True
9739,2320873749778503552,00:02:48.191,-29:46:34.564,13.15,13.47,14.03,12.77,11.32,2.15,K3,--,50.2,37.08,7.78248,0.07446,0.04813,7.73373,7.93800,GP,7.78248,2320873749778503552,1.2599999999999998,2320873749778503552,0.070050284,-0.009625435,0.7010370432150338,-29.776333936403493,4.174000087400653,0.015796468,264.2363,18.46534751176149,2.502188957003658,1.0043402,844.00775,13.456072,180.59406,62441.781737591395,311.71066,1.238659,0,0,0,0,1.2421169,0.5452528,0.6968641,5.644338,1.6971248,2,15.903893,,,16.16466342129141,-78.9931914760253,347.790492322528,-27.37808714707424,0,4698.481,4686.9653,4711.727,0.1011,0.0789,0.0416,4683.724683670187,0,False,0.009625435,False,6.558834122753989,False,False,False,False,True,True
9825,2320863922893254656,00:00:49.984,-29:47:50.469,15.77,16.33,17.63,15.21,12.82,3.5,M3,--,50.68,29.17,1.62803,0.00091,0.0009,1.62863,1.62976,GP,1.62803,2320863922893254656,2.419999999999998,2320863922893254656,0.062750764,-0.014108658,0.20846699185800158,-29.79743084505235,4.299604324965509,0.05488494,78.33851,19.087484623553237,2.208023345981304,0.9352061,1031.0144,16.313938,150.3989,6642.295579046077,327.27032,1.4042852,0,0,0,1,2.410119,1.2882805,1.1218386,,,,,,,16.465551204026127,-78.56920097420783,347.3497019624909,-27.205612979949088,0,3450.4512,3441.709,3485.3726,0.5346,0.3547,0.2186,3483.5624881440162,0,False,0.014108658,False,9.481080596219739,False,False,False,False,True,True
9986,2320872650266808192,00:02:14.667,-29:49:03.805,12.64,13.14,13.67,12.48,11.1,2.03,K2.5,--,35.93,30.75,4.44713,0.03196,0.03239,4.33175,4.44730,GP,4.44713,2320872650266808192,1.1899999999999995,2320872650266808192,0.079180464,-0.020946503,0.5613172874928656,-29.817790793857256,4.205801856969868,0.014166304,296.88773,18.56240586357712,2.6212153762921915,0.9446356,749.3024,13.118407,205.72185,82362.15983706954,294.71356,1.2304416,0,1,0,1,1.160017,0.50018597,0.65983105,5.2385297,2.3533623,2,18.591902,,,16.07282558222756,-78.86627148470016,347.6475131315334,-27.360847801754264,0,5016.1533,5009.785,5022.2925,0.2183,0.1741,0.0926,4821.666668914454,0,False,0.020946503,False,6.237651291568783,False,False,False,False,True,True
9992,2320734867715638144,00:09:08.023,-29:48:28.004,12.37,12.84,13.32,12.22,10.92,1.92,K2,r,27.59,29.48,6.71008,0.03959,0.03784,6.68471,6.72580,GP,6.71008,2320734867715638144,1.0999999999999996,2320734867715638144,0.18494767,-0.012748718,2.283419022908189,-29.80781928038353,4.379162302109403,0.01677122,261.11172,19.027572797043064,2.743655781340064,1.0726904,1177.9156,12.827745,385.49515,104081.18087082017,488.33832,1.2216672,0,0,0,0,1.084281,0.46100044,0.6232805,4.14517,2.6743944,1,18.549568,,,14.372179581882829,-80.32874653976144,349.1603213713241,-28.022948035146477,0,5027.4893,5018.811,5034.3003,0.0965,0.0773,0.0409,5023.906583862639,0,False,0.012748718,False,6.034700644976045,False,False,False,False,False,False
10020,2326879660246374272,23:58:28.447,-29:49:08.145,11.39,11.77,12.12,11.28,10.36,1.42,G2,--,17.1,19.8,4.00494,0.01851,0.01796,3.95148,3.99220,GP,4.00494,2326879660246374272,0.8399999999999999,2326879660246374272,0.15983143,-0.005501747,359.6184174708657,-29.818976870812065,4.191278124586459,0.015955603,262.68378,18.755000611551413,2.54736355021075,1.083532,1444.2485,11.768649,443.2266,245675.55937783996,738.82825,1.1996889,0,0,0,0,0.82774544,0.3310871,0.49665833,4.18974,1.3976814,1,31.915754,12.452984,14.170821,16.8043075422535,-78.06137706495663,346.82436758755495,-26.99611676946441,0,5696.2275,5692.27,5701.975,0.0022,0.0018,0.001,5757.761549291387,0,False,0.005501747,False,4.880381504645673,False,False,False,False,True,True
10029,2320869897192498432,00:03:20.576,-29:49:22.480,10.84,11.13,11.43,10.71,9.96,1.17,F8,--,11.63,10.99,2.52226,0.01479,0.0143,2.52023,2.52840,GP,2.52226,2320869897192498432,0.7199999999999989,2320869901488170624,0.061181277,0.012322426,0.8359897363983704,-29.82297498426359,4.258192614422193,0.022700496,187.58148,19.114736099040872,2.7282784846003576,1.1871357,1730.798,11.143231,567.9719,413467.58061578206,889.9412,1.1930586,0,0,0,0,0.7096853,0.2732458,0.4364395,5.669688,0.6138169,1,54.494843,12.274236,15.836358,15.804501876006904,-79.09905002935461,347.88489412667866,-27.472259608206276,0,6022.735,6010.1772,6048.407,0.0104,0.0088,0.0048,6122.09778690362,0,False,0.012322426,False,4.289357903684966,False,False,False,False,True,True
10182,2320860074602561408,00:01:22.805,-29:50:36.332,12.15,12.61,13.08,12.0,10.64,1.97,K2.5,c,152.92,137.48,0.40712,7e-05,6e-05,0.40734,0.40733,GP,0.40712,2320860074602561408,1.08,2320860074602561408,0.19232154,-0.0015449524,0.34518660145884533,-29.843495257530776,4.314744520360676,0.015972685,270.13272,18.7516254566777,2.6904548500899743,1.0866282,292.91638,12.612134,86.27042,126590.73484483077,117.76768,1.2232616,0,2,0,0,1.0728483,0.45260525,0.6202431,-2.1776795,8.448612,1,26.611895,,,16.125235539135776,-78.67729980192836,347.4458432043466,-27.299882725261593,0,5449.2017,5437.5386,5460.746,0.4866,0.3959,0.2128,5072.826661645966,0,False,0.0015449524,False,5.786909409158541,False,True,True,True,True,False
10246,2320872272309687808,00:02:18.527,-29:51:08.162,12.35,12.73,13.2,12.12,10.84,1.89,K2,--,35.82,32.95,6.73474,0.08649,0.08839,6.934,6.86100,GP,6.73474,2320872272309687808,1.08,2320872272309687808,0.19265966,-0.0011720657,0.5774073452544992,-29.85233873829022,4.3028553861751515,0.015906652,270.50665,19.17831597656529,2.153873413956327,1.0840119,865.6454,12.7269,274.52637,113102.50950070533,353.32877,1.2202133,0,0,0,0,1.060482,0.44779682,0.6126852,7.577393,2.3831258,1,22.985142,,,15.883301436791223,-78.87333329842971,347.6441388524287,-27.39798800202866,0,5194.8423,5186.442,5201.8,0.2036,0.1642,0.0871,5072.826661645966,0,False,0.0011720657,False,5.895683851755775,False,False,False,False,True,True
10294,2320906872565926528,00:05:26.825,-29:51:20.358,12.05,12.43,12.86,11.86,10.75,1.68,G9,--,7.64,6.29,6.93842,0.15901,0.15179,6.37794,7.11110,GP,6.93842,2320906872565926528,1.0,2320906872565926528,0.1953057,-0.006916046,1.3620179388023141,-29.85569604974882,4.323894943748234,0.018454703,234.29773,18.91051984495609,2.0822073863922808,1.4288884,2259.78,12.42422,712.71545,143916.78987772745,1131.92,1.2126609,0,0,0,0,0.9752445,0.4036417,0.5716028,10.357252,1.9422847,1,26.205265,5.3765516,17.063543,15.126546079499803,-79.53892335138957,348.3284158637132,-27.706250959528496,2,5177.56,5175.8833,5179.6753,0.0008,0.0006,0.0003,5282.774158299196,0,False,0.006916046,False,5.60359575264118,True,False,False,True,True,False
10348,2320903883268688896,00:05:34.766,-29:51:46.914,15.96,16.49,17.85,15.35,12.96,3.53,M3,--,47.52,22.15,1.77876,0.00465,0.00419,1.78043,1.78155,GP,1.77876,2320903883268688896,2.5000000000000018,2320903883268688896,0.08116113,-0.017044067,1.3950680806703872,-29.86305700874342,4.294148213392339,0.057451252,74.74421,18.842467546313692,2.607019583286209,1.039407,1372.0026,16.475374,81.01997,5855.714922293438,449.9082,1.4167199,0,1,0,2,2.5091085,1.3626804,1.1464281,,,,,,,15.053089183448355,-79.56534861505382,348.3536079064541,-27.725702806565607,0,3468.7922,3450.921,3473.3313,0.6702,0.4409,0.2755,3441.9737503093347,0,False,0.017044067,False,9.63975937240489,False,False,False,False,True,True
10446,2320871447675969664,00:02:25.864,-29:52:39.042,15.13,15.64,16.73,14.6,12.39,3.26,M1,--,30.21,20.48,2.18994,0.00382,0.00419,2.195,2.18800,GP,2.18994,2320871447675969664,2.130000000000001,2320871447675969664,0.07682364,-0.015821457,0.6079867862821534,-29.87754882408371,4.262930267298515,0.042793807,99.61559,18.887234104844058,3.2239753894641776,1.0625702,1020.2334,15.627914,165.24924,11608.238858016462,391.26688,1.365401,0,0,0,1,2.1291447,1.0872097,1.041935,,,,,,,15.728212257093151,-78.89442166078885,347.65812042482884,-27.43240805140745,0,3771.0664,3767.044,3774.7158,0.5559,0.3832,0.2216,3675.0226672453355,0,False,0.015821457,False,8.776455571450285,False,False,False,False,True,True
10520,2320707964040441856,00:07:45.142,-29:52:50.734,15.5,16.07,17.3,14.98,12.74,3.33,M2,--,32.2,14.2,3.6644,0.0077,0.00776,3.66738,3.69010,GP,3.6644,2320707964040441856,2.3200000000000003,2320707964040441856,0.09533924,-0.015245438,1.9381260877004445,-29.880765443109134,4.193590884280207,0.04308671,97.3291,18.450561213594444,2.9998813621621423,0.9962159,1686.9403,16.05485,131.95454,8228.347573737465,617.1312,1.3915764,0,1,0,1,2.308115,1.2128792,1.0952358,,,,,,,14.363850640446149,-80.02049404251733,348.8202750083709,-27.953263937718607,0,3354.5115,3348.4875,3362.7256,0.2633,0.1759,0.1057,3541.6047814849735,0,False,0.015245438,False,9.167779922464343,False,False,False,False,True,True
10537,2320903848908950656,00:05:30.898,-29:53:08.093,10.84,11.13,11.42,10.72,9.99,1.14,F7,--,6.54,4.79,3.24059,0.04192,0.04557,3.27455,3.26630,GP,3.24059,2320903848908950656,0.6999999999999993,2320903848908950656,0.11792687,2.2888184e-05,1.379000441068761,-29.885590369639697,4.200626858463966,0.01862685,225.51462,18.377075692265304,2.3856200473348834,1.0112265,3049.5627,11.131253,1446.7355,414090.5088552014,2221.6487,1.1900626,0,34,0,34,0.69363785,0.2675419,0.42609596,,,,,,,14.948259880336407,-79.54688870439142,348.3281078349346,-27.739574572799935,0,6144.027,6133.4316,6155.7354,0.0108,0.0092,0.005,6178.489330622496,0,False,2.2888184e-05,False,4.247823766931685,False,False,False,False,True,True
10659,2326864473241905152,23:59:30.614,-29:54:03.541,14.6,15.19,16.17,14.22,12.09,3.1,M0.5,--,48.34,41.66,2.69305,0.00192,0.00172,2.69304,2.69830,GP,2.69305,2326864473241905152,1.950000000000001,2326864473241905152,0.07685068,-0.022031784,359.8776092619114,-29.90100774587368,4.29533793941069,0.030010048,143.12999,19.48056563055324,2.255515133420047,1.0821003,1098.8175,15.169079,245.66035,16702.91498474131,471.48566,1.3330866,0,1,0,1,1.9481554,0.9699917,0.9781637,33.35833,6.074828,2,3.241917,,,16.21758871516739,-78.26820326605113,347.0090755710944,-27.16993015963728,0,3928.3584,3911.693,3945.2722,0.4848,0.3423,0.1907,3828.620992842956,1,True,0.022031784,False,8.334065516923012,False,False,False,True,True,False
10702,2320812486365053696,00:05:14.362,-29:54:23.679,11.73,12.14,12.61,11.54,10.28,1.87,K1.5,cr,15.48,14.81,6.26562,0.06002,0.06111,6.18699,6.26300,GP,6.26562,2320812486365053696,1.0700000000000003,2320812486365053696,0.18825589,-0.009084702,1.3100933387181488,-29.906591367369572,4.227847219025516,0.019718237,214.41304,18.75906837740712,2.546082305412739,1.3763573,2182.1157,12.135443,642.2078,194543.6714197916,977.9925,1.2198709,0,0,0,0,1.0546703,0.44458008,0.61009026,8.640769,5.8070874,1,36.89767,25.584435,17.228996,14.906591508615541,-79.48402265202147,348.2571508830731,-27.731497139852493,0,4977.852,4975.7266,4981.6685,0.0023,0.0018,0.001,5097.831306649666,0,False,0.009084702,False,5.266039158241238,True,True,True,True,False,False
10725,2320867633745079168,00:02:51.494,-29:54:49.251,15.44,15.99,17.21,14.92,12.62,3.37,M2,--,40.68,29.17,3.79459,0.00574,0.00672,3.80153,3.81380,GP,3.79459,2320867633745079168,2.290000000000001,2320867633745079168,0.12498098,-0.01681614,0.7147891791824798,-29.91372035983171,4.1947170199542505,0.05190272,80.81883,18.300814606723584,2.203869933618999,1.0374048,994.22375,15.978083,111.6133,8712.551679218055,327.55692,1.3811096,0,0,0,0,2.2706118,1.1900616,1.0805502,,,,,,,15.447292767902242,-78.9779397663238,347.7331270813975,-27.50624898125236,0,3659.307,3655.171,3663.3208,0.5527,0.3745,0.2235,3560.5849295244043,0,False,0.01681614,False,9.091595997799995,False,False,False,False,True,True
10781,2320821797854098816,00:03:24.643,-29:55:14.590,13.27,13.76,14.38,13.02,11.48,2.28,K3.5,--,41.12,38.42,8.52955,0.08122,0.07984,8.74569,8.61410,GP,8.52955,2320821797854098816,1.3600000000000012,2320821797854098816,0.07467612,-0.014767647,0.8529076553435491,-29.920748391191594,4.139993761855346,0.018290315,226.34897,18.582529245868137,2.4455125629076955,1.0485435,1169.0388,13.741475,311.66644,50083.426937368065,535.4855,1.2477916,0,0,0,0,1.3529005,0.6100855,0.742815,-3.466111,2.9338853,2,11.477182,,,15.282592499753202,-79.09369610543986,347.85023583261363,-27.5662282074459,0,4447.914,4440.707,4459.6675,0.0133,0.0101,0.0053,4512.396896326365,0,False,0.014767647,False,6.8264735389169005,False,False,False,False,True,True
10890,2320847533296914560,00:02:19.698,-29:56:07.271,13.29,14.05,14.54,12.92,11.05,3.0,M0,c,33.57,29.87,6.18315,0.12652,0.07528,6.36913,6.35040,GP,6.18315,2320847533296914560,1.6199999999999992,2320847533296914560,2.6059585,0.112965584,0.5822526451752585,-29.935331684376173,4.258212836468743,0.0349421,121.864815,19.088308031933433,2.3744284668147246,1.4961947,716.4179,14.161049,175.50595,54470.56534915015,225.69214,1.8516092,0,32,0,32,1.6228199,0.36926174,1.2535582,-6.7924466,6.6851573,2,3.584501,,,15.457630227972432,-78.861074142815,347.6064619230508,-27.474062251006842,0,,,,,,,4166.176189481596,1,True,0.112965584,True,7.307185713180184,True,True,True,True,True,False
10931,2320821694774884096,00:03:24.151,-29:56:22.811,13.94,14.46,15.25,13.6,11.73,2.73,K6.5,--,28.85,25.86,7.0796,0.027,0.02558,7.0988,7.11110,GP,7.0796,2320821694774884096,1.6500000000000004,2320821694774884096,0.06855172,-0.014165878,0.8508742250526347,-29.939701434363137,4.301691632386556,0.025354512,169.66177,18.90740103090651,2.4966783599774764,1.0933291,1571.9104,14.443456,362.31665,29331.544389441307,421.53107,1.2853752,0,0,0,1,1.6468229,0.7829256,0.8638973,7.296211,4.2140307,2,7.60772,,,15.186540786205615,-79.08804942704354,347.838865130776,-27.582375489102798,0,4314.53,4297.7407,4333.1206,0.4445,0.3275,0.1743,4132.192332804332,0,False,0.014165878,False,7.61165206951412,False,False,False,False,True,True
11045,2320902234001248256,00:05:35.486,-29:57:06.272,11.79,12.41,12.84,11.75,10.26,2.15,K3,cr,26.61,22.07,5.986,0.07934,0.07464,5.79797,6.01470,GP,5.986,2320902234001248256,1.0899999999999999,2320902234001248256,0.19216824,0.0011434555,1.3981889893658102,-29.951815468067206,4.552867529321696,0.07551149,60.2937,17.79906113240941,2.9852185053717886,5.9392815,1162.8579,12.409788,103.3274,160961.4827200456,143.10129,1.2922004,0,17,0,14,1.0701065,0.39140892,0.6786976,0.26311487,4.2657733,1,26.099533,,,14.571994337245691,-79.54857953176243,348.31126019678936,-27.80620904468756,0,5368.821,5357.6323,5378.981,0.3408,0.277,0.1485,5048.184716049659,1,True,0.0011434555,False,5.701213202800654,True,True,True,True,False,False
11156,2320822863006024832,00:04:12.505,-29:58:02.039,13.48,14.21,15.14,13.27,11.22,2.99,M0,c,19.86,19.51,0.25946,1e-05,1e-05,0.25944,0.25946,GP,0.25946,2320822863006024832,1.870000000000001,2320822863006024832,0.083378494,-0.013176918,1.052497604720252,-29.96735782030273,4.143695421761805,0.034902874,118.72075,18.6874022742763,2.524256447764472,1.7623835,1099.5803,14.198395,309.84103,39791.49088052598,421.49512,1.3203307,0,0,0,0,1.870614,0.92063904,0.949975,-0.07971379,6.098278,2,12.082223,,,14.846050741147318,-79.25294336517295,348.00104922619806,-27.685513446057485,0,,,,,,,3903.9850679881583,1,True,0.013176918,False,7.285333903008134,True,True,True,True,True,False
11209,2320817159289455104,00:04:03.987,-29:58:26.320,12.52,12.87,13.36,12.25,10.92,1.94,K2,--,26.72,30.56,6.32708,0.03012,0.0252,6.68009,6.59580,GP,6.32708,2320817159289455104,1.1099999999999994,2320817159289455104,0.12152646,0.011227608,1.0168593931599819,-29.974012651965204,4.257992833267177,0.020100443,211.83577,18.91964793254504,2.454929389932377,1.114258,460.1766,12.879285,122.51091,99152.08817446882,169.68115,1.2159691,0,0,0,0,1.0944586,0.47231483,0.62214375,8.75179,2.7828596,1,21.632753,,,14.84679624439203,-79.22136185819757,347.9665249571341,-27.677593914821205,0,5137.9165,5124.061,5161.2964,0.2709,0.2175,0.1158,4999.992735918444,0,False,0.011227608,False,6.025309489359405,False,False,False,False,True,True
11417,2320704768584775552,00:07:37.659,-29:59:46.676,14.23,14.75,15.62,13.82,11.76,2.99,M0,c,26.36,24.21,0.34284,9e-05,9e-05,0.34297,0.34289,GP,0.34284,2320704768584775552,1.799999999999999,2320704768584775552,0.10747356,-0.012476921,1.9070026079343736,-29.996295121951924,4.166503567761269,0.026048483,159.95187,18.665095000291874,2.435517727464713,1.2047025,824.23315,14.733223,150.21748,23781.62884095634,339.25085,1.3161451,0,1,0,0,1.7856426,0.85971165,0.925931,7.613547,8.03966,2,7.3208413,,,13.75427740582712,-79.9670489548709,348.7340881380108,-28.04427711863057,0,4615.205,4578.492,4651.188,1.526,1.14,0.6228,3973.1284771107876,0,False,0.012476921,False,7.832081751658565,True,True,True,True,True,False
11679,2320713049281688704,00:06:04.272,-30:02:11.786,14.78,15.32,16.3,14.34,12.21,3.11,M0.5,--,32.88,32.03,3.00403,0.00382,0.00352,3.00571,3.00730,GP,3.00403,2320713049281688704,1.9600000000000009,2320713049281688704,0.045491327,-0.014699936,1.5179992100868698,-30.036614664300693,4.250452211483194,0.032832913,129.45705,19.074885326659924,3.062517736133214,1.0703034,1490.7609,15.308353,217.92387,14755.802541370907,662.74084,1.3353112,0,1,0,0,1.9611998,0.9783344,0.98286533,-19.76024,12.609871,2,4.625492,,,13.984084238159761,-79.63026334378115,348.37294461084565,-27.928619811493547,0,4000.8967,3999.2827,4004.0918,0.5844,0.4126,0.229,3819.4842792879317,0,False,0.014699936,False,8.45052911256403,False,False,True,True,True,False
11843,2320807641641939712,00:05:10.917,-30:03:41.092,15.88,16.44,17.8,15.3,12.88,3.55,M3,--,65.77,48.52,2.05906,0.0018,0.00183,2.05841,2.03170,GP,2.05906,2320807641641939712,2.5,2320807641641939712,0.13717946,-0.015907288,1.295719006814956,-30.061432481141466,4.3656595267510445,0.067267805,64.89968,18.133793289908986,2.8635327536883866,1.0061188,977.81305,16.42279,97.34943,6114.985297526053,325.59998,1.413332,0,0,0,0,2.4890833,1.3481998,1.1408834,,,,,,,14.096560331345996,-79.4373430970687,348.16588813656625,-27.8642123104179,0,3469.7065,3459.208,3477.7788,0.6355,0.4194,0.2607,3441.973750309233,0,False,0.015907288,False,9.623039839936503,False,False,False,False,True,True
11872,2320816231576490496,00:03:50.138,-30:03:55.513,10.64,10.94,11.21,10.54,9.84,1.09,F6,r,7.33,6.39,4.61618,0.06893,0.05559,0.98969,4.55110,GP,4.61618,2320816231576490496,0.6700000000000017,2320816231576490496,0.11261293,-0.00065612793,0.9591426634014592,-30.065462561244864,4.179303267973013,0.0177567,235.36485,18.351444964030993,2.1132398470921983,0.9810456,2847.3489,10.935952,961.7834,489209.9994850457,1781.2457,1.1877012,0,35,0,35,0.66829586,0.2565012,0.41179466,,,,,,,14.429171716768058,-79.15264380397214,347.86969187599414,-27.736846958529856,0,6162.207,6152.951,6183.064,0.0075,0.0064,0.0034,6258.476921852332,0,False,0.00065612793,False,4.041471619268947,False,False,False,False,False,False
11963,2320838943363481984,00:01:39.828,-30:04:38.261,13.9,14.3,15.04,13.47,11.62,2.68,K6,--,67.4,64.84,2.16578,0.00231,0.00253,2.17087,2.15350,GP,2.16578,2320838943363481984,1.5699999999999985,2320838943363481984,0.06023776,0.0013685226,0.41614766053397156,-30.077343904049417,4.239308411754857,0.021719374,195.18558,19.147193791906197,2.274323825476054,1.027069,585.4066,14.302676,148.79265,32607.85479173415,250.12543,1.2794139,0,0,0,0,1.5729742,0.7348881,0.8380861,4.2728553,4.0759745,2,6.881846,,,14.894954304283589,-78.69118040563137,347.3897095487937,-27.536487794637242,0,,,,,,,4224.882463341895,0,False,0.0013685226,False,7.439151265131507,False,False,False,False,True,True
11974,2320842551136015872,00:02:28.165,-30:04:43.240,12.26,12.71,13.28,12.01,10.51,2.2,K3.5,c,51.79,47.56,5.45766,0.0153,0.01413,5.45976,5.46130,GP,5.45766,2320842551136015872,1.2699999999999996,2320842551136015872,0.2711939,-0.0108270645,0.6175587705127055,-30.078728913314027,4.382890757332675,0.031247359,140.26436,18.247519954054447,2.1908874474278006,1.8747485,1344.8069,12.695487,496.41113,126152.17760358151,555.8847,1.2381052,0,17,0,19,1.2518797,0.55205154,0.69982815,3.9465463,1.6091226,1,25.5662,,,14.698670632084474,-78.86123720175097,347.56472707960387,-27.61593621155453,0,4629.728,4621.0337,4636.962,0.082,0.0638,0.0338,4665.30090454911,0,False,0.0108270645,False,5.904290252832757,True,True,False,True,True,False
11982,2320795031617857152,00:02:56.359,-30:04:44.629,11.69,12.15,12.64,11.51,10.16,1.99,K2.5,cr,23.65,22.3,3.22208,0.01004,0.00964,3.24303,3.23540,GP,3.22208,2320795031617857152,1.1300000000000008,2320795031617857152,0.21335448,-0.010761261,0.735053294044156,-30.07912001106485,4.26659497603597,0.012531839,340.4604,19.144142952926163,2.5395269345724216,0.83022404,1037.9427,12.13738,282.79037,199384.63893423215,399.60294,1.2282823,0,0,0,0,1.1091042,0.47039032,0.63871384,15.387834,6.1092362,1,33.722275,29.776226,23.733198,14.58281552075441,-78.96043833069427,347.6670792493702,-27.661934809655598,0,4957.584,4921.0913,5009.103,0.1419,0.1137,0.0612,4953.256764200015,0,False,0.010761261,False,5.287786734488913,False,True,True,True,False,False
11998,2320803724631758336,00:04:27.358,-30:04:57.526,15.6,16.18,17.67,14.97,12.53,3.64,M3.5,c,37.93,19.09,0.28325,0.00012,0.00012,0.28323,7.54330,GP,0.28325,2320803724631758336,2.700000000000001,2320803724631758336,0.17701258,-0.019195557,1.114230554130073,-30.082685976129504,4.205384117413126,0.050607506,83.09803,19.265036778460683,2.3525948064753432,1.0811926,1064.568,16.15653,131.71646,8246.162699961602,438.89304,1.4505329,0,0,0,1,2.7110443,1.5117798,1.1992645,,,,,,,14.178703635306958,-79.2795797784107,347.9964398620055,-27.812559568457104,0,3393.5886,3389.6582,3398.3276,0.8306,0.5351,0.3473,3345.9095116029494,0,False,0.019195557,False,9.27555873104242,False,True,False,True,True,False
12025,2320701019077983744,00:07:31.410,-30:04:49.436,15.0,15.6,16.7,14.55,12.35,3.25,M1,--,33.38,23.85,3.01714,0.00708,0.00775,3.02864,3.00730,GP,3.01714,2320701019077983744,2.1499999999999986,2320701019077983744,0.0415213,-0.02652359,1.880944759613564,-30.08036874690118,4.190038733486235,0.03643252,115.0082,19.115881947190754,2.7794019534475187,1.0994213,759.72766,15.568479,119.43326,12272.64376299857,272.36975,1.3638219,0,1,0,0,2.1407232,1.0977945,1.0429287,,,,,,,13.318832698739422,-79.92464220100376,348.66832878998474,-28.109168121800785,0,,,,,,,3659.508684617489,0,False,0.02652359,False,8.67956877270287,False,False,False,False,True,True
12097,2326866942847101824,23:57:52.345,-30:05:17.726,11.4,11.98,12.36,11.45,10.4,1.58,G7,c,39.14,35.13,2.76998,0.01776,0.01701,2.71546,2.76380,GP,2.76998,2326866942847101824,0.9100000000000001,2326866942847101824,0.13949981,-0.027274132,359.46788244929047,-30.088318698022896,4.18560505451932,0.014617989,286.3325,18.95254107113785,2.2499990018139195,0.9361085,332.9616,11.951763,89.67467,215564.49470910762,120.8844,1.2136829,0,0,0,0,0.89291954,0.3551092,0.5378103,4.4427347,1.7453362,1,26.953663,51.266895,33.377907,15.644741697310737,-77.88479514771471,346.55814525874024,-27.178811991948322,0,5729.1855,5699.7217,5756.0264,0.1117,0.0935,0.0501,5543.251909508112,1,True,0.027274132,False,5.060554386879613,False,True,False,True,True,False
12168,2320841520343862400,00:01:53.402,-30:06:12.657,14.48,15.09,16.04,14.13,12.05,3.04,M0,--,16.15,9.86,1.97249,0.00227,0.00227,1.9721,1.96840,GP,1.97249,2320841520343862400,1.9099999999999984,2320841520343862400,0.029191047,-0.03302002,0.4727137400413278,-30.10355525559483,4.235249694918841,0.028318008,149.56029,18.639114134084537,2.411946429565318,0.97651285,600.994,15.060577,153.72997,18153.83934849345,207.83739,1.3253617,0,0,0,0,1.8963461,0.93624306,0.96010303,11.542114,8.039909,2,4.844333,,,14.711360587054255,-78.7335015375202,347.4257823160853,-27.58187221228472,0,3655.181,3652.2063,3658.176,0.002,0.0014,0.0008,3865.807088093752,0,False,0.03302002,False,8.194972491801602,False,False,False,False,True,True
12169,2320709647667590784,00:06:16.324,-30:05:56.994,11.24,11.58,11.91,11.11,10.25,1.33,G1,--,18.14,19.2,5.05339,0.02376,0.02186,5.0393,5.05680,GP,5.05339,2320709647667590784,0.8000000000000007,2320709647667590784,0.13235894,-0.0037212372,1.568233507611406,-30.09918237938219,4.281611806056741,0.018744022,228.42546,18.874241391197007,2.881328452886077,0.99297035,1725.6354,11.577116,552.1829,288785.995549416,737.9407,1.1977352,0,1,0,0,0.79607296,0.31541252,0.48066044,6.8465824,0.8392989,1,46.65485,6.211887,15.921432,13.58861892332602,-79.65766587975529,348.3850037948617,-28.00406050159709,0,5742.297,5739.026,5748.3906,0.0025,0.0021,0.0011,5881.717780530695,0,False,0.0037212372,False,4.735152458927818,False,False,False,False,True,True
12180,2320700095660360704,00:07:40.901,-30:05:57.277,15.07,15.65,16.76,14.6,12.37,3.27,M1.5,--,40.14,33.17,0.42566,5e-05,6e-05,0.42576,0.42560,GP,0.42566,2320700095660360704,2.160000000000002,2320700095660360704,0.035112195,-0.0192976,1.9204663418257117,-30.099212947661275,4.238389574430171,0.03528819,120.10788,18.83565126729215,2.835714652674869,0.92671365,1110.7894,15.628184,157.94241,11694.644369922466,482.6334,1.3687071,0,2,0,0,2.1586523,1.1083956,1.0502567,,,,,,,13.165596079796083,-79.95306405438961,348.6933077340181,-28.141404035110103,0,3702.754,3696.9307,3741.5984,0.497,0.3403,0.1979,3651.8781777318654,0,False,0.0192976,False,8.764188681937675,False,False,False,False,True,True
12231,2320615983021130752,00:05:54.696,-30:06:25.664,11.61,11.98,12.36,11.46,10.48,1.51,G5,--,21.04,20.48,4.80126,0.01838,0.019,4.79809,4.80750,GP,4.80126,2320615983021130752,0.8999999999999986,2320615983021130752,0.14719509,-0.0053281784,1.4781203246544483,-30.10714629425591,4.319938431387164,0.01835613,235.34038,18.7751733842403,2.749756687783681,1.0833423,1605.7521,11.977903,446.77173,207792.02454998554,658.3054,1.2048258,0,29,0,28,0.87955475,0.35547447,0.5240803,,,,,,,13.64940853639189,-79.58007046099297,348.3021144205773,-27.976065556003444,0,5645.142,5628.2686,5681.1343,0.1161,0.0965,0.0515,5573.444665210222,0,False,0.0053281784,False,5.155291152131765,False,False,False,False,True,True
12254,2320794413142569344,00:02:54.158,-30:06:55.822,15.58,16.15,17.48,15.0,12.65,3.5,M3,c,36.85,16.46,0.56292,0.00035,0.00031,0.56332,1.29201,GP,0.56292,2320794413142569344,2.4800000000000004,2320794413142569344,0.062308148,-0.016613007,0.7258951588504535,-30.11554051455488,4.206092362906619,0.048431743,86.84577,18.970687519458824,3.201006625970029,1.007338,1412.8271,16.128689,148.53477,8051.317533274546,504.5077,1.4192481,0,1,0,0,2.4893637,1.3439026,1.1454611,,,,,,,14.406362208531752,-78.94475485164939,347.6406143715055,-27.690916617290522,0,3504.6477,3485.3303,3513.1736,0.6944,0.459,0.285,3452.047142683441,0,False,0.016613007,False,9.24808283857733,False,True,False,True,True,False
12255,2320805580057632768,00:04:56.043,-30:06:52.872,15.25,15.83,16.99,14.76,12.48,3.35,M2,--,32.11,22.22,4.79825,0.01893,0.01777,4.81802,4.84160,GP,4.79825,2320805580057632768,2.2299999999999986,2320805580057632768,0.051062584,-0.025105476,1.233737241936861,-30.114715545641122,4.17035221038897,0.048947956,85.19972,18.659275821862472,2.794537630006994,1.1042708,1385.5225,15.803389,160.52942,10118.264420022128,376.0534,1.3751161,0,1,0,1,2.228159,1.1599007,1.0682583,,,,,,,13.882093415825945,-79.37284236071666,348.0845865501577,-27.887671436191678,0,3698.171,3693.5366,3707.3506,0.5346,0.3644,0.2155,3600.8820749455917,0,False,0.025105476,False,8.904252271611604,False,False,False,False,True,True
12456,2320793897745374208,00:02:21.615,-30:08:21.428,10.33,10.62,10.87,10.23,9.6,1.01,F5,--,5.82,5.8,0.95574,0.00623,0.00612,0.9482,10.58400,GP,0.95574,2320793897745374208,0.6399999999999988,2320793897746881920,0.18510774,0.0018148422,0.5902492234137435,-30.13932800779985,4.21188402436879,0.025516814,165.06308,18.403731448969353,2.5570544822924957,1.0097433,2357.468,10.616818,815.86237,644451.215016057,1229.8955,1.1863103,0,0,0,0,0.6300154,0.23811722,0.39189816,7.0277643,1.2763417,1,63.234325,52.950497,9.060599,14.419285318138135,-78.82507187616028,347.51018617865554,-27.659476746451205,0,6392.5913,6376.3667,6420.196,0.0093,0.008,0.0043,6331.337731822074,0,False,0.0018148422,False,3.7392004492130297,False,False,False,False,True,True
12489,2320617116892496256,00:05:28.987,-30:08:31.902,12.78,13.21,13.75,12.54,11.11,2.1,K3,--,19.24,17.22,7.33008,0.04208,0.03393,7.3483,7.62760,GP,7.33008,2320617116892496256,1.2100000000000009,2320617116892496256,0.23306778,-0.00924778,1.3710038758514125,-30.14222556583975,4.572655866474899,0.0486027,94.08234,17.75305231827439,1.675760840466901,3.246532,2199.1028,13.2014675,581.46893,77354.2842869127,669.416,1.233815,0,1,0,1,1.1925392,0.51775646,0.67478275,5.8383803,1.9632444,2,16.914629,,,13.583748149923597,-79.48172407640702,348.1905628657506,-27.965672881458442,0,4843.39,4828.724,4853.819,0.168,0.1324,0.0701,4780.599334124727,0,False,0.00924778,False,6.5023101042404505,True,False,False,False,True,True
12524,2320696762765711360,00:06:34.030,-30:08:46.041,15.64,16.2,17.48,15.09,12.75,3.45,M2.5,--,40.43,20.0,2.33692,0.00303,0.00299,2.33581,2.31410,GP,2.33692,2320696762765711360,2.3900000000000006,2320696762765711360,0.119806014,-0.013418198,1.6419128710191115,-30.146115621357204,4.166438394442049,0.061826207,67.38952,18.586116181457037,2.32017218468417,1.0749158,1263.3971,16.186966,110.326675,7464.959678726932,438.16446,1.4041692,0,0,0,0,2.4094372,1.2877979,1.1216393,,,,,,,13.247738149142286,-79.70803444935397,348.4255109669164,-28.07467132336683,0,3549.4019,3536.7043,3552.8972,0.6835,0.4562,0.2778,3500.1836849411484,0,False,0.013418198,False,9.285790765724872,False,False,False,False,True,True
12559,2320793691588062464,00:02:24.244,-30:09:08.687,14.77,15.33,16.33,14.32,12.23,3.1,M0.5,--,27.25,21.35,5.88189,0.01749,0.01671,5.8827,5.88510,GP,5.88189,2320793691588062464,2.009999999999998,2320793691588062464,0.059264187,-0.026931763,0.6012290844268573,-30.152475315783512,4.184169192038339,0.03610632,115.884674,18.531158530705266,2.2979351306467493,1.0738038,580.9555,15.300953,135.49825,15052.771209809785,245.18867,1.3395122,0,0,0,1,2.0111523,1.0140533,0.9970989,,,,,,,14.342341183928891,-78.83145594080493,347.5130979815084,-27.675487772216627,0,3870.3008,3824.976,3882.3005,0.4502,0.316,0.1779,3774.8030589729897,0,False,0.026931763,False,8.40899909861162,False,False,False,False,True,True
12602,2320697484320217728,00:06:57.743,-30:09:17.146,14.28,14.86,15.74,13.94,11.93,2.94,K9,--,59.25,68.39,0.94394,0.00032,0.00033,0.94362,0.94340,GP,0.94394,2320697484320217728,1.8000000000000007,2320697484320217728,0.038479738,-0.011058807,1.740732778849895,-30.154751388483458,4.216852058654309,0.03192388,132.09084,18.778214567827124,2.835818246775136,1.0049803,812.69135,14.853203,148.42679,21311.428746070284,261.2559,1.3144971,0,1,0,1,1.7947531,0.8679142,0.9268389,-42.646904,6.576231,2,6.157721,,,13.081337954048733,-79.78865305492208,348.50756802038734,-28.12089473122392,0,4072.8447,4064.8145,4081.5898,0.4207,0.3021,0.1655,3973.128477110735,0,False,0.011058807,False,7.978144643683073,False,False,False,False,True,True
12641,2320617529209321728,00:04:58.805,-30:09:41.439,11.0,11.32,11.63,10.88,10.08,1.24,F9,--,23.36,21.48,2.66293,0.00754,0.00708,2.64876,2.66670,GP,2.66293,2320617529209321728,0.75,2320617529209321728,0.23177092,-0.002231598,1.2452655214181023,-30.161552626742814,4.254472930788116,0.022809837,186.51921,18.76879219601516,3.1942197755468906,1.0687981,1664.2223,11.315099,505.46307,356790.1597300105,709.3184,1.1902896,0,0,0,0,0.7402086,0.2919731,0.4482355,5.7716775,0.67282975,1,46.987694,19.50187,12.437129,13.62254404104775,-79.37152377969521,348.07080885578006,-27.93398427204309,0,5908.9277,5906.2686,5913.6787,0.0015,0.0013,0.0007,6034.0960345366675,0,False,0.002231598,False,4.459327586461704,False,False,False,False,True,True
12648,2320802075364296960,00:03:44.359,-30:09:53.783,15.48,16.04,17.23,14.97,12.71,3.33,M2,--,36.1,17.14,1.31355,0.00101,0.0009,1.31375,1.31408,GP,1.31355,2320802075364296960,2.26,2320802075364296960,0.027879871,-0.013336182,0.9350705261657896,-30.164986419879906,4.243746774384608,0.0488329,86.903435,18.401730137563995,2.676183794833657,0.9772398,1435.9084,16.030916,110.531364,8288.114432524482,499.3816,1.3798437,0,0,0,1,2.2683706,1.1892109,1.0791597,,,,,,,13.93981947941968,-79.1099287927141,347.79810452944906,-27.816388355959983,0,3664.3064,3658.7043,3668.8555,0.6086,0.413,0.2451,3580.339839774533,0,False,0.013336182,False,9.169663521605516,False,False,False,False,True,True
12687,2326851240446766592,23:59:08.504,-30:09:56.930,15.57,16.18,17.44,15.07,12.79,3.39,M2,--,35.78,16.64,2.35236,0.00564,0.00433,2.352,2.44680,GP,2.35236,2326851240446766592,2.370000000000001,2326851240446766592,0.029722162,-0.020339966,359.7854888718119,-30.165846219981354,4.223733595468566,0.0453599,93.11603,18.63358504126056,2.436484965499315,0.97534496,995.95593,16.15803,97.3763,7541.0144478896245,336.55222,1.3967509,0,1,0,0,2.3344383,1.23073,1.1037083,,,,,,,15.020961610634716,-78.13913166350439,346.7954975978656,-27.371078813115666,0,3545.8767,3503.8896,3555.3577,0.5405,0.363,0.2194,3511.6266253963986,0,False,0.020339966,False,9.28651214643799,False,False,False,False,True,True
12744,2314847253531620864,23:59:18.352,-30:10:16.355,12.02,12.42,12.84,11.86,10.77,1.65,G9,--,22.98,23.24,5.77742,0.01496,0.01412,5.82206,5.80990,GP,5.77742,2314847253531620864,0.9800000000000004,2314847253531620864,0.19149396,-0.011642456,359.82645050357576,-30.171261624633186,4.201756655984412,0.0141346175,297.2671,18.418364083009667,2.0001806773004236,1.0850892,1506.1179,12.410702,384.79913,145001.82172386782,553.95935,1.2121835,0,0,0,0,0.963315,0.3970747,0.5662403,6.203038,1.4958456,1,23.661165,8.571359,12.850024,14.960251085846513,-78.17271984019058,346.828421826827,-27.391784344664032,0,5353.481,5334.64,5375.601,0.0892,0.0731,0.039,5338.645753756125,0,False,0.011642456,False,5.527856235248301,False,False,False,False,True,True
12805,2320790289973970432,00:03:10.784,-30:10:48.677,10.88,11.17,11.47,10.75,9.97,1.2,F9,--,20.29,15.82,2.17484,0.00735,0.00705,2.17087,2.16720,GP,2.17484,2320790289973970432,0.7200000000000006,2320790289973970432,0.2103792,0.007630348,0.7951638451491925,-30.18025695149374,4.184076134039261,0.018252315,229.23535,19.12738571362301,2.7868311887028985,1.0205234,1727.2583,11.178535,740.2437,401551.6847238758,850.5102,1.1916484,0,0,0,0,0.71994877,0.2799549,0.43999386,5.146425,1.1196687,1,54.84047,21.053972,8.503967,14.00683215039178,-78.98868363490264,347.6682143424314,-27.775647325235035,0,5970.2354,5967.1846,5975.7505,0.0024,0.002,0.0011,6122.0977869036105,0,False,0.007630348,False,4.286533353499488,False,False,False,False,True,True
12886,2320611584974584448,00:04:52.532,-30:11:28.080,15.03,15.55,16.63,14.52,12.28,3.28,M1.5,--,30.63,30.51,1.75715,0.00153,0.00165,1.75236,1.76002,GP,1.75715,2320611584974584448,2.1099999999999994,2320611584974584448,0.037959993,-0.015025139,1.2191130992356558,-30.191157560921447,4.2741007739331955,0.040112395,106.553116,18.493836642507176,2.8489257524622564,1.0867395,1060.2065,15.538792,162.24864,12535.532293169443,420.39258,1.3618768,0,0,0,0,2.1144848,1.0782318,1.036253,,,,,,,13.496021297839059,-79.34251417092524,348.0328710408756,-27.95024241102854,0,,,,,,,3690.868535215792,0,False,0.015025139,False,8.693015444800462,False,False,False,False,True,True
12962,2320834304798813568,00:01:56.899,-30:12:07.742,14.33,14.89,15.77,13.96,11.96,2.93,K9,--,20.59,15.93,9.71634,0.1132,0.08057,9.93802,10.00240,GP,9.71634,2320834304798813568,1.8099999999999987,2320834304798813568,0.0760474,-0.0065555573,0.4872816245622844,-30.20220445821376,4.2159453589932445,0.02881243,146.32384,18.589527424341533,2.3301388100844944,1.0945237,788.3294,14.878748,168.38635,20808.454600955018,264.42252,1.3093922,0,1,0,0,1.8103104,0.8838587,0.9264517,5.2798862,11.844959,2,4.0458293,,,14.20466287853506,-78.72441275843718,347.38849723328434,-27.67567589065003,0,4199.6934,4197.266,4201.6675,0.5772,0.4162,0.2253,3963.068245239605,0,False,0.0065555573,False,8.003222807772955,False,False,True,True,True,False
13005,2320833445805349760,00:01:28.660,-30:12:20.737,10.43,10.73,10.98,10.34,9.67,1.06,F6,--,5.57,4.54,1.42191,0.00462,0.00443,1.4165,1.41687,GP,1.42191,2320833445805349760,0.6400000000000006,2320833445805740672,0.08629942,0.00045585632,0.36957281740613457,-30.205825651583325,4.216792684107877,0.022943841,183.78757,18.250721542123124,2.2536213993340914,1.1605513,2868.9172,10.7295885,1566.7058,580900.5400083242,1818.8359,1.1862935,0,0,0,0,0.6301489,0.23820114,0.39194775,6.686479,0.83146775,1,59.036766,35.611465,9.050286,14.300520014922244,-78.6243754969405,347.28404429774145,-27.63322858475604,0,6308.8003,6306.8613,6311.582,0.0011,0.001,0.0005,6331.337731822066,0,False,0.00045585632,False,3.85449975726433,False,False,False,False,True,True
13071,2320833372790628480,00:01:33.183,-30:12:59.378,11.98,12.37,12.78,11.82,10.73,1.64,G8,--,34.81,33.48,5.39813,0.01856,0.0181,5.39229,5.39660,GP,5.39813,2320833372790628480,0.9599999999999991,2320833372790628480,0.13757221,-0.007045746,0.3884302046145337,-30.216558262655404,4.217923541921524,0.0124127045,339.80698,18.81437585590353,2.4494788533965357,0.9259314,1052.9858,12.366859,328.3017,150060.20746212517,417.66125,1.2102517,0,0,0,0,0.9515915,0.39196396,0.55962753,7.3336787,1.1103528,1,20.139816,,,14.229280904761735,-78.63792346388885,347.29504126737083,-27.650135643805676,0,5356.018,5339.8853,5367.689,0.0882,0.0723,0.0385,5395.748362999768,0,False,0.007045746,False,5.49235295124295,False,False,False,False,True,True
13299,2320692502158156672,00:07:05.646,-30:14:31.942,14.8,15.27,16.25,14.29,12.18,3.09,M0,--,69.37,69.05,4.15575,0.00338,0.0032,4.153,4.16260,GP,4.15575,2320692502158156672,1.9600000000000009,2320692502158156672,0.042175096,-0.008037567,1.7736297371799974,-30.24217119292378,4.2326178982919185,0.03227227,131.15338,18.825511399554166,2.3813630301514275,0.9783939,763.68616,15.26095,139.22098,15387.739411153309,290.8593,1.3355782,0,0,0,0,1.9517536,0.97076225,0.98099136,,,,,,,12.563494237986843,-79.7938603069251,348.4916314967757,-28.21174209031519,0,3919.0593,3914.8298,3923.283,0.5223,0.3678,0.2055,3819.4842792879317,0,False,0.008037567,False,8.393995408955732,False,False,False,False,True,True
13302,2320798639390461056,00:04:31.632,-30:14:41.433,11.2,11.56,11.88,11.1,10.23,1.33,G1,--,17.5,15.62,3.63033,0.02622,0.02493,3.52091,3.63120,GP,3.63033,2320798639390461056,0.7800000000000011,2320798639390461056,0.20413063,-0.0072231293,1.132032051315579,-30.244901768805498,4.245184642967768,0.02029959,209.12663,18.39805396317804,2.840108045172598,1.017407,1785.3279,11.5550165,543.67773,291149.78292893973,915.22076,1.1943556,0,0,0,0,0.7737179,0.3063059,0.467412,6.6352587,0.6950925,1,41.599567,7.92719,9.135356,13.312437629494063,-79.2565558464268,347.92940937705185,-27.964351580804532,0,5809.496,5807.2383,5812.7725,0.0014,0.0011,0.0006,5943.248499183059,0,False,0.0072231293,False,4.694499440100962,False,False,False,False,True,True
13403,2320788331468887040,00:03:00.521,-30:15:43.852,14.58,15.11,16.05,14.15,12.1,3.01,M0,--,33.12,32.74,1.15307,0.00073,0.00078,1.15374,1.15401,GP,1.15307,2320788331468887040,1.9000000000000004,2320788331468887040,0.06749212,-0.01597786,0.7524016238612757,-30.262236416366264,4.168088926971924,0.028457358,146.46788,18.09615211053381,2.198657874720883,1.0154676,1165.189,15.092905,220.61275,17582.22461185132,442.6543,1.3253608,0,1,0,0,1.8859568,0.9282627,0.95769405,,,,,,,13.634523898158962,-78.93387297654871,347.5892288492748,-27.83225676747173,0,4010.65,3982.9573,4044.7717,0.5205,0.3704,0.2043,3875.2599103681096,0,False,0.01597786,False,8.192589925285088,False,False,False,False,True,True
13417,2320777469496305024,00:03:33.660,-30:15:43.753,11.97,12.33,12.73,11.78,10.73,1.6,G8,--,22.3,25.41,5.60965,0.04317,0.04193,5.45599,5.66530,GP,5.60965,2320777469496305024,0.9500000000000011,2320777469496305024,0.12118896,-0.008255005,0.8904825820422955,-30.262224621081824,4.247615661731375,0.013958032,304.31335,18.209735817315657,2.2457849666987366,1.0481778,2053.4712,12.319554,534.3518,155833.06451321553,639.20557,1.2088989,1,1,1,1,0.93940735,0.38609982,0.55330753,6.757146,0.92649835,1,27.78027,,,13.488013544434565,-79.04980984823915,347.7097121098629,-27.885900529141477,0,5495.2188,5486.917,5503.0317,0.1334,0.11,0.0586,5424.733816338731,0,False,0.008255005,False,5.460280396191624,False,False,False,False,True,True
13463,2320777267633186688,00:03:48.034,-30:16:12.830,15.9,16.49,17.85,15.34,12.97,3.52,M3,--,66.57,42.1,1.44851,0.00061,0.00061,1.44816,1.44901,GP,1.44851,2320777267633186688,2.5100000000000016,2320777267633186688,0.1839188,-0.016109467,0.9503625321089264,-30.270279957047677,4.257748895985611,0.059789743,71.21203,18.89324176043364,2.384785177625238,1.0738397,1083.6525,16.473541,104.33556,5905.527331661374,387.0986,1.4214839,0,0,0,0,2.534852,1.3810596,1.1537924,,,,,,,13.381896254307303,-79.09813241143212,347.7578693528569,-27.916369117818704,0,3464.8528,3449.9114,3474.9504,0.6689,0.439,0.2758,3437.0040966154047,0,False,0.016109467,False,9.619441484798617,False,False,False,False,True,True
13480,2314830902591420416,00:00:39.328,-30:16:18.645,15.6,16.17,17.41,15.07,12.78,3.38,M2,--,36.19,10.26,1.24426,0.0007,0.00069,1.24397,5.07560,GP,1.24426,2314830902591420416,2.34,2314830902591420416,0.055498444,-0.018539429,0.1640456951624478,-30.271896430307343,4.190649095968861,0.046366252,90.381454,18.866588164964934,2.517750391005484,0.93303907,1049.4729,16.147799,103.83771,7592.282735801499,288.8687,1.3929405,0,0,0,0,2.33498,1.2341461,1.1008339,,,,,,,14.171550905921356,-78.43666325368102,347.07149326619646,-27.6125515525611,0,3551.9084,3513.1484,3588.7747,0.5855,0.3932,0.2373,3529.3710264529363,0,False,0.018539429,False,9.259205021732216,False,False,False,False,True,True
13575,2320774278335949952,00:03:54.500,-30:17:01.441,12.57,13.06,13.67,12.33,10.75,2.31,K4,c,10.1,8.21,8.64254,0.1533,0.10331,9.83556,8.60183,GP,8.64254,2320774278335949952,1.3399999999999999,2320774278335949952,0.058408923,-0.012885094,0.977319243259261,-30.28379816114003,4.201963747799732,0.017194225,244.38226,18.69107856907971,3.1712432506130117,1.1323093,2810.1855,13.042438,628.3878,94413.56407005533,1073.9181,1.2472696,0,0,0,0,1.3223076,0.59017944,0.73212814,-0.44357035,2.7413402,2,19.469282,,,13.282912379694807,-79.11749330051417,347.7745099614153,-27.938919530951555,0,,,,,,,4544.487379798939,0,False,0.012885094,False,6.1596990595830725,False,True,False,True,True,False
13587,2320797539878825472,00:03:58.426,-30:17:03.372,14.09,15.04,16.18,13.99,11.75,3.3,M1.5,c,21.73,14.6,5.1588,0.00852,0.00887,5.15907,5.17170,GP,5.1588,2320797539878825472,2.1899999999999995,2320797539878825472,0.14327124,-0.01807499,0.9934445271264145,-30.284111968128176,4.217239385246936,0.034833346,121.06903,19.10398965298545,2.8369962574702408,1.2403442,1827.791,15.025879,320.11176,20531.642752821732,619.4915,1.3705122,0,1,0,1,2.197753,1.13871,1.0590429,32.346962,4.9881983,2,6.100891,,,13.263522313872118,-79.13093253608801,347.7884246501822,-27.94546870517006,0,3654.3604,3648.537,3670.3765,0.5434,0.3717,0.2179,3629.5007751667363,1,True,0.01807499,False,8.151020175186147,True,True,False,True,True,False
13588,2320786544762486016,00:01:52.148,-30:17:09.457,14.47,15.01,15.91,14.06,12.03,2.97,K9,--,27.65,26.51,7.67512,0.04573,0.04517,7.61181,7.62760,GP,7.67512,2320786544762486016,1.8499999999999996,2320786544762486016,0.060584188,-0.009601593,0.46750090807956723,-30.286011107658396,4.167542503451634,0.027690427,150.5048,18.543081330861845,2.7097590570287937,1.0954195,555.9489,14.995359,109.46758,19077.886749471425,169.44626,1.3234514,0,0,0,0,1.8547668,0.90597725,0.9487896,-30.011395,7.5547223,2,4.702721,,,13.807188430238256,-78.68896090924595,347.3287223254365,-27.74287006833371,0,4041.9282,4028.8909,4069.0813,0.5144,0.3678,0.2014,3923.437762290878,0,False,0.009601593,False,8.09475960955178,False,False,False,False,True,True
13788,2320606121776189824,00:05:25.493,-30:18:35.432,14.63,15.19,16.16,14.21,12.12,3.07,M0,--,28.06,23.01,4.85167,0.01316,0.01288,4.84472,4.85880,GP,4.85167,2320606121776189824,1.9499999999999993,2320606121776189824,0.038516134,-0.015566826,1.3564289447816913,-30.309857661471728,4.218564153858426,0.03177799,132.75113,18.863843061574894,2.6729891888597734,0.97121453,1226.0009,15.171586,194.27634,16731.082306063094,315.16403,1.3377068,0,0,0,0,1.9507637,0.9682627,0.98250103,,,,,,,12.71288401344989,-79.42825124459242,348.09225772378187,-28.109653598832228,0,4021.3845,3928.7898,4131.4224,0.6555,0.4643,0.2579,3828.620992842829,0,False,0.015566826,False,8.297409326838697,False,False,False,False,True,True
14065,2320605949977498240,00:05:17.811,-30:20:45.162,15.53,16.13,17.39,15.02,12.73,3.4,M2.5,--,37.08,22.62,1.64159,0.00139,0.00159,1.64218,---,GP,1.64159,2320605949977498240,2.370000000000001,2320605949977761536,0.04851324,-0.0009689331,1.3243973825017845,-30.345873176212603,4.169950489287883,0.061742596,67.53766,19.116137811777485,2.1208262118319987,1.085167,1322.3063,16.113226,124.91242,7898.473640205876,523.05347,1.3973336,0,0,0,0,2.3648624,1.2556744,1.1091881,,,,,,,12.561640189683906,-79.39234881454223,348.04586472870574,-28.12933417466018,0,3593.5476,3589.419,3598.0957,0.574,0.3843,0.2343,3511.6266253963986,0,False,0.0009689331,False,9.213880429556136,False,False,False,False,True,True
14186,2320550046683235328,00:07:02.189,-30:21:17.877,11.22,11.59,11.92,11.11,10.22,1.36,G1,--,20.21,18.48,3.45726,0.0146,0.01444,3.4654,3.48300,GP,3.45726,2320550046683235328,0.8100000000000005,2320550046683235328,0.12038056,-0.0075359344,1.7592578688316367,-30.35496052795007,4.213399803134486,0.01627343,258.91284,18.583277480294743,2.261952256427699,0.8481488,2248.9734,11.578588,726.5737,288092.7098523686,1055.7279,1.1961008,0,0,0,0,0.79683495,0.31731224,0.4795227,4.244691,1.0870634,1,41.21707,20.92338,15.611427,11.96927823178569,-79.75208958452808,348.42125983282574,-28.30678604236724,0,5909.038,5898.4985,5929.8164,0.1003,0.0848,0.0454,5850.785983140761,0,False,0.0075359344,False,4.7017508851866445,False,False,False,False,True,True
14442,2320780566168018688,00:02:11.798,-30:23:32.143,14.09,14.61,15.44,13.74,11.84,2.78,K7,--,40.33,43.14,6.74961,0.02874,0.02723,6.62952,6.75910,GP,6.74961,2320780566168018688,1.6999999999999993,2320780566168018688,0.066399544,-0.013016701,0.549380198809979,-30.392322412972508,4.239987328079325,0.02489733,170.29887,18.521512396393348,2.2763499169006853,1.0228845,908.54987,14.601518,251.66956,25828.92176701628,333.76047,1.2944074,0,1,0,0,1.6926775,0.80878925,0.88388824,10.552239,4.373313,2,6.234395,,,13.194953277454124,-78.73291324890158,347.34603216987654,-27.869603407844092,0,,,,,,,4077.3221356184204,0,False,0.013016701,False,7.738340470467197,False,False,False,False,True,True
14707,2320584406421507456,00:04:07.663,-30:25:40.521,15.36,15.96,17.38,14.78,12.32,3.64,M3.5,c,44.31,28.65,0.31528,0.00138,0.00125,0.312,0.31194,GACF,0.31194,2320584406421507456,2.5999999999999996,2320584406421507456,0.10191467,-0.015388489,1.0321633058432016,-30.42794712461725,4.168646521174044,0.048168052,86.54381,18.492896581720483,3.016398372919769,1.0874237,1112.3739,15.948315,62.319645,9862.693071840467,414.87598,1.4438128,0,1,0,0,2.642046,1.4566383,1.1854076,,,,,,,12.480729561647777,-79.12766416130498,347.74881053498376,-28.088932292487215,0,,,,,,,3393.649614487804,0,False,0.015388489,False,9.04829002099314,False,True,False,True,True,False
14826,2320779604095346688,00:02:13.223,-30:26:34.173,15.59,16.19,17.66,14.99,12.5,3.69,M3.5,c,45.52,25.35,0.7304,0.00017,0.00017,0.73027,2.73070,GP,0.7304,2320779604095346688,2.67,2320779604095346688,0.27730682,-0.005056381,0.5553195960999193,-30.44285195033803,3.9026790992214306,0.07865822,49.61565,17.735719531553,1.992574586359591,1.5410413,647.3654,16.189754,73.629524,8086.680779589678,240.3044,1.4757967,0,0,0,0,2.6580372,1.4467525,1.2112846,,,,,,,12.937705561477461,-78.72572748960452,347.32547745706256,-27.917031669547434,0,3406.494,3402.754,3409.798,0.759,0.4917,0.3165,3360.408378229273,0,False,0.005056381,False,9.146568698848249,True,True,False,True,True,False
15008,2314824374241137408,00:00:53.400,-30:27:52.931,14.97,15.58,16.68,14.53,12.27,3.3,M1.5,--,54.08,49.23,0.38354,4e-05,4e-05,0.38358,0.38355,GP,0.38354,2314824374241137408,2.1500000000000004,2314824374241137408,0.071481176,-0.02208519,0.22267423962926536,-30.46475853663335,4.285476115958557,0.034141645,125.52049,19.148082897371143,2.2349601590402246,1.0313922,827.7699,15.555567,165.08812,12427.661764678116,314.40726,1.3644192,0,1,0,0,2.1419687,1.0983238,1.0436449,,,,,,,13.176990896778463,-78.44206528619401,347.0246588675762,-27.807578161387596,0,3758.3083,3754.6768,3763.0508,0.5436,0.3739,0.2173,3659.508684617518,0,False,0.02208519,False,8.715562182781047,False,False,False,False,True,True
15264,2320591205353715712,00:05:08.211,-30:29:41.908,11.47,11.85,12.21,11.34,10.4,1.45,G3,--,29.19,26.73,4.05989,0.00985,0.00935,4.05939,4.06350,GP,4.05989,2320591205353715712,0.870000000000001,2320591205353715712,0.1481104,-0.010268211,1.2844164122134154,-30.495023801433536,4.250865642591122,0.014436026,294.4623,18.218992531064064,2.9544353881120253,0.91415054,1725.4088,11.836017,473.6971,233306.37091608,717.04895,1.2011772,0,1,0,0,0.85016346,0.34222603,0.50793743,5.3639994,0.5806466,1,32.10993,,,11.831011302152683,-79.32007309545969,347.93460711634634,-28.24688541149245,0,5665.9785,5647.4824,5685.253,0.0638,0.0532,0.0285,5665.066359792933,0,False,0.010268211,False,4.978403547007574,False,False,False,False,True,True
15270,2320638179411803520,00:07:49.708,-30:29:23.306,11.79,12.21,12.6,11.67,10.62,1.59,G8,--,24.08,20.03,5.27995,0.03264,0.031,5.27075,5.27160,GP,5.27995,2320638179411803520,0.9299999999999997,2320638179411803520,0.15251213,-0.013497353,1.9571814167977495,-30.489776262345455,4.26469002615159,0.013854525,307.8193,18.419237559760226,2.916741716848809,1.0026313,1433.8102,12.194654,388.09442,173453.88092055861,545.4226,1.2076079,0,2,0,0,0.9218178,0.37709904,0.54471874,5.2947583,1.0294288,1,30.624647,5.4671936,20.329014,10.968403555372973,-79.8785241471527,348.52506747462166,-28.504186624301113,0,5398.7935,5347.1953,5431.688,0.0408,0.0336,0.0179,5483.507965341511,0,False,0.013497353,False,5.344091817123182,False,False,False,False,True,True
15279,2320602926320492672,00:04:50.873,-30:29:55.370,14.25,14.76,15.61,13.84,11.72,3.05,M0,c,184.96,178.17,0.25696,1e-05,1e-05,0.25695,0.25700,GP,0.25696,2320602926320492672,1.7699999999999996,2320602926320492672,0.04181844,-0.012958527,1.2121597803799433,-30.49873371082622,4.11392560052772,0.026264776,156.63281,18.73104677063338,3.215040225377508,1.010434,467.83585,14.751751,95.6629,23368.34160018363,147.88736,1.3201014,0,0,0,1,1.7706366,0.845211,0.9254255,-57.821148,9.25717,2,5.2054954,,,11.901032464301126,-79.25907487150899,347.86964679004956,-28.222092171253458,0,4871.927,4860.2637,4883.8164,1.7281,1.303,0.7082,4003.684953196449,0,False,0.012958527,False,7.8230331125753985,False,True,True,True,True,False
15321,2314832689297893120,23:59:15.690,-30:30:00.251,13.75,14.27,15.03,13.44,11.64,2.63,K6,--,26.79,29.55,7.44729,0.02664,0.02763,7.48148,7.46080,GP,7.44729,2314832689297893120,1.5899999999999999,2314832689297893120,0.046361074,-0.009716034,359.8153648547757,-30.50015017999544,4.305590791317296,0.022281865,193.23297,19.127050698181996,2.3389948877588047,1.0524276,1100.093,14.260344,197.30144,33839.56211095967,383.31717,1.277346,0,0,0,0,1.5718651,0.7358551,0.83601,6.02209,3.5726798,2,8.621231,,,13.408606699340401,-78.09243013884532,346.6523912782607,-27.681431603927077,0,4277.024,4269.3857,4284.0947,0.2325,0.1723,0.0915,4201.066509273484,0,False,0.009716034,False,7.430507309451853,False,False,False,False,True,True
15588,2314809255956328192,23:59:03.101,-30:32:00.502,13.9,14.45,15.24,13.6,11.66,2.79,K7,--,18.03,20.39,6.663,0.02131,0.01916,6.58388,6.66020,GP,6.663,2314809255956328192,1.6400000000000006,2314809255956328192,0.05519287,-0.01198101,359.76289556044276,-30.53356201991091,4.2142798234283125,0.025339048,166.31563,18.751450894786128,2.23551118799963,0.93224883,1402.596,14.442306,359.10617,29298.972003173545,470.8935,1.2855009,0,1,0,1,1.6378736,0.77633286,0.8615408,2.587308,3.7902472,2,7.1071134,,,13.30143419979083,-78.04077343072794,346.58983621057877,-27.690978025189658,0,4243.015,4235.5234,4249.1294,0.361,0.2656,0.1416,4143.425573444336,0,False,0.01198101,False,7.565922409347266,False,False,False,False,True,True
15618,2320766684833726592,00:02:16.894,-30:32:26.861,11.64,12.03,12.41,11.51,10.47,1.56,G7,--,27.04,23.2,4.98365,0.02424,0.02291,4.91212,4.98300,GP,4.98365,2320766684833726592,0.9000000000000004,2320766684833726592,0.199954,-0.006333351,0.5705930449252695,-30.540886536025624,4.331188564894179,0.012383652,349.7505,19.11799902099998,2.6665963443458844,0.9427046,1327.9586,12.02531,403.0647,199400.92293034308,519.76483,1.2045449,0,0,0,0,0.8862629,0.35953045,0.52673244,5.203691,1.1228548,1,34.031685,9.966975,11.244384,12.435423861355886,-78.71426715629885,347.28879723795217,-28.010489638296455,0,5491.5938,5487.5737,5496.4375,0.0011,0.0009,0.0005,5573.444665210215,0,False,0.006333351,False,5.20834502175062,False,False,False,False,True,True
15926,2320540803913561088,00:06:17.219,-30:34:31.575,14.33,14.94,15.83,14.02,11.95,2.99,M0,--,35.51,35.33,6.18603,0.02218,0.02085,6.28174,6.26300,GP,6.18603,2320540803913561088,1.8100000000000005,2320540803913561088,0.05960491,-0.0137786865,1.5718916255913429,-30.575429391506837,4.234868928498894,0.027713567,152.80852,18.54287264922426,2.7255687090655156,1.1128573,1046.8666,14.928548,261.95752,19924.127174937483,388.66083,1.3135316,0,3,0,1,1.8071442,0.8780432,0.929101,2.5500257,6.8725557,2,5.7380366,,,11.038396053498527,-79.53601177942859,348.1443065312404,-28.43048532818635,0,4143.952,4070.9514,4175.4243,0.4953,0.3567,0.1938,3963.068245239556,1,True,0.0137786865,False,8.062747725311162,False,False,False,True,True,False
16461,2314771219725893120,00:01:31.406,-30:38:54.047,14.91,15.52,16.73,14.41,12.09,3.43,M2.5,c,48.25,45.47,0.30942,6e-05,6e-05,0.30963,0.30965,GP,0.30942,2314771219725893120,2.3200000000000003,2314771219725893120,0.13295403,-0.01253891,0.3810483336697417,-30.648387909919784,4.133577520741776,0.07041676,58.70161,19.41492167988976,2.5541734093584756,1.9000038,1203.4985,15.502664,189.04935,13929.662776812893,446.9261,1.4116299,0,0,0,0,2.330885,1.2162657,1.1146193,-49.69261,8.543416,2,3.7584608,,,12.117519107567166,-78.52921628927803,347.06892647985666,-28.032943041605932,0,3585.104,3575.4436,3596.5454,0.6668,0.4484,0.2704,3541.6047814849735,0,False,0.01253891,False,8.58429404616519,True,True,False,True,True,False
16794,2320572827189658240,00:03:23.360,-30:41:22.931,13.38,14.01,14.62,13.06,11.24,2.77,K7,c,27.49,27.81,5.66759,0.02679,0.02576,5.71052,5.68890,GP,5.66759,2320572827189658240,1.5599999999999987,2320572827189658240,0.16849935,0.0021705627,0.8474916630693564,-30.689707249239103,4.197752490376372,0.022621483,185.56487,18.23412458223867,2.324907774476734,1.101896,951.8736,14.010776,194.19969,46796.16659428748,138.38681,1.4175125,0,36,0,36,1.5353594,0.5969534,0.938406,-1.1274047,5.183947,2,5.470718,,,11.374450381194684,-78.90543385652512,347.453859729171,-28.250793099876933,0,4365.828,4207.126,4398.1426,0.114,0.085,0.0452,4236.970065933994,1,True,0.0021705627,False,7.125859705850498,False,True,True,True,True,False
17146,2319857319997858944,00:10:31.172,-30:43:00.032,15.03,15.63,16.76,14.57,12.32,3.32,M1.5,--,32.11,21.87,1.72861,0.00156,0.00151,1.72832,1.74150,GP,1.72861,2319857319997858944,2.1900000000000013,2319857319997858944,0.14187942,-0.018147469,2.629593201950335,-30.716494680255924,4.381984180437713,0.039155897,111.91122,19.127305468025668,2.7816500070534063,1.043158,1383.7345,15.613661,171.86606,11987.262461892531,318.4661,1.377859,0,2,0,0,2.1854982,1.1229324,1.0625658,,,,,,,8.669664392625288,-80.35899667815697,348.99620763005925,-28.968615285430882,0,3658.9775,3647.598,3677.3528,0.5211,0.3563,0.209,3629.5007751668745,0,False,0.018147469,False,8.822014839203087,False,False,False,False,True,True
17424,2320558082565935744,00:04:00.467,-30:46:21.302,12.47,12.91,13.4,12.29,10.99,1.92,K2,--,17.26,16.34,7.07229,0.03203,0.03319,6.97725,6.89560,GP,7.07229,2320558082565935744,1.1100000000000012,2320558082565935744,0.10547312,-0.008211136,1.0021205056715288,-30.772642737794897,4.241392393441706,0.018260628,232.2698,18.965278696314687,2.3391202779256197,1.1841375,2220.5388,12.902099,511.8261,97756.03607165569,1186.3217,1.2239183,0,0,0,0,1.0953474,0.46578503,0.6295624,4.912576,1.3515502,2,21.387777,,,10.766265844675766,-79.01020016500662,347.54599235513206,-28.384831613213702,0,4968.294,4956.1577,4978.617,0.0601,0.0479,0.0253,4999.992735918435,0,False,0.008211136,False,6.039640921587141,False,False,False,False,True,True
17980,2320523967641801088,00:07:38.503,-30:50:25.812,14.32,14.88,15.75,13.97,11.99,2.89,K8,--,65.53,61.77,2.32107,0.00148,0.00147,2.32133,2.32200,GP,2.32107,2320523967641801088,1.7799999999999994,2320523967641801088,0.034163862,-0.010552406,1.9103929952958698,-30.840410187921353,4.181905772663087,0.031320795,133.51851,18.40800219738437,3.059589730486727,0.9121673,1407.1727,14.870498,275.11917,20778.887845057063,424.0201,1.3078325,0,1,0,1,1.776082,0.85942364,0.9166584,0.71969074,10.865915,2,5.1873984,,,9.148274417323089,-79.7342406280488,348.3031729243082,-28.798544325889164,0,4057.4104,4052.9827,4062.6238,0.3516,0.2533,0.1379,3993.4359917772053,0,False,0.010552406,False,7.97736891856513,False,False,True,True,True,False
18207,2314565542331796992,00:02:17.035,-30:52:35.788,15.31,15.87,17.01,14.81,12.52,3.34,M2,--,45.62,38.9,4.11706,0.0059,0.00585,4.12441,4.13740,GP,4.11706,2314565542331796992,2.200000000000001,2314565542331796992,0.09124351,-0.015361786,0.5711601415974072,-30.87664823358085,4.225443123902061,0.046226267,91.40784,18.2225388181932,2.227323136546973,1.0289869,844.3544,15.852099,90.00478,9622.376903006218,303.12885,1.372603,0,2,0,0,2.207016,1.1446066,1.0624094,,,,,,,10.786676394329666,-78.62580134885877,347.11746875518503,-28.310357402276793,0,3571.785,3567.3367,3577.7764,0.4558,0.3107,0.1825,3622.2148523838987,0,False,0.015361786,False,8.981460720186034,False,False,False,False,True,True
20343,2314530976435086080,00:01:13.508,-31:10:15.695,15.79,16.43,17.77,15.28,12.89,3.54,M3,--,57.7,38.17,1.0618,0.00412,0.00492,1.06807,1.07034,LS,1.06807,2314530976435086080,2.49,2314530976435086080,0.105918236,-0.023580551,0.3063938944859754,-31.171142937036695,4.256237256081588,0.062290892,68.32841,18.52492344143306,2.8647909723061575,0.9955508,1069.6654,16.403133,125.266464,6244.315392555596,406.49826,1.4181685,0,1,0,2,2.4847565,1.340807,1.1439495,,,,,,,9.699372348354812,-78.32410069514343,346.7360675550131,-28.47044216062102,0,3429.6663,3418.217,3466.0398,0.5812,0.3831,0.2388,3446.9870026534045,0,False,0.023580551,False,9.548262536860014,False,False,False,False,True,True
