ID,GaiaDR2,CLHW,RA_ICRS,DE_ICRS,__B-V_0,Vmag,__V-Ks_0,Prot,e_Prot,P90,Class,Binary,_RA_icrs,_DE_icrs,dr2_source_id,dr3_source_id,angular_distance,magnitude_difference,ra,dec,parallax,parallax_error,parallax_over_error,pmra,pmdec,ruwe,phot_g_mean_flux_over_error,phot_g_mean_mag,phot_bp_mean_flux_over_error,phot_rp_mean_flux,phot_rp_mean_flux_over_error,phot_bp_rp_excess_factor,phot_bp_n_contaminated_transits,phot_bp_n_blended_transits,phot_rp_n_contaminated_transits,phot_rp_n_blended_transits,bp_rp,bp_g,g_rp,radial_velocity,radial_velocity_error,rv_method_used,rv_expected_sig_to_noise,vbroad,vbroad_error,l,b,ecl_lon,ecl_lat,non_single_star,teff_gspphot,teff_gspphot_lower,teff_gspphot_upper,azero_gspphot,ag_gspphot,ebpminrp_gspphot,M_G
608606.0,5340153226819389952,66890,167.06007999999997,-58.65321999999999,0.676,13.384,1.757,5.4437,0.3331,0.025,3,1,167.06007999999997,-58.65321999999999,5340153226819389952,5340153226819389952,0.25464624,0.008741379,167.0599713328242,-58.65320018165604,2.4256584086039803,0.078028955,31.086645,-9.832986556303272,5.268433217865008,6.721217,1283.4991,13.261337,543.21124,66603.26862781173,747.7653,1.2366369,0,2,0,1,0.9257612,0.35358047,0.57218075,4.8874197,3.0505128,2,11.001129,-1,-1,289.84107638186515,1.5707721890587978,204.66628056596636,-56.088383167452754,0,5302.2783,5286.493,5317.7983,0.0289,0.0237,0.0128,5.1854854885989425
317342.0,5338643253764519168,91871,166.93407999999997,-58.87516999999999,1.397,17.133,3.619,13.5411,3.7858,0.07,3,0,166.93407999999997,-58.87516999999999,5338643253764519168,5338643253764519168,0.15598984,-0.0017986298,166.93397495121553,-58.8751417267831,1.96681250436239,0.058374915,33.69277,-10.766306820203294,4.75242799236013,1.1186073,1056.4484,16.53062,50.122913,5149.431212402913,109.35098,1.4714017,0,25,0,27,1.8475332,0.7854099,1.0621233,nan,nan,-1,nan,-1,-1,289.867067042995,1.3408769224527346,204.85986045233832,-56.29313862739558,0,4111.27,4043.837,4140.966,0.7636,0.5455,0.2981,7.999435378610032
307859.0,5338645074830317056,145504,166.65616999999997,-58.894389999999994,1.407,17.911,3.938,32.0,3.2,0.0325,3,1,166.65616999999997,-58.894389999999994,5338645074830317056,5338645074830317056,0.11311284,0.008646011,166.65608484934964,-58.8943693034383,2.073217214976434,0.10126178,20.473837,-10.019550388709193,5.574036533588766,1.6424491,865.55756,17.211386,92.17746,2982.422361036639,263.40424,1.5234574,0,45,0,45,2.074173,0.9242592,1.1499138,nan,nan,-1,nan,-1,-1,289.7423938334266,1.267011668720266,204.6987517710891,-56.40725184228444,0,nan,nan,nan,nan,nan,nan,8.7946097586803
405260.0,5340170819007248640,150595,166.62474999999998,-58.47699999999999,1.421,17.209,3.813,13.0,1.5625,0.0215,3,1,166.62474999999998,-58.47699999999999,5340170819007248640,5340170819007248640,0.15533206,0.00015640259,166.6246620673307,-58.47697397281283,2.059207949137826,0.057933412,35.54439,-9.38829916605033,5.583020026291884,1.3262436,1225.6624,16.545063,194.09174,5047.092637286979,507.44974,1.4219431,0,3,0,1,1.9778719,0.9231014,1.0547705,nan,nan,-1,nan,-1,-1,289.56314695756026,1.6443404058076745,204.15393192100746,-56.11927202437902,0,nan,nan,nan,nan,nan,nan,8.113564049127653
305168.0,5338650297511685760,161627,166.57017,-58.96771999999999,1.232,15.851,3.09,10.8075,0.4701,0.0215,3,1,166.57017,-58.96771999999999,5338650297511685760,5338650297511685760,0.057350267,-0.0139808655,166.5700575512673,-58.967668929559814,1.6585988738634412,0.027456746,60.4077,-10.64596151316015,5.045549923036363,1.0555443,3219.6682,15.384648,613.39276,12259.613439207673,750.40076,1.29506,0,52,0,48,1.5962763,0.7383318,0.8579445,nan,nan,-1,nan,-1,-1,289.73043593079365,1.1821534441191015,204.734259496903,-56.49067083314686,0,4219.0977,4214.8125,4223.5215,0.2795,0.2067,0.1101,6.483355153929509
302250.0,5338658578209340672,178023,166.47386999999998,-58.77841999999999,0.765,14.079,1.834,5.2748,0.1116,0.023,3,0,166.47386999999998,-58.77841999999999,5338658578209340672,5338658578209340672,0.063617416,-0.011170387,166.47377741385134,-58.77837625047052,2.0933373152258015,0.014983089,139.71333,-10.216325184900366,5.401743899006135,0.9748311,3569.7598,13.877428,479.9613,38509.08436697018,574.8533,1.2373548,0,42,0,43,0.9751253,0.3816843,0.593441,13.56987,5.776627,2,5.1689334,-1,-1,289.60992177854837,1.3364005943863624,204.43033027667443,-56.39026888667881,0,5337.0425,5322.559,5354.069,0.1171,0.0957,0.051,5.4816241304202045
301100.0,5338651255238326656,184783,166.43332999999998,-58.940279999999994,1.423,17.601,3.941,16.8048,2.9421,0.039,3,0,166.43332999999998,-58.940279999999994,5338651255238326656,5338651255238326656,0.04419392,-0.016607285,166.4332265932498,-58.940236175988325,2.033357623190375,0.06290427,32.32464,-10.500901214244553,5.658194971680411,0.99640983,1432.3738,16.811913,41.319405,4023.5998998213295,71.956436,1.446052,0,19,0,19,1.9895248,0.91397095,1.0755539,nan,nan,-1,nan,-1,-1,289.6547556429805,1.1794633791671332,204.60821019651607,-56.520563715407,0,4071.7983,4047.7395,4089.7585,0.8711,0.6168,0.3403,8.352981377964827
214166.0,5338658097172875392,188616,166.40949999999998,-58.83605999999999,1.416,17.044,3.577,20.0626,2.8549,0.041,3,0,166.40949999999998,-58.83605999999999,5338658097172875392,5338658097172875392,0.15490317,-0.021997452,166.40938961888943,-58.83601139152241,2.0536945522907564,0.045542054,45.094467,-11.003216719954969,5.619167951597948,1.0420927,1474.1855,16.438133,67.18111,5300.300321978505,201.79124,1.4047009,0,28,0,25,1.8032045,0.8022156,1.000989,nan,nan,-1,nan,-1,-1,289.60212688042355,1.270270807264042,204.46008385192502,-56.454790899820374,0,4118.327,4106.9907,4133.725,0.7557,0.5432,0.2939,8.000812495158927
502640.0,5340216208216902272,223849,166.18741999999997,-58.39263999999999,1.047,14.667,2.568,6.3955,0.341,0.0389,3,1,166.18741999999997,-58.39263999999999,5340216208216902272,5340216208216902272,0.08206919,-0.006169319,166.18734335194324,-58.39261363510608,2.0418795230125455,0.017315792,117.92008,-10.516530016466145,5.306543490732964,1.1374177,1879.1501,14.340257,505.38623,28857.694371523994,563.08344,1.2568547,0,38,0,36,1.3299532,0.5869379,0.7430153,-0.1065071,7.2022324,2,5.4698434,-1,-1,289.3194420296566,1.6309847142684513,203.7528489059439,-56.217543633945596,0,4646.694,4631.5635,4668.7993,0.2777,0.2147,0.1139,5.890407260158513
105807.0,5340214112272822016,230105,166.14007999999998,-58.459219999999995,1.33,16.319,3.248,11.7108,0.8482,0.0254,3,1,166.14007999999998,-58.459219999999995,5340214112272822016,5340214112272822016,0.52732426,0.01743126,166.1400026418338,-58.4591964058791,2.2259240760329635,0.15055421,14.784867,-10.734518919699864,4.190474332898385,4.6451354,590.60913,15.840198,266.19666,8707.063725623966,762.35187,1.3606298,0,2,0,1,1.7074928,0.7655115,0.9419813,nan,nan,-1,nan,-1,-1,289.32335729103977,1.560045486536853,203.80409575277812,-56.28263653235654,0,4210.904,4194.834,4224.0273,0.4778,0.3496,0.187,7.577749297750941
103352.0,5338704585891552000,247067,166.01457999999997,-58.705079999999995,1.389,16.574,3.589,17.9713,2.0441,0.017,3,1,166.01457999999997,-58.705079999999995,5338704585891552000,5338704585891552000,0.028329788,-0.015723228,166.0145245352079,-58.70506690506063,2.0811820406074903,0.03491992,59.598705,-10.056061059593604,5.807601753967124,1.1544704,2466.5393,15.903925,354.00342,8315.521193931176,620.38043,1.3232224,0,3,0,0,1.8851509,0.9293976,0.9557533,nan,nan,-1,nan,-1,-1,289.36208661232286,1.308586699309396,204.02929703903544,-56.504434111942686,0,4204.076,4198.7573,4211.792,0.7556,0.5426,0.2944,7.495475289671484
203551.0,5338676921962883200,253475,165.96325,-58.95766999999999,0.75,13.542,1.867,5.9034,0.6895,0.0251,3,1,165.96325,-58.95766999999999,5338676921962883200,5338676926315346816,0.03307901,-0.008066177,165.9631658721577,-58.95763246680643,2.074324019731905,0.028571194,72.60194,-10.836701351411673,5.511989676558623,2.5007997,1900.1647,13.344761,544.6418,62407.26085010435,919.4726,1.2199799,0,0,0,0,0.99185085,0.40689754,0.5849533,2.1730225,2.848012,2,13.362776,-1,-1,289.439386108837,1.0666708612296558,204.31660523445052,-56.70314830009498,0,5659.4907,5650.416,5668.76,0.3375,0.2774,0.1483,4.929143876328931
618304.0,5339401878083600256,16803,167.33274999999998,-58.67396999999999,0.967,14.398,2.274,8.2312,0.1914,0.0213,2,1,167.33274999999998,-58.67396999999999,5339401878083600256,5339401878083600256,0.05094516,-0.016550064,167.33261254189978,-58.67393954138101,2.079894267010039,0.015313413,135.82173,-10.112299135510664,5.315684381101599,0.9578317,2641.4402,14.136347,468.72696,32911.10886631281,887.7663,1.2340351,1,1,0,0,1.2113667,0.52955914,0.6818075,2.2529776,16.819603,2,5.780498,-1,-1,289.97995255528986,1.6063086937830766,204.87472798138592,-56.00483301197952,0,4820.212,4811.2417,4832.413,0.2035,0.1603,0.0852,5.726553106202415
nan,5338641192179971200,98040,166.90416999999997,-58.95013999999999,0.605,12.454,1.439,4.3064,0.4989,0.0161,2,1,166.90416999999997,-58.95013999999999,5338641192179971200,5338641192179971200,0.19294503,-0.0077648163,166.9040426693412,-58.9500970971243,2.0919925800244914,0.011364399,184.083,-10.825289397053176,5.2322344936494245,0.8151828,4482.555,12.333295,1056.2402,145775.11787684605,1333.9277,1.2027631,0,34,0,35,0.81693935,0.32233143,0.49460793,6.09576,2.4168656,1,22.086733,-1,-1,289.88202425890637,1.2658197886531986,204.93438354106013,-56.35755701468928,0,5631.86,5630.314,5633.8916,0.0007,0.0006,0.0003,3.936095567580855
nan,5340147901059140480,101262,166.88486999999998,-58.75952999999999,1.361,16.288,3.478,6.4719,0.1998,0.0255,1,1,166.88486999999998,-58.75952999999999,5340147901059140480,5340147901059140480,0.059875954,-0.016555786,166.88476398115648,-58.75949058179027,2.0685073217364374,0.030522663,67.769554,-10.87355716752259,4.8872670156382485,0.9856094,1666.4828,15.646494,114.3355,10330.482072212317,257.0681,1.3375031,0,1,0,0,1.7480383,0.8141384,0.9338999,nan,nan,-1,nan,-1,-1,289.7985265192169,1.4374655801520908,204.6817394886409,-56.228046255887,0,4126.148,4121.9165,4130.4404,0.4903,0.3553,0.1918,7.22477922410847
nan,5338643528641955584,112216,166.83299999999997,-58.99963999999999,0.868,14.045,2.144,6.1255,0.4491,0.016,2,1,166.83299999999997,-58.99963999999999,5338643528641955584,5338643528641955584,0.05499486,-0.011275291,166.83291345750743,-58.9995805267555,2.115836839281968,0.016371826,129.23647,-10.317916227482336,5.671715794242844,1.1077945,2606.892,13.808943,745.27454,43169.87687688679,766.5933,1.2281139,0,0,0,0,1.1365738,0.48757458,0.6489992,7.058674,3.5250964,2,10.689565,-1,-1,289.86756858421296,1.205955189445536,204.94962784349806,-56.41856052026132,0,4986.199,4970.3647,5011.444,0.2079,0.1659,0.0886,5.436353667070232
nan,5340148927515092352,118143,166.79967,-58.72543999999999,1.322,16.731,3.614,0.8373,0.0017,0.0413,1,1,166.79967,-58.72543999999999,5340148927515092352,5340148927515092352,0.06137541,-0.00019264221,166.7995631173453,-58.725423020545726,2.121899433462963,0.09172696,23.132778,-9.755578216546603,5.649298289478114,2.5711484,605.8795,16.051744,102.693794,7421.8473216679395,238.66515,1.3604342,0,26,0,20,1.860733,0.8806038,0.98012924,nan,nan,-1,nan,-1,-1,289.74450639517306,1.4515638131678765,204.58198485495004,-56.23441914805309,0,5014.845,4989.4033,5039.2056,2.0732,1.5638,0.8585,7.68536844529741
nan,5338646621018893696,118500,166.79904,-58.823029999999996,1.3,16.286,3.252,10.2487,0.3116,0.042,1,1,166.79904,-58.823029999999996,5338646621018893696,5338646621018893696,0.086259276,-0.008910179,166.7989295131365,-58.82301063848009,2.046930178992561,0.03228349,63.404865,-10.052488636110274,4.442272053894277,1.0114756,1439.4221,15.748731,196.4742,9010.947393248245,425.3106,1.2958063,0,2,0,2,1.7028656,0.8151045,0.8877611,nan,nan,-1,nan,-1,-1,289.7823823868727,1.3616209143533142,204.70412680165077,-56.30458595702471,0,nan,nan,nan,nan,nan,nan,7.304245804904367
nan,5338646208701929856,119177,166.79603999999998,-58.857139999999994,1.224,16.28,3.373,1.9743,0.0136,0.036,1,0,166.79603999999998,-58.857139999999994,5338646208701929856,5338646208701929856,0.06808679,-0.014256477,166.7959408164426,-58.8571198158478,2.087301687324636,0.03076407,67.84869,-10.287155099289068,5.796182003109461,1.1098677,1013.36456,15.62981,139.71281,9929.559648995299,190.30382,1.3220617,0,8,0,9,1.5748911,0.70065117,0.8742399,nan,nan,-1,nan,-1,-1,289.79430317161535,1.3296240283996836,204.74507744330413,-56.33008186482115,0,nan,nan,nan,nan,nan,nan,7.2277364541694205
nan,5338644456355100288,124726,166.76828999999998,-58.907579999999996,1.153,15.708,3.113,8.1801,0.2016,0.022,2,1,166.76828999999998,-58.907579999999996,5338644456355100288,5338644456355100288,0.38162556,0.005288124,166.76820033100648,-58.90753340504809,2.300718390225395,0.15334317,15.003723,-9.863071550933608,6.15167397489199,7.2190957,994.0335,14.991578,338.516,17014.131715981064,531.1077,1.3029231,0,13,0,12,1.4491272,0.6284199,0.8207073,8.46323,10.479207,2,4.0710645,-1,-1,289.80084012626725,1.2776206904745346,204.7901621884836,-56.37615837731128,0,4487.9956,4476.0103,4515.4224,0.4299,0.3275,0.1753,6.800895421757161
nan,5340164118857681536,143407,166.66432999999998,-58.499359999999996,1.059,15.31,2.676,10.1649,0.2301,0.0184,2,1,166.66432999999998,-58.499359999999996,5340164118857681536,5340164118857681536,0.20095298,0.0018339157,166.66422523800043,-58.49935467037513,2.0982646651413184,0.05549123,37.812546,-10.114708552383854,4.89667339422256,2.5474591,1323.3834,15.016789,401.07278,16236.619304897826,281.54175,1.308937,0,25,0,29,1.3540354,0.55890274,0.79513264,1.0557299,6.243758,2,3.3522327,-1,-1,289.59097290606906,1.6318964435161578,204.20850326423266,-56.12102344754919,0,4627.2275,4601.006,4656.978,0.2707,0.2091,0.111,6.626090772122222
nan,5338645040470529280,145061,166.65886999999998,-58.90999999999999,1.446,17.444,4.197,0.624,0.0018,0.039,1,1,166.65886999999998,-58.90999999999999,5338645040470529280,5338645040470529280,0.06332795,-0.025110245,166.6587610706635,-58.90996653319822,2.0642318962181827,0.048213113,42.81474,-10.008055274837934,3.8921855937301086,0.9822692,1153.4366,16.566519,109.38482,4962.359806903099,314.55875,1.376507,0,6,0,3,2.1661015,1.1082573,1.0578442,nan,nan,-1,nan,-1,-1,289.74979726687343,1.2532131206210642,204.72026220660834,-56.41742917995405,0,3679.2168,3638.7258,3726.695,0.526,0.3582,0.2106,8.140311205687157
nan,5340161713675672192,148576,166.63728999999998,-58.630109999999995,0.676,13.214,1.711,4.9657,0.0544,0.028,1,1,166.63728999999998,-58.630109999999995,5340161713675672192,5340161713675672192,1.3115029,0.05567646,166.6371660568274,-58.63009455182259,2.670578952358699,0.23405914,11.409847,-10.951747996328516,4.751635814778248,18.44783,400.99478,13.149367,334.56723,75848.53505543267,517.4134,1.2827468,0,0,0,0,0.9009228,0.29958248,0.6013403,5.969631,4.401198,2,13.239363,-1,-1,289.62941931190073,1.506138518103828,204.35356030663786,-56.22480819358996,0,5556.039,5531.9526,5583.4297,0.1368,0.1137,0.0614,5.282394441825247
520527.0,5340173361627800192,150077,166.62686999999997,-58.337059999999994,1.183,15.933,3.109,1.4965,0.0088,0.026,0,1,166.62686999999997,-58.337059999999994,5340173361627800192,5340173361627800192,0.12728266,-0.012140274,166.62674875189202,-58.33704366977288,2.18121130544996,0.05551535,39.29024,-10.098816671310814,6.034299601197887,1.8047247,577.5724,15.484962,127.5593,11135.781892457528,231.43892,1.3021066,0,1,0,1,1.5615406,0.7076721,0.8538685,nan,nan,-1,nan,-1,-1,289.50905396240546,1.7734071946265226,203.98155136386086,-56.01767075882081,0,4673.5845,4651.2876,4725.4795,0.9751,0.7452,0.4057,7.17845116345422
nan,5338656894582084480,154501,166.60787,-58.87443999999999,0.852,14.008,2.117,7.4411,0.1155,0.015,1,1,166.60787,-58.87443999999999,5338656894582084480,5338656894582084480,0.14396554,-0.009090424,166.6077754798655,-58.87441322895514,2.053397067359597,0.024441581,84.01245,-9.756627149615882,5.871970859365124,1.718189,3535.9167,13.7795725,723.7537,43544.962113541056,1346.6947,1.2275887,0,0,0,0,1.0855474,0.4565258,0.62902164,5.967315,4.8251805,2,7.244523,-1,-1,289.7115836836843,1.2755370058231599,204.6412747420278,-56.410452707403046,0,5060.8687,5046.658,5072.328,0.1654,0.1329,0.0711,5.341937174035552
nan,5340164251958210560,158377,166.58592,-58.55257999999999,0.619,12.517,1.456,4.1575,0.0958,0.0295,1,1,166.58592,-58.55257999999999,5340164251958210560,5340164251958210560,0.21062961,-0.009239197,166.5858176101332,-58.552559649209805,2.1110764200992613,0.011212079,188.2859,-10.359261289541143,4.692813908321566,0.8650848,2360.6638,12.413676,792.26,135768.0537761502,1043.3622,1.1994948,0,1,0,0,0.83064747,0.3328724,0.49777508,5.1995893,2.2222407,1,18.834837,-1,-1,289.574272474466,1.5668736246303971,204.22201743177186,-56.187731777185114,0,5591.135,5589.0415,5595.117,0.0016,0.0014,0.0007,4.036196036272202
nan,5338659368455799680,159115,166.58311999999998,-58.74688999999999,0.771,14.067,1.852,6.2248,0.1095,0.038,0,0,166.58311999999998,-58.74688999999999,5338659368455799680,5338659368455799680,0.041493155,-0.008523941,166.5830110533236,-58.74687205868867,2.0787038193534344,0.016977504,122.43871,-11.209922285803403,5.164122479057878,1.0580862,1432.0525,13.866836,151.68623,38534.372325741955,367.49496,1.2306892,4,0,6,0,0.965415,0.38185406,0.58356094,11.274972,7.478379,2,6.409136,-1,-1,289.6495363886791,1.3877129219577145,204.46381694939913,-56.32816218182175,0,5272.885,5231.8477,5344.595,0.0671,0.0547,0.0293,5.4557986642501675
nan,5338648579492377216,170484,166.51907999999997,-59.03488999999999,1.443,17.436,3.796,10.9631,0.4271,0.0567,1,0,166.51907999999997,-59.03488999999999,5338648579492377216,5338648579492377216,0.062011924,-0.01792717,166.51896325048992,-59.03486243929082,1.9741892288615392,0.052190814,37.826374,-10.470619577739663,4.81880276224122,1.040941,814.212,16.782541,91.97471,4260.61131153713,114.590805,1.5222676,0,35,0,35,1.8869858,0.7786598,1.108326,nan,nan,-1,nan,-1,-1,289.7327729764653,1.1100288120929238,204.78569068367557,-56.55702312911212,0,4959.5054,4889.3374,5109.2466,2.3062,1.7177,0.9582,8.259485165404945
nan,5338650572389590784,171704,166.51133,-58.94807999999999,0.815,14.111,2.17,7.0323,0.2463,0.0291,1,1,166.51133,-58.94807999999999,5338650572389590784,5338650572389590784,0.08214155,-0.0055379868,166.51124171514854,-58.948060972412044,1.8286615533631434,0.050577983,36.15529,-11.007074355934087,5.833453453640089,3.5234435,1756.9536,13.881208,578.31494,40336.78450422504,935.7243,1.2379007,0,1,0,1,1.1101055,0.46253967,0.64756584,4.955583,3.3842962,2,8.03841,-1,-1,289.69482220503795,1.1881993724120097,204.67017289826777,-56.49793792813748,0,4978.907,4966.775,5059.03,0.1798,0.144,0.0775,5.191875090681279
nan,5340167692270347776,177524,166.47599999999997,-58.485389999999995,0.664,13.357,1.751,4.6597,0.1698,0.0263,1,1,166.47599999999997,-58.485389999999995,5340167692270347776,5340167692270347776,0.08349085,-0.007706642,166.47592662291734,-58.48536358882676,2.430118063093457,0.097137086,25.017406,-10.096307663195681,6.080371398162576,8.88675,886.47034,13.190751,367.17868,70548.78304393294,452.1165,1.2238519,0,0,0,0,0.9332895,0.36921024,0.5640793,4.936894,4.609013,2,9.588321,-1,-1,289.4949846194384,1.605948091296037,204.06396091264247,-56.179310869458085,0,5473.514,5443.8857,5576.6167,0.1526,0.1261,0.068,5.118887943539587
nan,5338660914671686144,182099,166.44916999999998,-58.68046999999999,0.656,12.868,1.577,5.7659,0.5213,0.0286,2,1,166.44916999999998,-58.68046999999999,5338660914671686144,5338660914671686144,0.6166177,-0.0043287277,166.4490485480109,-58.68045161551131,2.012514378885635,0.08969949,22.436184,-10.346657687782248,4.731238612371772,7.602569,2277.8735,12.693057,585.36523,108306.38979678958,568.6262,1.2093714,0,1,0,0,0.8879347,0.35613823,0.53179646,6.674463,1.7728051,1,16.267294,-1,-1,289.55935983049744,1.4212473604096028,204.29034111323674,-56.329114338470674,0,5699.046,5688.2246,5707.042,0.1123,0.0933,0.0498,4.211752020095588
nan,5338663903941036800,184070,166.43746,-58.65946999999999,0.762,14.138,nan,6.9983,0.0786,0.0314,1,1,166.43746,-58.65946999999999,5338663903941036800,5338663903941036800,0.05343969,-0.010837555,166.4373731238838,-58.659450490002115,2.145606404859655,0.038074918,56.352226,-10.967497676187904,5.535912388322789,2.3168042,1198.8649,13.932789,98.41213,48433.140965623075,31.820654,1.5209167,22,13,24,16,1.1811457,0.28339577,0.8977499,nan,nan,-1,nan,-1,-1,289.5454632289889,1.4381265492846544,204.25608204684661,-56.318296329065085,0,6002.837,6000.7446,6006.661,0.778,0.6467,0.3524,5.590539133496632
nan,5338652217315646464,185155,166.43070999999998,-58.84821999999999,1.247,16.09,3.259,2.6283,0.0069,0.062,1,1,166.43070999999998,-58.84821999999999,5338652217315646464,5338652217315646464,0.076526634,-0.030177116,166.43062391939267,-58.848197577118455,2.040503268260219,0.029358538,69.50289,-10.977755941623245,4.002142120293884,1.111758,669.5359,15.547037,157.13425,10817.4078467694,308.9516,1.2996535,0,0,0,1,1.6783514,0.79390144,0.88444996,nan,nan,-1,nan,-1,-1,289.61704742468805,1.263437471928806,204.48971885180177,-56.45580938547294,0,4549.9404,4530.917,4573.0713,1.153,0.8671,0.4718,7.095723598215626
nan,5338663452946373120,185376,166.42907999999997,-58.69935999999999,1.159,14.993,2.74,5.5291,0.217,0.0155,1,1,166.42907999999997,-58.69935999999999,5338663452946373120,5338663452946373120,0.06652971,-0.012866974,166.42898359823062,-58.6993160406259,2.103607067292202,0.020654097,101.84938,-10.547277428287996,5.154079933008451,0.9751972,3880.6357,14.585714,588.44836,23697.378722879963,981.9703,1.2564765,0,1,0,0,1.4277172,0.6531477,0.7745695,-6.243056,5.597635,2,4.215052,-1,-1,289.5572576825725,1.3997956548458255,204.30060753585965,-56.34990403880484,0,4507.0117,4500.4697,4521.1597,0.2467,0.1871,0.098,6.200537446222366
nan,5338655245314145152,195100,166.36936999999998,-58.82527999999999,0.733,13.045,1.724,5.0903,0.0408,0.0281,1,1,166.36936999999998,-58.82527999999999,5338655245314145152,5338655245314145152,0.13957082,-0.00049591064,166.36927188079338,-58.82523497188156,2.0866617901788067,0.029124996,71.64505,-10.551046785639402,5.4668636532044745,1.8989886,2911.6714,12.886455,974.6347,93751.42941642576,1135.417,1.2213621,0,0,0,0,0.94909,0.38058662,0.5685034,3.420055,2.4300718,2,15.642509,-1,-1,289.5787859340705,1.2719236588253142,204.41958979004434,-56.461619670967536,0,nan,nan,nan,nan,nan,nan,4.4837148999855
509248.0,5340169169738801280,196669,166.35983,-58.42471999999999,1.426,17.838,4.153,1.0665,0.0025,0.046,1,1,166.35983,-58.42471999999999,5340169169738801280,5340169169738801280,0.05076374,-0.02756691,166.3597483509147,-58.424678653077684,2.1232861201083755,0.054836664,38.720192,-11.02459384459326,6.132796195330808,0.98089075,1015.2095,16.926014,76.40418,3591.445505428907,275.60236,1.3806405,0,2,0,2,2.1937313,1.1274395,1.0662918,nan,nan,-1,nan,-1,-1,289.41509368558826,1.6375630402306054,203.90967351440452,-56.17787998630457,0,3735.47,3725.5845,3744.4587,0.72,0.4939,0.2861,8.561056550456923
nan,5338662082902962304,199972,166.33933,-58.722359999999995,0.895,13.827,2.052,7.1209,0.0942,0.021,2,1,166.33933,-58.722359999999995,5338662082902962304,5338662082902962304,0.064919226,-0.013214111,166.33924790187825,-58.72232188387048,2.1166942243250695,0.015943311,132.76378,-10.73697410719898,4.436464577608643,1.2083336,3145.786,13.590514,840.0923,51672.26735550403,1164.6769,1.2219074,2,1,0,0,1.0901346,0.46437168,0.62576294,8.331307,3.386073,2,9.45112,-1,-1,289.5236013341648,1.3601825890222876,204.26935440611362,-56.39891180406898,0,5017.993,4984.861,5034.8145,0.107,0.0857,0.0454,5.218804806916403
nan,5340166352240453376,200381,166.337,-58.57638999999999,1.463,17.613,4.189,6.8285,0.1033,0.026,2,1,166.337,-58.57638999999999,5340166352240453376,5340166352240453376,0.15977003,-0.013542175,166.3369245239647,-58.57637578441148,1.9637002988622108,0.05581475,35.18246,-9.603070495740917,4.303132904065312,1.2010239,1075.5479,16.717154,150.8579,4385.462809966743,336.09308,1.3885591,0,3,0,1,2.2034302,1.1291332,1.074297,nan,nan,-1,nan,-1,-1,289.46445563742253,1.4936205238874019,204.08409667619088,-56.295171090547235,0,3729.0383,3719.907,3739.7727,0.7101,0.4866,0.283,8.182529580292433
nan,5338656310466150016,216303,166.23361999999997,-58.77916999999999,0.969,14.88,2.395,8.9874,0.1842,0.017,1,1,166.23361999999997,-58.77916999999999,5338656310466150016,5338656310466150016,0.1230753,-0.0072603226,166.23357899759765,-58.779131815618975,2.078472699027072,0.059550922,34.902443,-9.697891932094981,5.000126351062878,3.1215672,1692.9698,14.608756,468.01486,21998.485621319593,923.9999,1.2558625,0,2,0,0,1.2562943,0.5394516,0.71684265,11.375421,5.299905,2,5.213055,-1,-1,289.495934665716,1.2862418099307078,204.2702782564929,-56.477854911560705,0,4639.2153,4613.9966,4679.9106,0.1767,0.1379,0.0737,6.197477687232546
503589.0,5340216242576648192,219356,166.21516999999997,-58.391529999999996,1.038,15.221,2.652,4.6339,0.1739,0.0698,2,0,166.21516999999997,-58.391529999999996,5340216242576648192,5340216242588975744,0.083730645,-0.019878387,166.2150843444117,-58.39152055425455,2.113106516872218,0.018845627,112.12715,-9.950249235236166,5.830192275065868,1.0236272,1099.712,14.683128,268.1133,20292.291747229607,363.2423,1.2459053,0,2,0,1,1.2431431,0.53958225,0.7035608,nan,nan,-1,nan,-1,-1,289.33233933089394,1.6377947760494707,203.7702906959524,-56.20665798991197,0,4864.844,4852.5347,4877.5923,0.3376,0.2661,0.1425,6.307735303917573
207670.0,5338656099962080896,228692,166.14828999999997,-58.80696999999999,0.54,12.435,1.378,1.8572,0.0552,0.028,0,1,166.14828999999997,-58.80696999999999,5338656099962080896,5338656099962080896,0.22449808,-0.0073099136,166.1482366999997,-58.806936030591835,2.086927890141388,0.01191866,175.09752,-10.807781796514073,5.177431486437545,0.96589535,2756.0417,12.34267,1052.0834,141161.05570152355,1232.5461,1.1968448,0,0,0,0,0.77238464,0.3033228,0.46906185,5.705061,13.759959,1,24.259607,-1,-1,289.46650106182625,1.2430858875695932,204.2483157434746,-56.528662715395605,0,6147.4443,6140.803,6154.6304,0.1868,0.159,0.0858,3.9402076561622668
500037.0,5340215349223413504,235555,166.10133,-58.42266999999999,1.071,14.779,2.553,2.6186,0.0228,0.0365,0,1,166.10133,-58.42266999999999,5340215349223413504,5340215349223413504,0.07093933,-0.01480484,166.1012688846652,-58.42264793919107,2.052810829798614,0.017830668,115.1281,-9.936994247442648,4.9015503686748785,1.0467095,816.37463,14.581422,212.81252,23721.917817500605,312.34396,1.2613279,0,0,1,0,1.4046354,0.633235,0.77140045,-15.690699,9.220505,2,4.1461267,-1,-1,289.2901294315343,1.5854127985806687,203.73207168180235,-56.27047815822582,0,nan,nan,nan,nan,nan,nan,6.1431665031053555
nan,5338703967416293376,241392,166.05646,-58.68952999999999,0.958,14.948,2.395,8.6627,0.3991,0.019,2,0,166.05646,-58.68952999999999,5338703967416293376,5338703967416293376,0.04365408,-0.012779236,166.0563940777258,-58.68951994755872,2.0765711739086243,0.019410677,106.98087,-10.457512102571199,6.172107510659997,1.1037642,1872.2151,14.671906,421.33804,20527.63986691694,573.8384,1.2514192,0,36,0,37,1.2332983,0.5284395,0.7048588,-27.37166,5.6276107,2,4.6694484,-1,-1,289.37576607777896,1.331562852459917,204.03777556383807,-56.47810877755949,0,4808.8574,4798.1587,4818.6167,0.2474,0.1944,0.1036,6.258640576379932
nan,5338711045522449664,248927,166.00167,-58.61927999999999,1.258,16.575,3.237,1.0866,0.0212,0.0561,0,0,166.00167,-58.61927999999999,5338711045522449664,5338711045522449664,0.037866123,-0.015665054,166.0016147431071,-58.61926837518547,2.118382035195054,0.031727355,66.76831,-10.018945172971113,5.74350558028335,1.079867,681.39716,16.038967,99.5823,7017.657216446777,205.32973,1.3332409,0,1,0,0,1.6576471,0.7510948,0.9065523,nan,nan,-1,nan,-1,-1,289.32142838711405,1.3844437324702807,203.91203088414554,-56.44775912223615,0,nan,nan,nan,nan,nan,nan,7.668988556409962
203490.0,5338701974551797504,253936,165.96129,-58.826249999999995,0.862,14.267,2.179,7.5689,0.2261,0.0402,1,1,165.96129,-58.826249999999995,5338701974551797504,5338701974551797504,0.29303905,0.001493454,165.96125477520835,-58.826210461321324,1.9090559068345399,0.09505004,20.084745,-10.320895192772179,4.859967158382923,9.03767,808.074,14.11592,477.08478,34631.0714576134,440.48648,1.3204762,0,50,0,49,1.107523,0.39083385,0.7166891,4.1908364,9.572825,2,4.8245797,-1,-1,289.3855480632701,1.1865679207960238,204.147460196032,-56.61025547808981,0,6001.4663,6000.3726,6003.8193,0.8141,0.6719,0.3612,5.520013301453
nan,5338675139584899072,255331,165.94774999999998,-59.028079999999996,1.423,17.127,3.699,11.5505,0.8364,0.0346,2,0,165.94774999999998,-59.028079999999996,5338675139584899072,5338675139584899072,0.08348041,-0.0012741089,165.94769824080882,-59.02805481317862,2.051219758224395,0.04601715,44.575115,-10.294568902508896,5.677038472837662,1.0898867,877.2691,16.545788,152.69456,5120.9365910045635,246.26297,1.451712,0,41,0,40,1.9506149,0.87934875,1.0712662,nan,nan,-1,nan,-1,-1,289.4604613179558,0.9990042007400954,204.3965849720994,-56.75880638167642,0,4058.3618,4014.3857,4098.7764,0.7027,0.4993,0.2754,8.105848767122922
nan,5338702833544812160,261090,165.90545999999998,-58.760859999999994,0.578,13.093,1.5,4.5467,0.028,0.0247,1,1,165.90545999999998,-58.760859999999994,5338702833544812160,5338702833544812160,0.041961506,-0.01224041,165.90539075684586,-58.76082638326679,2.0719266289021006,0.020512987,101.00561,-10.673433688306417,6.413571138644822,1.3354274,2350.7947,12.9662485,782.3042,81506.3661471467,889.96155,1.200622,0,10,0,8,0.8251219,0.3287897,0.49633217,7.5274353,2.5148833,2,16.439306,-1,-1,289.33269050983796,1.2347362286976966,204.02671728948584,-56.58390470068763,0,5583.353,5579.3174,5591.3125,0.0036,0.003,0.0016,4.548120372780911
nan,5338702867904568704,263288,165.88821,-58.73302999999999,0.757,13.921,1.781,6.8571,0.5776,0.018,2,1,165.88821,-58.73302999999999,5338702867904568704,5338702867904568704,0.2209503,-0.0055122375,165.8881547347379,-58.733014743499716,2.0907808224286955,0.046003796,45.448006,-10.198806499325425,4.804284214580625,4.3309026,1247.8508,13.787437,421.70135,43210.92574346033,260.27325,1.2748525,0,49,0,49,0.9816141,0.35308838,0.62852573,17.26175,8.330257,2,5.5343595,-1,-1,289.3132788402679,1.256572405219362,203.9797653411447,-56.570317177888086,0,5522.388,5495.8945,5547.1396,0.2722,0.2246,0.1211,5.388979978474337
810203.0,5338680912040907776,275323,165.78366999999997,-58.900499999999994,1.175,16.087,2.968,1.3249,0.0036,0.0733,1,0,165.78366999999997,-58.900499999999994,5338680912040907776,5338680912040907776,0.04449243,-0.016524315,165.7835975632831,-58.900462643594935,2.0847487874701542,0.025555499,81.57731,-10.831876298195937,5.706319643156925,0.99859875,885.20447,15.488473,167.4758,10942.799867255106,175.55522,1.3076473,0,26,0,26,1.493866,0.65546703,0.83839893,nan,nan,-1,nan,-1,-1,289.3314964787949,1.0815355984522506,204.1232672775527,-56.7276245654519,0,4719.338,4708.231,4730.408,0.7607,0.5825,0.3109,7.083741588111591
808892.0,5338706922353706880,279013,165.75374999999997,-58.67341999999999,1.478,17.52,4.122,0.66,0.0001,0.0335,0,1,165.75374999999997,-58.67341999999999,5338706922353706880,5338706922353706880,0.12880172,-0.017354965,165.75366904427094,-58.67337899477944,2.147935592307839,0.050077695,42.892063,-10.142303710285718,5.537155338426844,1.0590286,1423.8573,16.681154,153.18982,4466.846653460853,469.18076,1.3702148,1,0,0,1,2.194806,1.1365452,1.0582609,nan,nan,-1,nan,-1,-1,289.22523846702114,1.2828353295127095,203.81341802977582,-56.57664377676843,0,3720.9915,3716.8,3726.7178,0.6864,0.4706,0.2734,8.341260523748621
