EPIC,Gaia,2MASS,RAdeg,DEdeg,Prot,C5Prot,C5Power,C5SProt,C5SPower,C5Clean,C5Q,C5Rvar,C5thresh,C5SNR,C16Prot,C16Power,C16SProt,C16SPower,C16Clean,C16Q,C16Rvar,C16thresh,C16SNR,C18Prot,C18Power,C18SProt,C18SPower,C18Clean,C18Q,C18Rvar,C18thresh,C18SNR,QFClean,Multi,Neigh,Harm,LCEvol,Previous,Bin,EPIC_t4,2MASS_t4,RAdeg_t4,DEdeg_t4,pmRA,pmDE,e_pmRA,e_pmDE,plx,e_plx,D,e_D,epsi,sepsi,RUWE,Bp-Rp,Gmag,Ksmag,RVel,e_RVel,Flag,dPM,dCMD-B-R,dCMD-grp,dRV,Multi_t4,AstBin,PhoBin,LitBin,WideBin,Binary,Tail,k2data,Teff,Mass,SpType,Prot_t4,QFClean_t4,Previous_t4,LCEvol_t4,dr3_source_id,ra,dec,parallax,parallax_error,parallax_over_error,pmra,pmdec,ruwe,phot_g_mean_flux_over_error,phot_g_mean_mag,phot_bp_mean_flux_over_error,phot_rp_mean_flux,phot_rp_mean_flux_over_error,phot_bp_rp_excess_factor,phot_bp_n_contaminated_transits,phot_bp_n_blended_transits,phot_rp_n_contaminated_transits,phot_rp_n_blended_transits,bp_rp,bp_g,g_rp,radial_velocity,radial_velocity_error,rv_method_used,rv_expected_sig_to_noise,vbroad,vbroad_error,l,b,ecl_lon,ecl_lat,non_single_star,teff_gspphot,teff_gspphot_lower,teff_gspphot_upper,azero_gspphot,ag_gspphot,ebpminrp_gspphot,M_G
211998019,Gaia EDR3 663805754152866688,2MASS J08252503+2013177,126.3543,20.2216,18.32,18.32,0.35,0.51,0.16,1.0,0.0,0.002,0.008,93.0,nan,nan,nan,nan,nan,nan,nan,nan,nan,9.99,0.18,20.42,0.13,0.0,1.0,0.015,0.01,89.0,1,1,0,1,0,18.55,1,211998019,2MASS J08252503+2013177,126.3543,20.2216,-32.727,-11.974,0.033,0.025,5.266,0.037,189.9,1.32,0.061,0.674,1.087,2.37,15.42,11.93,nan,nan,0,3.31,0.134,0.217,nan,1,1,0,0,0,1,0,1,3505,0.5,M2.5,18.32,1,18.55,0,663805754152866688,126.35411555105567,20.221548839225395,5.265900709302501,0.036632888,143.7479,-32.72679343041739,-11.974371523100814,1.0866117,2093.5923,15.41893,254.49492,15093.986195255353,886.699,1.4068642,0,1,0,3,2.3739386,1.2558937,1.1180449,41.026455,10.805495,2,3.4499125,nan,nan,203.88353319416038,29.37658672907533,123.80122913707288,0.9464240406999087,0,3695.861,3686.5115,3707.3872,0.7855,0.5275,0.3203,9.026293383952599
212019518,Gaia EDR3 663890171733055488,2MASS J08285400+2034416,127.225,20.57822,23.83,nan,nan,nan,nan,nan,nan,nan,nan,nan,23.83,0.27,-9999.0,-9999.0,1.0,0.0,0.001,0.007,374.0,nan,nan,nan,nan,nan,nan,0.001,nan,nan,1,0,0,0,0,nan,1,212019518,2MASS J08285400+2034416,127.225,20.57822,-33.666,-16.601,0.017,0.013,5.619,0.017,177.97,0.55,0.081,8.993,1.158,1.51,12.36,9.82,44.0,7.13,0,4.32,0.954,0.968,9.0,0,1,1,0,0,1,0,1,4336,0.9,K5.5,23.83,1,nan,0,663890171733055488,127.22481717185988,20.578136998622952,5.619048695721571,0.017253153,325.68243,-33.6655609334792,-16.601457831042538,1.1578668,5116.539,12.363141,1576.5831,189245.12528722908,2786.221,1.2673483,0,0,0,0,1.5051012,0.69729424,0.80780697,45.549118,5.894593,1,34.566387,45.117985,10.1339,203.82508562260256,30.2657370927865,124.5090134627988,1.487192527779041,0,4339.469,4336.1377,4342.6104,0.1714,0.1279,0.0676,6.1114550388154925
211889082,Gaia EDR3 662291383044141824,2MASS J08295706+1834000,127.48777,18.56668,12.37,12.37,0.55,5.67,0.14,1.0,0.0,0.015,0.008,139.0,nan,nan,nan,nan,nan,nan,nan,nan,nan,1.87,0.69,5.39,0.07,1.0,0.0,0.023,0.012,135.0,1,1,0,0,1,12.37,1,211889082,2MASS J08295706+1834000,127.48777,18.56668,-33.356,-12.913,0.047,0.036,5.573,0.048,179.42,1.56,0.33,40.26,2.1,2.19,14.66,11.3,nan,nan,0,2.54,0.318,0.401,nan,1,1,0,0,1,1,0,1,3602,0.6,M1.5,12.37,1,12.37,1,662291383044141824,127.48762418413952,18.566634820877173,5.573446638992111,0.048374556,115.214424,-33.35590185943501,-12.913110131394298,2.0999932,1169.1768,14.6616125,276.90524,29042.699567473366,478.906,1.3874372,0,0,1,0,2.192048,1.120739,1.0713091,41.453705,6.4714437,2,11.331454,nan,nan,206.09955261667918,29.786403567357286,125.23490270070123,-0.40506235881330027,0,3659.8455,3638.2124,3671.4707,0.5454,0.3729,0.2189,8.39223174810218
212009427,Gaia EDR3 663140171661012480,2MASS J08312987+2024374,127.87448,20.41041,1.55,1.56,0.92,0.78,0.03,1.0,0.0,0.022,0.008,183.0,1.55,0.89,0.78,0.03,1.0,0.0,0.025,0.008,172.0,1.55,0.81,0.78,0.02,1.0,0.0,0.064,0.012,178.0,1,0,0,0,0,1.55,1,212009427,2MASS J08312987+2024374,127.87448,20.41041,-34.448,-13.36,0.021,0.015,5.434,0.019,184.02,0.66,0.0,0.0,1.08,2.03,13.99,10.77,nan,nan,0,1.52,0.665,0.628,nan,0,0,1,0,0,1,0,1,3749,0.7,M1,1.55,1,1.55,0,663140171661012480,127.87430358666995,20.410364008210834,5.434233003065411,0.01941475,279.90228,-34.44830979797944,-13.359666222305432,1.0798485,909.1928,13.990405,206.62787,50925.35524839106,374.56607,1.3503147,0,0,0,0,2.0302038,1.020359,1.0098448,55.29411,5.333926,2,15.22463,nan,nan,204.2513792242947,30.77898279461509,125.140127653329,1.471961862027337,0,4044.0813,4033.6602,4048.6838,0.7691,0.5395,0.3073,7.666096361113603
212045786,Gaia EDR3 665426846608828928,2MASS J08313281+2101280,127.88674,21.02445,9.57,nan,nan,nan,nan,nan,nan,nan,nan,nan,9.57,0.79,4.76,0.16,1.0,0.0,0.047,0.007,186.0,nan,nan,nan,nan,nan,nan,0.096,nan,nan,1,0,0,0,0,9.64,1,212045786,2MASS J08313281+2101280,127.88674,21.02445,-34.075,-13.872,0.032,0.024,5.397,0.031,185.29,1.05,0.15,13.39,1.531,1.72,13.93,11.12,nan,nan,0,2.07,0.017,-0.019,nan,0,0,0,0,1,1,0,1,3996,0.6,K8,9.57,1,9.64,0,665426846608828928,127.88658873165656,21.02435538527077,5.39694358463509,0.030689098,175.85866,-34.07521963436694,-13.871965476505192,1.5308992,1214.6753,13.931628,302.35605,48462.231511948376,425.6868,1.3007376,0,0,0,0,1.7232809,0.8260393,0.8972416,35.38702,3.891984,2,12.371804,nan,nan,203.58357642808622,30.99965498327529,125.00116847783984,2.0701477979169605,1,nan,nan,nan,nan,nan,nan,7.592367618829428
211898294,Gaia EDR3 662633228081183872,2MASS J08324972+1842062,128.20718,18.70175,18.21,18.21,0.59,8.3,0.16,1.0,0.0,0.002,0.008,401.0,nan,nan,nan,nan,nan,nan,nan,nan,nan,18.09,0.28,5.39,0.08,1.0,1.0,0.004,0.014,394.0,1,0,0,0,1,17.81,1,211898294,2MASS J08324972+1842062,128.20718,18.70175,-34.076,-12.17,0.018,0.012,5.364,0.017,186.44,0.59,0.048,2.549,1.024,1.39,12.38,10.06,38.39,2.6,0,1.96,0.713,0.745,3.39,0,0,1,0,0,1,0,1,4525,0.9,K4.5,18.21,1,17.81,1,662633228081183872,128.20700625332148,18.701699153052562,5.363839977932667,0.017094404,313.77756,-34.07593006649068,-12.169697796853594,1.0235454,3730.5234,12.377144,1189.7697,178129.6210658199,1901.1401,1.2499176,0,0,0,0,1.3877535,0.6316652,0.75608826,36.71347,3.6622362,1,31.246876,26.04364,8.645655,206.23817282941988,30.470905155620567,125.86300203120113,-0.10771348550118029,0,4550.9297,4542.0044,4558.6235,0.1639,0.1246,0.065,6.024522924126597
211923569,Gaia EDR3 662661540505500160,2MASS J08331440+1904364,128.31001,19.07679,15.65,15.65,0.85,7.44,0.03,1.0,0.0,0.019,0.008,96.0,nan,nan,nan,nan,nan,nan,nan,nan,nan,14.11,0.54,5.23,0.02,1.0,1.0,0.02,0.014,88.0,1,0,0,0,0,15.57,0,211923569,2MASS J08331440+1904364,128.31001,19.07679,-33.528,-12.718,0.037,0.031,5.308,0.036,188.41,1.28,0.089,1.181,1.102,2.29,15.45,12.09,nan,nan,0,2.38,-0.129,-0.114,nan,0,0,0,0,0,0,0,1,3536,0.5,M2,15.65,1,15.57,0,662661540505500160,128.30983838772445,19.07673781165812,5.3074669851032645,0.036125995,146.91545,-33.52835532893346,-12.718418068770319,1.1021917,1764.1711,15.448019,239.57805,14311.267952734173,607.6474,1.3883792,0,2,0,1,2.2882156,1.1988964,1.0893192,25.239595,10.106371,2,4.3284035,nan,nan,205.87174933217003,30.695875517284165,125.86492359386891,0.2797351263673936,0,3680.465,3674.8606,3686.1511,0.6529,0.442,0.2634,9.07245553438053
212034371,Gaia EDR3 664625302630788608,2MASS J08355696+2049346,128.98734,20.8263,1.22,1.21,0.37,-9999.0,-9999.0,1.0,0.0,0.012,0.009,552.0,nan,nan,nan,nan,nan,nan,nan,nan,nan,1.22,0.13,-9999.0,-9999.0,1.0,0.0,0.06,0.011,532.0,1,0,0,0,0,1.21,1,212034371,2MASS J08355696+2049346,128.98734,20.8263,-35.56,-14.211,0.02,0.015,5.324,0.019,187.85,0.67,0.098,14.5,0.897,1.0,11.64,9.83,32.34,7.76,0,1.35,0.192,0.378,2.66,0,0,1,1,0,1,0,1,5237,1.0,K0.5,1.22,1,1.21,0,664625302630788608,128.9871150226711,20.826251463129406,5.323526676549206,0.019121679,278.40268,-35.55976878084927,-14.211436452853569,0.89686835,1146.5804,11.636927,239.41348,305526.02094693476,380.35855,1.2349243,0,37,0,37,1.0003843,0.39873314,0.6016512,34.104748,6.002735,1,36.815353,nan,nan,204.20985928869007,31.89991277715093,126.04686511758786,2.1325608685653443,0,5671.387,5654.0527,5683.6675,0.3888,0.3204,0.171,5.267923824438487
211933636,Gaia EDR3 662768914687563776,2MASS J08360898+1913481,129.03743,19.23003,18.89,18.89,0.79,6.36,0.01,1.0,0.0,0.009,0.008,90.0,nan,nan,nan,nan,nan,nan,nan,nan,nan,17.88,0.44,9.34,0.34,0.0,0.0,0.021,0.011,89.0,1,0,0,1,1,18.21,0,211933636,2MASS J08360898+1913481,129.03743,19.23003,-35.023,-13.211,0.047,0.03,5.493,0.05,182.05,1.67,0.0,0.0,0.939,2.34,15.47,12.04,nan,nan,0,0.93,-0.102,-0.096,nan,0,0,0,0,0,0,0,1,3519,0.5,M2.5,18.89,1,18.21,1,662768914687563776,129.03722785773323,19.22995147831003,5.492878688358722,0.05025532,109.299446,-35.02278811183794,-13.211240605619796,0.9385614,1397.3497,15.466321,161.4822,14223.73329562762,601.87805,1.3927557,0,1,0,1,2.3365946,1.2356348,1.1009598,37.293293,13.048645,2,2.7755208,nan,nan,205.9887040436188,31.392705714834918,126.49241581942053,0.5989379058538443,0,3599.8008,3590.8972,3608.3958,0.661,0.4449,0.2673,9.165321029624753
211955417,Gaia EDR3 662784307849089536,2MASS J08364957+1933230,129.20655,19.55641,11.61,12.02,0.75,5.66,0.05,1.0,0.0,0.019,0.01,251.0,nan,nan,nan,nan,nan,nan,nan,nan,nan,11.22,0.85,5.45,0.05,1.0,0.0,0.021,0.011,253.0,1,1,0,0,0,12.23,1,211955417,2MASS J08364957+1933230,129.20655,19.55641,-38.439,-13.608,0.085,0.066,5.172,0.087,193.36,3.23,0.62,204.9,2.076,1.9,13.8,10.29,nan,nan,0,2.64,0.63,6.221,nan,1,1,1,0,1,1,0,1,3840,0.8,M0,11.61,1,12.23,0,662784307849089536,129.20634695588996,19.556216849846603,5.171824920802242,0.08651705,59.7781,-38.43905487446853,-13.607729017703196,2.0763626,662.9311,13.803733,80.05618,86683.41211020977,96.164764,1.9891189,0,33,0,32,1.8952999,0.49462223,1.4006777,33.95286,5.3220944,2,6.7655277,nan,nan,205.69604793623566,31.65664618083133,126.56494333649411,0.954799627019751,0,nan,nan,nan,nan,nan,nan,7.37195194452779
211915860,Gaia EDR3 659724195191319936,2MASS J08365626+1857480,129.23442,18.96334,4.8,4.83,0.8,2.38,0.15,1.0,0.0,0.024,0.009,164.0,nan,nan,nan,nan,nan,nan,nan,nan,nan,4.78,0.86,1.0,0.05,1.0,0.0,0.07,0.012,165.0,1,1,0,0,1,4.81,1,211915860,2MASS J08365626+1857480,129.23442,18.96334,-35.24,-11.907,0.086,0.061,5.984,0.096,167.11,2.68,0.59,147.9,3.926,2.12,14.22,10.91,nan,nan,0,1.19,0.401,0.394,nan,1,0,1,0,1,1,0,1,3667,0.6,M1.5,4.8,1,4.81,1,659724195191319936,129.23422389393318,18.963272666270957,5.983975354256433,0.09595965,62.359287,-35.23989711276684,-11.906876260314693,3.9262412,1292.7592,14.222534,211.39809,42344.25526028376,426.0032,1.3665241,0,0,0,1,2.1229963,1.0813713,1.041625,65.48223,5.521107,2,8.569577,nan,nan,206.35823381998787,31.472426222770597,126.73957227831364,0.3875390750441719,1,nan,nan,nan,nan,nan,nan,8.107483160509902
212003893,Gaia EDR3 664404713111939072,2MASS J08365659+2019101,129.23583,20.31947,2.13,2.13,0.66,16.33,0.14,1.0,0.0,0.015,0.008,125.0,nan,nan,nan,nan,nan,nan,nan,nan,nan,2.12,0.56,1.06,0.26,1.0,0.0,0.02,0.014,125.0,1,1,0,0,0,2.13,1,212003893,2MASS J08365659+2019101,129.23583,20.31947,-36.081,-14.723,0.117,0.082,5.019,0.117,199.23,4.66,0.687,124.2,4.143,2.38,14.76,11.23,nan,nan,0,1.83,0.931,1.233,nan,1,0,1,0,1,1,0,1,3503,0.6,M2.5,2.13,1,2.13,0,664404713111939072,129.23563328689335,20.319388288522426,5.019285125248165,0.11738599,42.75881,-36.08075305734073,-14.723027068700464,4.142662,957.6048,14.757496,223.26562,28311.679228580175,330.353,1.4338951,0,1,0,0,2.3789253,1.2394104,1.1395149,-41.240818,6.6043277,2,5.335291,nan,nan,204.86466892360204,31.946387857503385,126.39953745933012,1.7003494600430071,0,nan,nan,nan,nan,nan,nan,8.260705214589011
211954140,Gaia EDR3 662784101691882624,2MASS J08370352+1932096,129.26468,19.53601,19.37,9.54,0.38,19.51,0.24,0.0,1.0,0.005,0.008,85.0,nan,nan,nan,nan,nan,nan,nan,nan,nan,19.37,0.74,-9999.0,-9999.0,1.0,0.0,0.03,0.013,86.0,1,0,0,1,1,21.94,1,211954140,2MASS J08370352+1932096,129.26468,19.53601,-35.967,-12.078,0.135,0.101,5.244,0.146,190.71,5.32,0.919,117.6,3.291,2.41,15.56,12.1,nan,nan,0,0.82,0.066,0.37,nan,0,0,0,0,1,1,0,1,3486,0.5,M2.5,19.37,1,21.94,1,662784101691882624,129.26451262870913,19.53595846052123,5.2437305396805485,0.14638793,35.82078,-35.96677490968543,-12.077692960446633,3.2905092,850.4929,15.5561075,147.34209,13647.771799041813,647.30774,1.4367247,0,1,0,0,2.4052668,1.2594004,1.1458664,34.37995,16.08218,2,3.4616978,nan,nan,205.7408632940496,31.700922950372316,126.62309901960673,0.948985988319021,0,3557.6577,3552.7256,3562.571,0.6782,0.4525,0.2765,9.154309353255895
211929178,Gaia EDR3 659768553613526400,2MASS J08372819+1909443,129.36749,19.16233,1.24,0.84,0.07,0.88,0.02,1.0,1.0,0.001,0.008,1550.0,nan,nan,nan,nan,nan,nan,nan,nan,nan,1.24,0.06,0.85,0.06,0.0,1.0,0.001,0.011,1536.0,0,0,0,1,0,0.84,1,211929178,2MASS J08372819+1909443,129.36749,19.16233,-36.074,-14.092,0.247,0.181,5.741,0.251,174.18,7.62,1.701,2786.0,10.635,0.56,9.36,8.4,nan,nan,0,1.2,-0.125,0.037,nan,0,0,0,0,1,1,0,1,6593,1.4,F4,1.24,0,0.84,0,659768553613526400,129.36731131591745,19.162281606350412,5.741232682856815,0.251254,22.850315,-36.07426793471729,-14.092230616677433,10.634952,5935.3057,9.359429,2580.8135,1983342.2010594665,2692.7285,1.1838219,0,0,0,0,0.5606861,0.20565796,0.35502815,37.1032,1.2699274,1,118.38993,nan,nan,206.1920309133168,31.660505871956147,126.81116392948385,0.6118211749392468,1,6597.477,6581.1987,6613.095,0.0142,0.0125,0.0067,3.1544551018153832
212021253,Gaia EDR3 664419556518886272,2MASS J08372845+2036286,129.36856,20.60795,7.24,7.24,0.87,3.61,0.05,1.0,0.0,0.034,0.007,128.0,nan,nan,nan,nan,nan,nan,nan,nan,nan,6.88,0.32,3.61,0.12,1.0,0.0,0.012,0.011,127.0,1,0,0,0,1,7.22,0,212021253,2MASS J08372845+2036286,129.36856,20.60795,-37.0,-14.401,0.036,0.023,5.648,0.039,177.06,1.21,0.0,0.0,1.019,2.1,14.73,11.49,nan,nan,0,1.86,-0.004,-0.025,nan,0,0,0,0,0,0,0,1,3691,0.5,M1,7.24,1,7.22,1,664419556518886272,129.3684114424142,20.607863082559692,5.647790338373768,0.03848973,146.735,-36.99962982042486,-14.400658335728615,1.0188429,1179.0997,14.732194,157.42197,26261.865005713255,347.69247,1.361321,1,0,0,0,2.0983753,1.0657625,1.0326128,28.156698,9.004394,2,5.8993773,nan,nan,204.59463980543345,32.16159660714361,126.44722298604447,2.01086721525644,0,3884.443,3876.5056,3891.7815,0.6618,0.4594,0.2636,8.491586777480784
211953263,Gaia EDR3 664281396011231744,2MASS J08373242+1931180,129.38512,19.52169,1.8,1.8,0.57,0.9,0.28,1.0,0.0,0.015,0.008,100.0,nan,nan,nan,nan,nan,nan,nan,nan,nan,1.8,0.5,0.9,0.34,0.0,0.0,0.044,0.013,95.0,1,0,0,1,0,1.81,0,211953263,2MASS J08373242+1931180,129.38512,19.52169,-34.331,-13.573,0.035,0.024,5.36,0.036,186.56,1.27,0.025,0.12,1.035,2.31,15.26,11.79,nan,nan,0,1.71,0.101,0.149,nan,0,0,0,0,0,0,0,1,3527,0.5,M2,1.8,1,1.81,0,664281396011231744,129.38496719173872,19.521606295595998,5.360287750671979,0.036429428,147.1417,-34.33064677990803,-13.572713984314788,1.03541,901.1783,15.258238,169.47385,17203.715165184676,271.211,1.3955559,0,3,0,0,2.3143559,1.2149582,1.0993977,-122.10551,8.996832,2,4.990342,nan,nan,205.8033337423496,31.8022744783453,126.73659134386514,0.96371855111147,0,3559.41,3555.7793,3563.7976,0.6193,0.4169,0.2501,8.904178359200262
211927313,Gaia EDR3 659756493345357056,2MASS J08374235+1908015,129.4265,19.13376,3.07,3.07,0.21,20.43,0.07,1.0,0.0,0.001,0.009,1332.0,nan,nan,nan,nan,nan,nan,nan,nan,nan,19.37,0.14,3.41,0.11,0.0,2.0,0.003,0.012,1318.0,1,1,0,0,1,3.06,1,211927313,2MASS J08374235+1908015,129.4265,19.13376,-34.974,-12.04,0.037,0.026,5.383,0.035,185.78,1.22,0.24,70.62,1.938,0.64,9.69,8.58,31.67,4.14,0,1.26,0.235,0.259,3.33,1,0,0,1,1,1,0,1,6352,1.4,F6,3.07,1,3.06,1,659756493345357056,129.42634551540039,19.13371822703005,5.382581884102439,0.035369337,152.18216,-34.97424684911495,-12.040460970835046,1.9377162,4583.6045,9.691746,2391.4292,1515864.6426518045,3940.0515,1.1870546,0,0,0,0,0.63597584,0.2404747,0.39550114,34.333702,4.413084,1,93.927536,nan,nan,206.24656474363067,31.702604785263876,126.87234032969535,0.5982634131673975,0,6390.437,6357.1816,6408.262,0.0695,0.0603,0.0325,3.346698984945176
211952707,Gaia EDR3 661279042073291776,2MASS J08374982+1930508,129.45761,19.51412,15.69,15.57,0.6,7.5,0.23,1.0,0.0,0.011,0.008,113.0,nan,nan,nan,nan,nan,nan,nan,nan,nan,15.81,0.64,7.79,0.1,1.0,0.0,0.03,0.012,106.0,1,0,0,0,1,15.41,0,211952707,2MASS J08374982+1930508,129.45761,19.51412,-35.386,-12.765,0.033,0.021,5.418,0.034,184.56,1.16,0.0,0.0,1.03,2.16,15.01,11.78,nan,nan,0,0.53,-0.052,-0.095,nan,0,0,0,0,0,0,0,1,3633,0.5,M1.5,15.69,1,15.41,1,661279042073291776,129.4574574932498,19.51405260462688,5.418296385734038,0.034081046,158.98268,-35.385992954781,-12.765264275100396,1.0297942,1340.769,15.009888,266.33206,20609.21168219982,372.06064,1.3650242,0,2,0,0,2.1576824,1.1105366,1.0471458,32.321854,12.304906,2,5.586662,nan,nan,205.83976110351068,31.863654800346307,126.8046179201607,0.9736708627215465,0,3787.2114,3785.2576,3789.6448,0.6299,0.434,0.2506,8.679201483560362
211857507,Gaia EDR3 659443819726136704,2MASS J08383067+1807182,129.62782,18.12175,2.53,nan,nan,nan,nan,nan,nan,nan,nan,nan,2.53,0.61,1.43,0.1,1.0,0.0,0.008,0.007,114.0,nan,nan,nan,nan,nan,nan,0.018,nan,nan,1,0,0,0,0,nan,1,211857507,2MASS J08383067+1807182,129.62782,18.12175,-33.89,-11.649,0.1,0.066,5.551,0.108,180.14,3.5,0.533,59.84,2.585,2.48,14.97,11.29,nan,nan,0,2.37,0.765,1.181,nan,0,0,1,0,1,1,0,1,3417,0.6,M3,2.53,1,nan,0,659443819726136704,129.62763923415696,18.121722432764166,5.5511741795890615,0.10769301,51.54628,-33.889654686857945,-11.649204733012258,2.5853832,1534.3314,14.97085,165.8492,23989.05244941716,175.18057,1.4571277,0,13,0,15,2.482153,1.309166,1.172987,39.06722,8.123221,2,4.761965,nan,nan,207.43640407216085,31.51888790556492,127.31308083027338,-0.3324741578680224,0,nan,nan,nan,nan,nan,nan,8.692774263018006
211988454,Gaia EDR3 664324684984105728,2MASS J08385001+2004035,129.70839,20.06766,8.44,8.44,0.25,22.08,0.16,0.0,1.0,0.001,0.008,855.0,nan,nan,nan,nan,nan,nan,nan,nan,nan,11.61,0.2,5.07,0.06,1.0,3.0,0.01,0.012,844.0,0,1,0,0,1,8.44,1,211988454,2MASS J08385001+2004035,129.70839,20.06766,-35.005,-13.68,0.024,0.017,5.398,0.024,185.26,0.83,0.085,8.714,1.037,0.76,10.66,9.37,28.34,6.62,0,1.19,0.012,-0.027,6.66,1,0,0,1,0,1,0,1,6014,1.1,F9.5,8.44,0,8.44,1,664324684984105728,129.70819688844887,20.067588056857815,5.397721759335619,0.024260145,222.4934,-35.0049117337833,-13.68025431437681,1.036737,6168.9707,10.658025,1942.958,660482.7860740898,3095.253,1.1951938,0,0,0,0,0.75547886,0.29569626,0.4597826,31.34505,3.2441554,1,54.464764,7.7058196,3.4484348,205.32342692277098,32.27672126558206,126.89252585943885,1.568935234902753,0,5872.0923,5870.5933,5874.062,0.0008,0.0007,0.0004,4.3190772572717115
211937293,Gaia EDR3 661257154920147072,2MASS J08385527+1917017,129.7303,19.28382,18.21,18.21,0.67,9.57,0.05,1.0,0.0,0.007,0.008,109.0,19.26,0.62,9.14,0.04,1.0,0.0,0.007,0.009,111.0,16.97,0.52,9.06,0.11,1.0,1.0,0.006,0.011,110.0,1,0,0,0,0,18.11,0,211937293,2MASS J08385527+1917017,129.7303,19.28382,-35.584,-13.008,0.032,0.023,5.415,0.034,184.68,1.17,0.0,0.0,0.984,2.21,15.06,11.74,nan,nan,0,0.33,0.029,-0.001,nan,0,0,0,0,0,0,0,1,3584,0.5,M2,18.21,1,18.11,0,661257154920147072,129.73009583155988,19.283768956561136,5.414773515906149,0.034354165,157.61621,-35.58399991300074,-13.008165713174202,0.98366714,1817.2384,15.061287,365.9506,19962.658201142964,765.72235,1.3732933,0,1,0,1,2.2123613,1.1484241,1.0639372,32.186573,8.69615,2,4.143498,nan,nan,206.20007300932463,32.02390345322954,127.11180068277682,0.816115441423758,0,3726.4905,3723.644,3730.8916,0.5824,0.3981,0.2338,8.729188406654028
211985566,Gaia EDR3 664320497393421952,2MASS J08391453+2001191,129.81056,20.022,17.37,17.47,0.79,-9999.0,-9999.0,1.0,0.0,0.018,0.008,111.0,nan,nan,nan,nan,nan,nan,nan,nan,nan,17.26,0.72,8.4,0.2,1.0,0.0,0.034,0.011,110.0,1,0,0,0,0,17.68,0,211985566,2MASS J08391453+2001191,129.81056,20.022,-36.403,-13.488,0.035,0.029,5.428,0.032,184.22,1.09,0.0,0.0,1.037,2.18,15.05,11.72,nan,nan,0,0.77,-0.044,-0.045,nan,0,0,0,0,0,0,0,1,3614,0.5,M1.5,17.37,1,17.68,0,664320497393421952,129.81036568416374,20.021925664837376,5.428314771416809,0.03223642,168.39076,-36.40285615899853,-13.487761564489126,1.0366408,1543.8162,15.05092,304.3082,20045.666644523888,589.76245,1.373702,0,2,0,1,2.1790476,1.1209726,1.058075,30.052149,7.7602625,2,4.6991997,nan,nan,205.41318510967602,32.35117154703751,126.99700515398641,1.5492030497131257,0,3770.4019,3762.8276,3781.1184,0.6057,0.416,0.2423,8.724244648427156
211949097,Gaia EDR3 661268940310277888,2MASS J08392498+1927336,129.85408,19.45934,3.94,3.94,0.3,1.94,0.03,1.0,0.0,0.005,0.008,999.0,3.59,0.13,38.96,0.08,0.0,0.0,0.008,0.008,1009.0,3.99,0.55,22.4,0.05,1.0,0.0,0.013,0.012,985.0,1,0,0,0,1,4.14,1,211949097,2MASS J08392498+1927336,129.85408,19.45934,-35.013,-12.781,0.026,0.018,5.389,0.028,185.56,0.97,0.105,12.12,0.976,0.76,10.33,9.0,32.81,2.25,0,0.89,0.391,0.351,2.19,0,0,1,1,0,1,0,1,6003,1.2,F9.5,3.94,1,4.14,1,661268940310277888,129.85390844632494,19.459287719606724,5.3890364338391805,0.028133871,191.54976,-35.01254366746589,-12.781415134378763,0.97615886,2322.1353,10.330844,798.4252,896523.9941483836,1004.2097,1.195738,0,12,0,10,0.7643175,0.29996395,0.46435356,32.240353,6.187296,1,63.884792,nan,nan,206.05422701644662,32.19474997577783,127.1800742625332,1.0155891048454204,0,6014.1973,5968.6196,6042.9106,0.073,0.0618,0.0332,3.988399524252104
211950081,Gaia EDR3 661269043386545536,2MASS J08392858+1928251,129.86911,19.47365,11.01,10.22,0.32,5.11,0.21,0.0,0.0,0.003,0.008,618.0,11.38,0.05,5.09,0.01,1.0,0.0,0.022,0.007,626.0,11.79,0.37,5.22,0.32,0.0,1.0,0.007,0.011,610.0,1,0,0,1,1,10.49,1,211950081,2MASS J08392858+1928251,129.86911,19.47365,-35.756,-12.477,0.027,0.018,5.419,0.029,184.53,0.98,0.132,20.86,0.978,1.07,11.37,9.53,35.26,4.05,0,0.45,0.69,0.702,0.26,0,0,1,1,0,1,0,1,5095,1.0,K1.5,11.01,1,10.49,1,661269043386545536,129.86892844592822,19.473594513562976,5.4193228558734745,0.028739156,188.56932,-35.755698562002465,-12.47731493810403,0.977609,2002.0309,11.37276,891.375,393843.33750252123,1454.1527,1.2155448,0,0,0,0,1.07234,0.45916653,0.6131735,35.58327,2.9603837,1,37.12592,27.532217,14.997067,206.04422173997804,32.213013494178234,127.19012107836487,1.0330339782260713,0,5008.501,4997.698,5023.048,0.0122,0.0097,0.0051,5.042484943300671
211970678,Gaia EDR3 661313023854578560,2MASS J08392940+1947118,129.87253,19.78663,13.36,13.72,0.45,6.28,0.14,1.0,0.0,0.003,0.008,404.0,13.01,0.69,7.71,0.01,1.0,0.0,0.003,0.008,409.0,13.42,0.44,6.18,0.06,1.0,1.0,0.005,0.011,400.0,1,0,0,0,1,13.71,1,211970678,2MASS J08392940+1947118,129.87253,19.78663,-35.674,-12.983,0.079,0.055,5.191,0.077,192.64,2.86,0.443,203.3,4.022,1.25,12.3,10.06,nan,nan,0,0.24,0.434,0.533,nan,0,0,1,0,1,1,0,1,4747,0.9,K3.5,13.36,1,13.71,1,661313023854578560,129.87233206053688,19.78654770287144,5.190953552597934,0.07710623,67.322105,-35.67405599865825,-12.983344316527603,4.0217466,2440.8372,12.300881,669.3285,181879.02253853326,707.28516,1.2425938,0,0,0,0,1.2481508,0.54570866,0.70244217,32.88548,5.7386413,1,28.389536,9.973093,9.050656,205.69846490174874,32.32472036472489,127.11338490989988,1.3364545895684445,0,4660.9014,4615.932,4710.599,0.1918,0.1498,0.0801,5.877117100472308
211950844,Gaia EDR3 661270486498500352,2MASS J08393645+1929079,129.90189,19.48553,15.9,16.15,0.8,8.06,0.05,1.0,0.0,0.006,0.008,149.0,15.9,0.56,7.44,0.06,1.0,0.0,0.003,0.008,152.0,7.75,0.73,16.15,0.05,1.0,0.0,0.007,0.011,149.0,1,0,0,1,1,15.67,0,211950844,2MASS J08393645+1929079,129.90189,19.48553,-35.535,-13.662,0.029,0.02,5.41,0.03,184.85,1.02,0.0,0.0,1.044,1.91,14.43,11.39,nan,nan,0,0.84,-0.042,-0.117,nan,0,0,0,0,0,0,0,1,3833,0.6,M0.5,15.9,1,15.67,1,661270486498500352,129.9017236590819,19.485460838988974,5.409887366076698,0.029826581,181.37805,-35.53518832869521,-13.661964496525794,1.0438462,3236.7266,14.428582,548.03357,32588.729352118662,1510.0538,1.3260441,0,19,0,1,1.9080505,0.9446955,0.96335506,21.016804,5.527921,2,5.2947426,nan,nan,206.0438220630115,32.24612875427314,127.2169931717434,1.052395395960703,0,4170.9546,4168.8623,4172.887,0.7175,0.5132,0.2804,8.094523307387767
211947849,Gaia EDR3 661265951013145344,2MASS J08393836+1926272,129.90987,19.44089,11.59,11.21,0.83,6.1,0.01,1.0,0.0,0.003,0.007,400.0,11.97,0.56,5.17,0.05,1.0,0.0,0.003,0.008,402.0,9.14,0.38,5.19,0.06,1.0,1.0,0.002,0.011,397.0,1,1,0,0,1,10.53,1,211947849,2MASS J08393836+1926272,129.90987,19.44089,-34.763,-11.572,0.017,0.012,5.398,0.017,185.24,0.58,0.049,2.967,0.96,1.17,12.36,10.29,33.0,1.44,0,1.75,0.041,0.245,2.0,1,0,0,1,0,1,0,1,4992,0.8,K2.5,11.59,1,10.53,1,661265951013145344,129.90968877529275,19.440802608838624,5.398444417755352,0.016780678,321.70596,-34.762738184067075,-11.572168895069641,0.9601401,3509.703,12.356053,956.6613,169301.94024608203,819.05426,1.250736,0,33,0,34,1.1659985,0.48618603,0.67981243,31.415796,2.6141984,1,13.374647,nan,nan,206.09640198995928,32.23758638281421,127.2356553682788,1.0111329147933739,0,4885.2217,4881.5703,4888.43,0.0008,0.0006,0.0003,6.017396523590028
211983725,Gaia EDR3 664325170317925120,2MASS J08394103+1959288,129.92098,19.99136,4.17,2.08,0.65,4.22,0.23,1.0,1.0,0.011,0.008,136.0,nan,nan,nan,nan,nan,nan,nan,nan,nan,4.17,0.89,2.08,0.02,1.0,0.0,0.061,0.011,133.0,1,0,0,1,0,4.18,0,211983725,2MASS J08394103+1959288,129.92098,19.99136,-36.515,-14.029,0.029,0.024,5.358,0.029,186.63,1.0,0.091,2.47,1.15,2.08,14.62,11.32,nan,nan,0,1.29,0.175,0.141,nan,0,0,0,0,0,0,0,1,3712,0.6,M1,4.17,1,4.18,0,664325170317925120,129.9207961458658,19.9912803504382,5.358285858124496,0.028756734,186.33151,-36.5147275876975,-14.028666774306842,1.1502047,729.978,14.618325,134.41072,28935.27601302684,290.9889,1.3564144,0,0,0,0,2.0750647,1.0510654,1.0239992,-5.069725,6.5633197,2,7.825369,nan,nan,205.48950366838616,32.4380844532508,127.10519531025231,1.5460383703763587,0,nan,nan,nan,nan,nan,nan,8.263454628359506
211985987,Gaia EDR3 664325857512593920,2MASS J08394174+2001415,129.92396,20.02821,17.35,17.78,0.16,0.25,0.02,1.0,1.0,0.001,0.009,116.0,nan,nan,nan,nan,nan,nan,nan,nan,nan,17.07,0.07,1.42,0.02,1.0,1.0,0.003,0.011,115.0,0,0,0,0,0,nan,0,211985987,2MASS J08394174+2001415,129.92396,20.02821,-34.502,-12.798,0.031,0.025,5.339,0.032,187.29,1.11,0.067,0.992,1.104,2.09,14.95,11.76,nan,nan,0,1.4,-0.111,-0.173,nan,0,0,0,0,0,0,0,1,3695,0.5,M1,17.35,0,nan,0,664325857512593920,129.923772791556,20.02814802933215,5.339347826735232,0.031754248,168.14594,-34.50185511451257,-12.797745500629057,1.1044132,2806.7925,14.953092,357.20755,21301.459585395583,1004.4161,1.3543763,0,3,0,1,2.0941696,1.0679502,1.0262194,34.961533,11.09966,2,5.556919,nan,nan,205.4496136989923,32.4533763283444,127.09848221298213,1.5823979170632336,0,nan,nan,nan,nan,nan,nan,8.590532688800812
212019656,Gaia EDR3 664453778817920256,2MASS J08395128+2034499,129.9637,20.58055,1.83,1.84,0.85,0.92,0.08,1.0,0.0,0.021,0.009,107.0,nan,nan,nan,nan,nan,nan,nan,nan,nan,1.83,0.86,0.92,0.01,1.0,0.0,0.045,0.011,106.0,1,0,0,0,0,1.84,0,212019656,2MASS J08395128+2034499,129.9637,20.58055,-35.771,-13.601,0.035,0.022,5.492,0.034,182.07,1.11,0.0,0.0,1.02,2.27,15.09,11.59,nan,nan,0,0.71,0.111,0.157,nan,0,0,0,0,0,0,0,1,3543,0.5,M2,1.83,1,1.84,0,664453778817920256,129.96351510233762,20.580478253725722,5.4924030592027755,0.033635005,163.29425,-35.77065017088425,-13.600629124213235,1.019977,1253.5605,15.087264,194.95305,19920.9817265272,478.30695,1.3904127,0,3,0,1,2.2695084,1.1818628,1.0876455,-27.708294,8.658193,2,4.4221106,nan,nan,204.84849065078419,32.676535503030934,126.99333009228197,2.12591665249594,0,3623.0945,3614.421,3639.9204,0.5966,0.404,0.241,8.786076062833224
211914960,Gaia EDR3 661189260077235072,2MASS J08400223+1856569,130.0093,18.94917,19.01,22.25,0.64,8.81,0.06,1.0,0.0,0.006,0.007,132.0,19.01,0.54,-9999.0,-9999.0,1.0,0.0,0.005,0.008,137.0,18.31,0.42,0.82,0.01,1.0,0.0,0.006,0.011,135.0,1,0,0,0,1,nan,1,211914960,2MASS J08400223+1856569,130.0093,18.94917,-35.35,-11.768,0.047,0.036,5.228,0.05,191.28,1.83,0.233,15.57,1.596,2.39,14.63,11.16,nan,nan,0,1.26,0.965,1.002,nan,0,0,1,0,1,1,0,1,3501,0.6,M2.5,19.01,1,nan,1,661189260077235072,130.00911542576537,18.949103676210633,5.2277961501931145,0.05013035,104.28406,-35.350147910508284,-11.767929594348967,1.5955886,2186.5583,14.631183,551.45984,31144.465137369036,806.6491,1.4026294,0,0,0,1,2.3861322,1.269393,1.1167393,25.906933,7.4729843,2,6.652106,nan,nan,206.6793834880065,32.15273384129205,127.4520851128424,0.5597439364667037,0,nan,nan,nan,nan,nan,nan,8.222775893586153
211970520,Gaia EDR3 661310923612365312,2MASS J08400416+1947039,130.01736,19.78443,10.44,10.44,0.86,5.38,0.03,1.0,0.0,0.01,0.008,498.0,10.36,0.65,5.29,0.15,1.0,0.0,0.007,0.008,502.0,10.66,0.28,5.26,0.24,0.0,0.0,0.014,0.01,494.0,1,0,0,1,1,10.39,1,211970520,2MASS J08400416+1947039,130.01736,19.78443,-34.539,-13.893,0.299,0.197,5.632,0.302,177.55,9.53,1.797,4228.0,13.705,1.03,11.83,10.0,34.55,2.85,0,1.68,-0.0,0.047,0.45,0,0,0,1,1,1,0,1,5152,0.9,K1.5,10.44,1,10.39,1,661310923612365312,130.01717521526805,19.78438456730099,5.632100280785286,0.30232945,18.629017,-34.538575492421025,-13.893252286719878,13.705291,2614.5815,11.832636,677.9384,254759.20385972701,871.9433,1.2183387,0,0,0,0,1.0328655,0.4328003,0.60006523,34.562786,2.3794115,1,37.669502,6.8776565,5.810688,205.75665998339667,32.45186359629521,127.24574462045521,1.3691809970166686,1,nan,nan,nan,nan,nan,nan,5.585987774075347
211920022,Gaia EDR3 661190153430426880,2MASS J08400571+1901307,130.02381,19.0252,4.68,4.68,0.44,2.36,0.17,1.0,0.0,0.03,0.008,406.0,4.65,0.33,2.36,0.18,1.0,0.0,0.016,0.008,404.0,4.83,0.9,23.63,0.03,1.0,0.0,0.047,0.011,405.0,1,0,0,0,1,4.8,1,211920022,2MASS J08400571+1901307,130.02381,19.0252,-34.947,-12.575,0.016,0.011,5.363,0.016,186.47,0.57,0.026,0.841,0.961,1.28,12.31,10.01,49.39,18.58,0,1.01,0.479,0.576,14.39,0,0,1,0,0,1,0,1,4672,0.9,K3.5,4.68,1,4.8,1,661190153430426880,130.02364747228592,19.025129213225387,5.362769906739687,0.016276294,329.4835,-34.946810725982154,-12.574537056923702,0.9605141,647.86786,12.306109,183.41753,183709.17812162184,266.26538,1.2467209,0,2,0,2,1.2839317,0.5653906,0.71854115,28.41557,11.860475,1,26.810583,nan,nan,206.60109178943574,32.19244549225225,127.4459226605449,0.6367552095822246,0,4717.592,4709.032,4726.369,0.335,0.2612,0.1398,5.953055246731273
211960974,Gaia EDR3 661295461730107392,2MASS J08401231+1938222,130.05133,19.6395,3.89,nan,nan,nan,nan,nan,nan,nan,nan,nan,3.89,0.32,35.3,0.08,1.0,0.0,0.001,0.008,1307.0,nan,nan,nan,nan,nan,nan,0.002,nan,nan,1,0,0,0,0,nan,1,211960974,2MASS J08401231+1938222,130.05133,19.6395,-36.476,-13.096,0.069,0.05,5.679,0.073,176.08,2.27,0.446,178.5,2.865,0.64,9.77,8.67,33.11,1.66,0,0.61,0.069,0.104,1.89,0,0,0,0,1,1,0,1,6342,1.3,F6,3.89,1,nan,0,661295461730107392,130.05115412224634,19.639475229413726,5.679102729512643,0.0731652,77.62027,-36.476026166396416,-13.096089931991774,2.865444,4966.536,9.766602,2792.337,1418927.6003344052,3904.4985,1.1887903,0,0,0,0,0.63908005,0.24047375,0.3986063,33.673405,2.6044042,1,79.86507,nan,nan,205.9308702991467,32.43170631392419,127.3137718436105,1.2372847323000187,0,6391.2646,6373.0947,6405.259,0.0746,0.0647,0.0349,3.5380001861223906
211930461,Gaia EDR3 661211147230556160,2MASS J08402131+1910536,130.08883,19.18156,14.59,14.59,0.82,6.94,0.05,1.0,0.0,0.005,0.008,234.0,13.66,0.6,7.07,0.17,1.0,0.0,0.003,0.009,234.0,15.02,0.8,7.45,0.06,1.0,0.0,0.006,0.011,237.0,1,0,0,0,1,14.59,1,211930461,2MASS J08402131+1910536,130.08883,19.18156,-36.111,-12.674,0.026,0.018,5.411,0.025,184.82,0.86,0.0,0.0,0.935,1.77,13.96,11.19,24.62,7.48,0,0.31,0.092,0.319,10.38,0,0,0,0,0,1,0,1,3952,0.6,K9,14.59,1,14.59,1,661211147230556160,130.0887327432804,19.18175854710713,5.410819362687126,0.025164928,215.0143,-36.11059362554273,-12.67398483355408,0.93476903,2949.4233,13.962626,124.10937,49842.2310791575,138.92671,1.3621151,1,0,0,0,1.7677984,0.80907345,0.958725,37.389046,4.008086,2,6.3343043,nan,nan,206.45335118383963,32.30515142631232,127.46527773068505,0.8039094968306228,0,4276.4414,4263.673,4287.325,0.5971,0.4369,0.2332,7.628941634641361
211964001,Gaia EDR3 661297493252924416,2MASS J08402614+1941111,130.10895,19.68644,7.24,nan,nan,nan,nan,nan,nan,nan,nan,nan,3.61,0.61,7.24,0.14,1.0,0.0,0.001,0.009,3762.0,nan,nan,nan,nan,nan,nan,0.001,nan,nan,1,0,0,1,1,nan,1,211964001,2MASS J08402614+1941111,130.10895,19.68644,-35.754,-12.467,0.02,0.014,5.42,0.019,184.5,0.65,0.081,6.523,0.891,0.55,9.28,8.37,38.49,2.77,0,0.46,-0.015,0.155,3.49,0,0,0,0,0,1,0,1,6620,1.5,F4,7.24,1,nan,1,661297493252924416,130.10875033996464,19.686421177535856,5.420131727286553,0.019213649,282.098,-35.754495050693265,-12.466849485026936,0.89114755,6075.3677,9.279027,2197.043,2123928.0729409237,3886.8125,1.182003,0,0,0,0,0.55206585,0.20308495,0.3489809,34.83282,1.4745771,1,118.20762,83.65758,6.7435613,205.90095648904133,32.49885281232973,127.35418321656417,1.2965584015420593,0,6791.291,6781.962,6798.7666,0.089,0.0785,0.0421,2.9490761925268885
211896418,Gaia EDR3 659490510313883264,2MASS J08403360+1840282,130.14001,18.67452,9.83,9.66,0.68,4.74,0.08,1.0,0.0,0.004,0.008,602.0,9.85,0.75,31.6,0.04,1.0,0.0,0.004,0.007,605.0,9.83,0.6,4.67,0.08,1.0,0.0,0.006,0.012,597.0,1,0,0,0,1,9.46,1,211896418,2MASS J08403360+1840282,130.14001,18.67452,-36.834,-12.129,0.039,0.027,5.325,0.038,187.8,1.32,0.235,66.59,1.514,0.93,11.45,9.83,29.54,2.64,0,1.21,0.084,0.057,5.46,0,0,0,0,1,1,0,1,5407,1.0,G9,9.83,1,9.46,1,659490510313883264,130.13982136801272,18.674437301320392,5.324917559793757,0.037492316,142.0269,-36.83421124275569,-12.12867452228295,1.5142815,1161.5599,11.446361,410.74554,345588.90858041414,553.7506,1.2050183,0,0,0,0,0.92766285,0.3827982,0.54486465,30.654663,1.819179,1,42.15689,5.8302073,27.92296,207.03458504561124,32.17094752013547,127.64202825503483,0.325921310885237,0,5359.2944,5345.4224,5372.4766,0.0306,0.0251,0.0134,5.077925030220275
211933215,Gaia EDR3 661200083396357248,2MASS J08404189+1913255,130.17458,19.22375,6.03,6.11,0.59,2.97,0.08,1.0,0.0,0.005,0.008,951.0,0.39,0.02,0.3,0.01,0.0,3.0,0.021,0.007,1566.0,5.96,0.56,3.1,0.1,1.0,0.0,0.013,0.012,940.0,1,0,0,0,1,6.24,1,211933215,2MASS J08404189+1913255,130.17458,19.22375,-33.189,-13.286,0.475,0.293,5.804,0.482,167.59,0.03,2.335,5839.0,7.643,0.79,10.45,9.06,26.33,0.62,0,2.74,0.386,0.36,8.67,0,1,1,1,1,1,0,1,5908,1.2,G0,6.03,1,6.24,1,661200083396357248,130.1744184455167,19.223674496164975,5.803890708725515,0.48233634,12.03287,-33.18877158855516,-13.286470514390572,7.6430683,2129.1606,10.449558,798.5383,813941.8084457715,1077.9814,1.1988554,0,0,0,0,0.78829575,0.3101492,0.47814655,29.504772,2.0847845,1,67.624954,14.120217,4.4696164,206.44050601079383,32.395633187637216,127.53275003088977,0.865172527207867,3,5782.549,5757.4043,5814.528,0.0199,0.0168,0.009,4.268154386943436
212013132,Gaia EDR3 664436770747504128,2MASS J08404426+2028187,130.18445,20.47186,4.23,2.13,0.44,12.32,0.16,1.0,1.0,0.012,0.008,228.0,nan,nan,nan,nan,nan,nan,nan,nan,nan,4.23,0.56,13.01,0.13,1.0,0.0,0.051,0.014,217.0,1,0,0,1,1,4.27,1,212013132,2MASS J08404426+2028187,130.18445,20.47186,-37.553,-12.301,0.038,0.025,5.104,0.036,195.92,1.38,0.223,35.56,2.386,1.92,13.52,10.4,35.97,8.59,0,1.76,1.03,1.002,0.97,0,0,1,0,1,1,0,1,3824,0.8,M0.5,4.23,1,4.27,1,664436770747504128,130.18424061330467,20.47179583515698,5.104202425477252,0.03586684,142.30978,-37.55348810567959,-12.301060361103886,2.3862853,598.6877,13.521625,142.96864,76010.1836498499,254.99884,1.3370702,0,3,0,1,1.9236898,0.94778156,0.9759083,37.84182,4.3454547,2,15.416605,nan,nan,205.05321261614554,32.8343321039354,127.22114310155811,2.073833278276437,0,3663.6506,3660.4844,3668.463,0.1483,0.1039,0.0579,7.0612640129342665
211972627,Gaia EDR3 661302887731820416,2MASS J08411031+1949071,130.29297,19.81864,9.4,0.25,0.05,0.75,0.03,1.0,0.0,0.016,0.009,627.0,9.22,0.51,4.47,0.24,1.0,0.0,0.006,0.008,638.0,4.6,0.52,9.64,0.24,1.0,1.0,0.012,0.011,614.0,1,0,0,1,1,9.01,1,211972627,2MASS J08411031+1949071,130.29297,19.81864,-35.83,-13.326,0.054,0.038,5.408,0.052,184.91,1.78,0.387,223.0,2.319,0.9,11.31,9.75,46.54,3.72,0,0.43,0.048,0.018,11.54,0,0,0,1,1,1,0,1,5497,1.0,G8,9.4,1,9.01,1,661302887731820416,130.29278099836745,19.81855368813395,5.408098057761365,0.052013457,103.97498,-35.830313452978245,-13.325877321633023,2.3187487,2113.758,11.313729,1128.8265,385239.62946708023,1478.842,1.2035708,0,0,0,0,0.8962517,0.36609077,0.5301609,45.68958,2.4592624,1,67.60831,7.178717,5.0761733,205.82478706933313,32.707037119464346,127.4876797491662,1.4687419222425016,2,5457.92,5422.964,5677.39,0.0292,0.0241,0.0129,4.978952073604523
211954582,Gaia EDR3 661244751054528768,2MASS J08411319+1932349,130.30496,19.54304,3.19,3.19,0.5,1.59,0.47,0.0,0.0,0.014,0.008,235.0,3.18,0.78,1.59,0.09,1.0,0.0,0.009,0.008,239.0,3.21,0.87,1.61,0.07,1.0,0.0,0.016,0.013,232.0,1,0,0,1,1,3.27,1,211954582,2MASS J08411319+1932349,130.30496,19.54304,-37.6,-9.7,3.0,3.0,5.459,0.401,167.59,0.03,18.083,170200.0,nan,1.95,13.87,10.35,nan,nan,1,3.62,0.609,6.412,nan,0,1,1,0,0,1,0,1,3810,0.8,M0.5,3.19,1,3.27,1,661244751054528768,130.30480870917268,19.542937242912625,nan,nan,nan,nan,nan,nan,49.439472,13.868525,240.54477,82568.29475682536,430.7228,1.987851,0,25,0,25,1.9512329,0.5385704,1.4126625,15.428237,6.1315393,2,12.80147,nan,nan,206.13662256723703,32.62231570318834,127.56957348959801,1.2053225590919512,0,nan,nan,nan,nan,nan,nan,nan
211865628,Gaia EDR3 659411796450014464,2MASS J08412417+1814026,130.35075,18.23408,2.09,nan,nan,nan,nan,nan,nan,nan,nan,nan,2.09,0.95,-9999.0,-9999.0,1.0,0.0,0.036,0.007,123.0,nan,nan,nan,nan,nan,nan,0.071,nan,nan,1,0,0,0,0,2.09,0,211865628,2MASS J08412417+1814026,130.35075,18.23408,-36.358,-12.383,0.03,0.021,5.423,0.031,184.39,1.05,0.0,0.0,0.963,2.17,14.86,11.46,nan,nan,0,0.69,0.133,0.138,nan,0,0,0,0,0,0,0,1,3621,0.6,M1.5,2.09,1,2.09,0,659411796450014464,130.35057936644913,18.234042186181004,5.423180207356142,0.030814687,175.99335,-36.358071403638036,-12.383160055812468,0.96284014,656.7428,14.8558655,134.45561,23960.633566884942,244.52933,1.3737531,0,2,0,0,2.1716251,1.1149092,1.056716,0.04492992,7.2431383,2,10.042102,nan,nan,207.60502191560303,32.1999764919719,127.94841157408145,-0.04830562577806815,0,3736.7888,3721.482,3753.6526,0.5591,0.3819,0.2234,8.52713565794908
211909748,Gaia EDR3 660995230632845184,2MASS J08413070+1852188,130.37794,18.87189,2.42,2.42,0.86,1.2,0.06,1.0,0.0,0.033,0.008,369.0,2.43,0.91,1.2,0.01,1.0,0.0,0.043,0.008,371.0,2.41,0.9,1.21,0.01,1.0,0.0,0.092,0.011,370.0,1,0,0,0,0,2.43,1,211909748,2MASS J08413070+1852188,130.37794,18.87189,-36.281,-12.129,0.022,0.015,5.468,0.022,182.89,0.73,0.081,8.81,1.106,1.24,12.52,10.15,25.15,10.16,0,0.86,0.075,0.239,9.85,0,0,0,1,0,1,0,1,4775,0.9,K3,2.42,1,2.43,0,660995230632845184,130.37777345557436,18.871812708013973,5.467865900571965,0.02182577,250.5234,-36.28123198358715,-12.12879766452881,1.106098,491.46906,12.515732,133.13133,149726.03587003594,173.62024,1.252078,0,19,0,19,1.2351227,0.5290432,0.7060795,28.285389,9.272708,1,28.662548,nan,nan,206.910843713756,32.4516196912532,127.80901630459303,0.574579146774043,0,5076.908,4916.684,5178.282,0.509,0.4043,0.2163,6.20482108628787
211935518,Gaia EDR3 661220969817342848,2MASS J08415437+1915266,130.47658,19.25742,4.12,4.18,0.68,38.96,0.02,1.0,0.0,0.025,0.009,659.0,4.08,0.51,2.06,0.12,1.0,0.0,0.014,0.008,658.0,4.12,0.7,2.07,0.12,1.0,0.0,0.027,0.011,652.0,1,0,0,0,1,8.27,1,211935518,2MASS J08415437+1915266,130.47658,19.25742,-35.87,-12.631,0.025,0.018,5.436,0.024,183.95,0.8,0.181,57.59,1.235,0.9,11.23,9.64,39.24,7.33,0,0.27,0.121,0.11,4.24,0,0,0,1,1,1,0,1,5498,1.0,G8,4.12,1,8.27,1,661220969817342848,130.47641283578923,19.257330645347267,5.436275515152367,0.023710772,229.27449,-35.869584023509844,-12.630860188713491,1.2347515,1154.0461,11.226812,414.6421,417985.1633953236,557.2436,1.2056645,0,0,0,0,0.8957205,0.36390114,0.53181934,41.182636,5.8173685,1,75.34442,11.006275,6.043896,206.52155397606194,32.67448948700205,127.79963496120389,0.9710986417593559,2,5765.0264,5754.8413,5774.6113,0.2309,0.1924,0.1027,4.903319657864831
211959869,Gaia EDR3 661331131435476608,2MASS J08424372+1937234,130.68217,19.62317,10.42,10.58,0.8,5.01,0.04,1.0,0.0,0.005,0.008,502.0,nan,nan,nan,nan,nan,nan,nan,nan,nan,10.26,0.65,20.02,0.12,1.0,0.0,0.006,0.012,498.0,1,0,0,0,1,10.08,1,211959869,2MASS J08424372+1937234,130.68217,19.62317,-35.906,-13.139,0.027,0.018,5.415,0.028,184.68,0.95,0.156,38.73,1.488,1.18,11.82,9.8,nan,nan,0,0.24,0.594,0.658,nan,0,0,1,0,1,1,0,1,4960,1.0,K2.5,10.42,1,10.08,1,661331131435476608,130.6819892751364,19.62309872969933,5.414921869440666,0.027801486,194.77095,-35.906122652684616,-13.138569285824108,1.4878298,3451.7092,11.824952,1810.6223,272598.02359012986,2947.8755,1.2300118,0,0,0,0,1.1773472,0.51148415,0.66586304,46.81495,4.170736,1,61.424534,43.80386,18.724972,206.1936567835189,32.98343984235784,127.8922419483697,1.3745760046141242,0,4788.186,4781.0415,4793.291,0.0324,0.0254,0.0133,5.492913098947348
211908953,Gaia EDR3 660986331460669312,2MASS J08424525+1851362,130.68857,18.86006,9.75,10.33,0.72,5.28,0.04,1.0,0.0,0.002,0.008,880.0,nan,nan,nan,nan,nan,nan,nan,nan,nan,9.17,0.69,5.55,0.09,1.0,0.0,0.003,0.012,873.0,1,0,0,0,1,10.48,1,211908953,2MASS J08424525+1851362,130.68857,18.86006,-36.301,-12.506,0.04,0.029,5.331,0.039,187.59,1.38,0.268,107.5,2.129,0.87,10.61,9.17,nan,nan,0,0.56,0.669,0.649,nan,0,0,1,0,1,1,0,1,5575,1.1,G6,9.75,1,10.48,1,660986331460669312,130.68834735934144,18.86001300481239,5.330734703915117,0.039190892,136.01973,-36.30117706264106,-12.505926912252132,2.1289115,7304.314,10.613258,2949.7402,727365.269741316,2974.0718,1.203784,0,0,0,0,0.87174225,0.35199833,0.5197439,34.233044,1.2928622,1,107.94672,9.168237,6.271827,207.0472371978862,32.722365226755976,128.09598127472526,0.6391580742113567,0,5660.168,5652.7275,5669.2017,0.0984,0.0819,0.0436,4.247193708888144
211905009,Gaia EDR3 660957980380034688,2MASS J08434815+1848028,130.95064,18.80079,3.78,29.72,0.2,4.05,0.1,1.0,2.0,0.001,0.008,1169.0,3.75,0.34,30.63,0.09,1.0,0.0,0.001,0.007,1188.0,3.81,0.4,1.8,0.09,1.0,0.0,0.002,0.011,1158.0,1,0,0,0,1,4.05,0,211905009,2MASS J08434815+1848028,130.95064,18.80079,-36.142,-11.777,0.021,0.014,5.404,0.019,185.03,0.65,0.124,26.25,1.179,0.64,9.98,8.93,36.67,1.89,0,1.15,-0.037,-0.011,1.67,0,0,0,0,0,0,0,1,6340,1.2,F6,3.78,1,4.05,1,660957980380034688,130.950455233262,18.80069656597597,5.404358939561922,0.018856004,286.6121,-36.14170093629916,-11.777042151533395,1.1790738,6483.015,9.983771,3680.4917,1161395.147681912,6073.218,1.1879942,0,0,0,0,0.6399956,0.24166965,0.39832592,33.13847,1.1143473,1,130.76604,8.838362,2.3741684,207.21758369926906,32.933486248819705,128.35096694867434,0.646391213449105,2,6272.691,6270.5356,6276.721,0.0015,0.0013,0.0007,3.6474922526788376
211965662,Gaia EDR3 661148268907314432,2MASS J08443703+1942390,131.15432,19.71086,4.56,nan,nan,nan,nan,nan,nan,nan,nan,nan,4.56,0.52,2.27,0.13,1.0,0.0,0.008,0.008,1010.0,nan,nan,nan,nan,nan,nan,0.017,nan,nan,1,0,0,0,1,4.53,1,211965662,2MASS J08443703+1942390,131.15432,19.71086,-36.419,-13.204,0.154,0.101,5.755,0.149,173.75,4.49,0.997,1504.0,6.383,0.74,10.34,9.05,56.1,6.31,0,0.6,0.098,0.087,21.1,0,0,0,1,1,1,0,1,6037,1.1,F9,4.56,1,4.53,1,661148268907314432,131.15413465530239,19.710812881190904,5.755264633031389,0.14858133,38.73478,-36.41945724562715,-13.204000949188764,6.382735,3618.9353,10.339978,1263.2812,879288.7340156512,1820.4152,1.1966162,0,0,0,0,0.7368183,0.28440666,0.45241165,49.108753,4.8092647,1,94.80963,12.575193,2.9220273,206.2784719173449,33.43102140001032,128.29875415740958,1.5751317470116242,3,5907.6533,5904.129,5912.861,0.0032,0.0027,0.0015,4.140304706754714
212014492,Gaia EDR3 661775265413200640,2MASS J08454589+2029410,131.44121,20.49473,17.67,17.67,0.62,8.71,0.11,1.0,0.0,0.01,0.009,82.0,nan,nan,nan,nan,nan,nan,nan,nan,nan,17.16,0.44,8.47,0.05,1.0,1.0,0.025,0.014,81.0,1,0,0,0,0,17.79,1,212014492,2MASS J08454589+2029410,131.44121,20.49473,-38.303,-13.983,0.053,0.04,5.575,0.05,179.36,1.61,0.0,0.0,0.989,2.4,15.57,12.1,nan,nan,0,2.64,-0.082,-0.063,nan,0,1,0,0,0,1,0,1,3493,0.5,M2.5,17.67,1,17.79,0,661775265413200640,131.4410320802098,20.49468254501345,5.575401374846803,0.05018634,111.094,-38.30280429588785,-13.98269110329315,0.9888489,1367.408,15.571946,207.78798,13108.262949434516,699.4913,1.4018056,0,1,0,1,2.3974628,1.2795496,1.1179132,45.149406,13.665793,2,4.2203627,nan,nan,205.50228613298634,33.95059984938616,128.35283493788575,2.402244484974012,0,3587.7148,3580.7473,3591.798,0.6734,0.4501,0.2743,9.303326833293784
211927581,Gaia EDR3 660328239391298176,2MASS J08473468+1908179,131.89453,19.13831,7.12,nan,nan,nan,nan,nan,nan,nan,nan,nan,7.12,0.4,22.75,0.16,1.0,1.0,0.002,0.01,126.0,nan,nan,nan,nan,nan,nan,0.004,nan,nan,0,0,0,1,1,nan,1,211927581,2MASS J08473468+1908179,131.89453,19.13831,-36.321,-12.094,0.044,0.031,5.622,0.04,177.88,1.25,0.215,10.86,1.444,2.28,15.02,11.41,nan,nan,0,0.91,0.151,2.749,nan,0,0,1,0,1,1,0,1,3539,0.6,M2,7.12,0,nan,1,660328239391298176,131.89437459994002,19.138210785120283,5.62158016495774,0.03949421,142.33934,-36.321396442231446,-12.094404278972302,1.4437343,2091.3079,15.021977,504.36142,25401.302137063856,1185.1581,1.6665409,0,0,0,1,2.280346,0.9941244,1.2862215,119.5301,14.54633,2,2.743803,nan,nan,207.2141721488755,33.88781284022025,129.1234158951983,1.2069541520706313,0,nan,nan,nan,nan,nan,nan,8.771269465512201
211773459,Gaia EDR3 658276035297795328,2MASS J08483271+1656236,132.1363,16.93991,5.96,5.94,0.72,2.95,0.06,1.0,0.0,0.013,0.008,122.0,nan,nan,nan,nan,nan,nan,nan,nan,nan,5.98,0.9,2.95,0.02,1.0,0.0,0.057,0.012,124.0,1,0,0,0,1,17.91,1,211773459,2MASS J08483271+1656236,132.1363,16.93991,-34.832,-8.37,0.054,0.039,5.218,0.05,191.63,1.85,0.323,31.63,1.892,2.23,14.88,11.47,nan,nan,0,4.65,0.328,0.389,nan,0,1,0,0,1,1,0,1,3567,0.6,M2,5.96,1,17.91,1,658276035297795328,132.13611324387577,16.939867857822556,5.218412178062939,0.050276708,103.79383,-34.83223015156375,-8.370164055121286,1.8918608,1240.2615,14.878581,236.10965,23951.07123949119,507.94998,1.3882908,1,0,0,0,2.230299,1.1513014,1.0789976,34.564983,7.4141994,2,6.5871344,nan,nan,209.77645077192764,33.31234908684927,129.93033641996595,-0.8508340967825807,0,3633.5476,3609.301,3658.7646,0.6055,0.4123,0.2431,8.466272942140765
212165666,Gaia EDR3 689288722832620928,2MASS J08500745+2323061,132.53105,23.38504,15.1,15.1,0.57,4.68,0.02,1.0,0.0,0.014,0.008,77.0,nan,nan,nan,nan,nan,nan,nan,nan,nan,nan,nan,nan,nan,nan,nan,0.032,nan,nan,1,0,0,0,1,nan,0,212165666,2MASS J08500745+2323061,132.53105,23.38504,-45.077,-18.27,0.074,0.055,6.293,0.077,158.91,1.95,0.422,25.76,0.958,2.82,15.7,11.85,nan,nan,0,10.63,0.848,0.943,nan,0,0,0,0,0,0,1,1,3227,0.5,M3.5,15.1,1,nan,1,689288722832620928,132.53084453730983,23.384969509432437,6.29287492440576,0.07731754,81.39,-45.07673151981807,-18.27012474248218,0.9580609,1241.408,15.702602,167.26506,12879.27621779948,742.2793,1.4736854,0,2,0,2,2.8202047,1.5907688,1.2294359,38.196217,12.795614,2,4.3649535,nan,nan,202.55343250545806,35.828460143173565,128.55649831095232,5.457411601339816,0,nan,nan,nan,nan,nan,nan,9.69684788600322
211977390,Gaia EDR3 664309601059502464,2MASS J08374998+1953287,129.45825,19.89133,6.84,6.8,0.69,3.35,0.03,1.0,0.0,0.031,0.009,679.0,nan,nan,nan,nan,nan,nan,nan,nan,nan,6.88,0.46,3.43,0.03,1.0,0.0,0.032,0.009,673.0,1,0,0,0,1,7.14,1,211977390,2MASS J08374998+1953287,129.45825,19.89133,-30.513,-18.887,0.028,0.018,7.404,0.026,135.07,0.47,0.135,22.94,1.21,1.03,11.17,9.33,32.81,13.85,0,8.05,0.08,0.137,2.19,0,1,0,1,1,1,0,1,5151,0.9,K1.5,6.84,1,7.14,1,664309601059502464,129.4581204766158,19.891270673600328,7.403767246081558,0.02564064,288.75125,-30.51334143382642,-18.886788774980083,1.2101175,1370.3088,11.167155,504.89523,470945.1745599161,782.3667,1.2195934,0,17,0,17,1.0341234,0.4324379,0.6016855,52.56353,10.669178,1,34.2354,nan,nan,205.4232537633515,31.995333355511463,126.70982536771643,1.3387899149934266,0,5465.938,5449.432,5476.15,0.3426,0.2795,0.1488,5.5144190522123715
