Cluster,SourceID,Prot,GaiaDR2,RA_ICRS,DE_ICRS,plx,e_plx,pmRA,e_pmRA,pmDE,e_pmDE,Gmag,BPmag,RPmag,BP-RP,Delta,Pmemb,Class,MG0proj,Mass,Teff,FlagMT,SimbadName,_RA_icrs,_DE_icrs,recno
M37,Hartman08 26,8.35987638,3451197365562819200,87.8264234814,32.6755375958,0.619,0.1147,1.7060000000000002,0.20900000000000002,-5.831,0.17600000000000002,17.388048,18.04976,16.584396,1.4653645,0.683,0.999,probable-member,6.143,0.811,4988,bright,Cl* NGC 2099 HGH V26,87.8264147542753,32.67556270026246,2102
M37,Hartman08 47,1.7010734,3451196098550397568,87.8390584267,32.5941654202,1.0859,0.2604,2.345,0.528,-5.263000000000001,0.42200000000000004,18.957153,19.844091,17.929274,1.9148178,1.125,0.996,probable-member,7.628,0.649,4145,faint,Cl* NGC 2099 HGH V47,87.83904644517769,32.59418807976391,2103
M37,Hartman08 57,7.77483129,3451192280320874240,87.8419347694,32.5173728848,0.7546,0.0885,1.61,0.18900000000000003,-5.468000000000001,0.15000000000000002,16.993053,17.596394,16.246084,1.3503094,0.995,0.999,probable-member,5.679,0.878,5276,bright,Cl* NGC 2099 HGH V57,87.84192654739115,32.51739642802723,2104
M37,Hartman08 71,8.47374013,3451196437849548288,87.8509889757,32.6336928631,0.5501,0.1157,2.164,0.20600000000000002,-6.1530000000000005,0.17500000000000002,17.49417,18.121199,16.696377,1.4248219,1.408,0.997,probable-member,5.985,0.833,5084,bright,Cl* NGC 2099 HGH V71,87.85097791344613,32.63371935439621,2106
M37,Hartman08 81,11.22594731,3451198018402785664,87.8544341753,32.6579980131,0.4131,0.1867,2.193,0.323,-5.867000000000001,0.264,18.344425,19.101316,17.434765,1.6665516,0.964,0.993,probable-member,6.96,0.714,4500,intermediate,Cl* NGC 2099 HGH V81,87.8544229599343,32.658023272145904,2108
M37,Hartman08 86,8.96199942,3451196472209286016,87.855915845,32.633311012,0.7228,0.1656,1.9430000000000003,0.29000000000000004,-6.297000000000001,0.23900000000000002,18.09631,18.82777,17.235022,1.5927486,1.296,0.996,probable-member,6.68,0.743,4676,intermediate,Cl* NGC 2099 HGH V86,87.85590591099682,32.633338122456585,2109
M37,Hartman08 98,3.53048462,3451193070594989056,87.8587208392,32.5686108795,0.6318,0.3028,2.0020000000000002,0.651,-6.139000000000001,0.544,19.146154,20.149317,18.137556,2.0117607,0.509,0.992,probable-member,7.827,0.63,4054,faint,Cl* NGC 2099 HGH V98,87.85871060927636,32.56863731179101,2111
M37,Hartman08 99,5.94668323,3451199220988925568,87.8589306723,32.7394887665,0.7971,0.1798,2.1940000000000004,0.31400000000000006,-5.742000000000001,0.254,18.196478,18.989452,17.297815,1.691637,0.612,0.999,probable-member,6.851,0.726,4569,intermediate,Cl* NGC 2099 HGH V99,87.8589194440096,32.73951349002092,2112
M37,Hartman08 103,7.24938243,3451185064775598336,87.8597731992,32.4177663661,0.741,0.1057,1.9020000000000001,0.22100000000000003,-5.613,0.18100000000000002,16.975723,17.521622,16.230024,1.2915974,0.4,1.0,probable-member,5.423,0.918,5437,bright,Cl* NGC 2099 HGH V103,87.8597634981541,32.417790533646716,2113
M37,Hartman08 106,9.87210482,3451196059892305664,87.862139584,32.5927281805,0.6586,0.1291,2.1260000000000003,0.24300000000000002,-5.655,0.19700000000000004,17.651976,18.32286,16.814915,1.507946,0.368,0.999,probable-member,6.298,0.791,4897,intermediate,Cl* NGC 2099 HGH V106,87.86212871962577,32.59275252638619,2114
M37,Hartman08 140,3.61248403,3451173421123564544,87.8753908047,32.4225619406,0.7749,0.0454,1.8560000000000003,0.09400000000000001,-5.744000000000001,0.07700000000000001,15.601611,16.04119,15.004199,1.0369902,1.193,1.0,probable-member,4.214,1.144,6206,bright,Cl* NGC 2099 HGH V140,87.87538133693116,32.42258667225,2118
M37,Hartman08 161,6.81353174,3451191082029079040,87.8825905627,32.4526760641,0.6751,0.0746,1.8810000000000002,0.14,-5.503000000000001,0.11500000000000002,16.36328,16.85481,15.691806,1.1630049,0.424,1.0,probable-member,4.848,1.019,5809,bright,Cl* NGC 2099 HGH V161,87.88258096660233,32.45269975549054,2124
M37,Hartman08 164,7.16588344,3451197679098316288,87.8829387365,32.6325742743,0.6371,0.0827,1.9180000000000001,0.15700000000000003,-5.630000000000001,0.127,17.029505,17.602295,16.307755,1.2945404,0.203,1.0,probable-member,5.436,0.916,5429,bright,Cl* NGC 2099 HGH V164,87.88292893050824,32.6325985132114,2125
M37,Hartman08 182,11.3488143,3451197674800137088,87.8887135894,32.6359342241,0.7835,0.1445,1.8410000000000002,0.274,-5.944000000000001,0.22400000000000003,18.114685,18.845165,17.222153,1.6230125,0.78,0.999,probable-member,6.728,0.738,4645,intermediate,Cl* NGC 2099 HGH V182,87.88870417424368,32.635959818086555,2128
M37,Hartman08 198,10.33115244,3451191971083267840,87.8936378299,32.532187358,0.775,0.1691,1.7620000000000002,0.335,-5.346000000000001,0.28200000000000003,18.047028,18.780518,17.205465,1.5750523,0.688,0.997,probable-member,6.617,0.75,4715,intermediate,Cl* NGC 2099 HGH V198,87.89362883356425,32.53221037602783,2131
M37,Hartman08 208,12.53807965,3451193242393806336,87.8977457915,32.6055221072,0.4003,0.194,1.9520000000000002,0.37100000000000005,-6.136000000000001,0.30100000000000005,18.56154,19.320654,17.620296,1.7003574,1.134,0.99,probable-member,7.211,0.69,4362,faint,Cl* NGC 2099 HGH V208,87.89773581235968,32.605548526671285,2132
M37,Hartman08 214,9.59799445,3451192761357324672,87.8993848835,32.5606223949,0.683,0.1982,1.9870000000000003,0.29600000000000004,-6.013000000000001,0.24400000000000002,18.108152,18.8569,17.25923,1.5976696,0.72,0.999,probable-member,6.696,0.742,4666,intermediate,Cl* NGC 2099 HGH V214,87.89937473366702,32.560648285105785,2133
M37,Hartman08 232,1.78663489,3451197915318636032,87.9086369752,32.6739284651,0.7839,0.2972,1.7090000000000003,0.56,-5.666,0.48400000000000004,19.09375,20.12272,18.093279,2.0294418,0.316,0.994,probable-member,7.776,0.635,4077,faint,Cl* NGC 2099 HGH V232,87.90862823432481,32.67395285971073,2136
M37,Hartman08 233,12.74358869,3451197812244822016,87.9092370611,32.6475426724,0.6341,0.4155,3.4340000000000006,0.9140000000000001,-6.463000000000001,0.801,19.561953,20.423742,18.45415,1.969593,1.095,0.989,probable-member,8.239,0.59,3873,faint,Cl* NGC 2099 HGH V233,87.90921950018715,32.647570499733895,2137
M37,Hartman08 248,9.5099376,3451194651143095808,87.913944868,32.6106824128,0.4331,0.1206,2.027,0.22400000000000003,-5.565,0.18400000000000002,17.689846,18.38337,16.87227,1.5110989,1.116,0.989,probable-member,6.313,0.789,4888,intermediate,Cl* NGC 2099 HGH V248,87.91393450668532,32.610706372977816,2140
M37,Hartman08 251,7.72735017,3451179361059116416,87.9156990491,32.459854896,0.6326,0.0836,1.8000000000000003,0.18100000000000002,-5.567000000000001,0.15300000000000002,16.912645,17.444939,16.185757,1.259182,0.42,0.999,probable-member,5.284,0.941,5527,bright,Cl* NGC 2099 HGH V251,87.91568986281175,32.459878863038604,2141
M37,Hartman08 253,9.50996637,3451173107586623616,87.9165285613,32.4022885466,0.5348,0.1064,2.1020000000000003,0.21800000000000003,-5.549,0.18000000000000002,17.306982,17.936323,16.53251,1.4038124,0.801,0.997,probable-member,5.904,0.845,5134,bright,Cl* NGC 2099 HGH V253,87.91651784023081,32.40231243686232,2142
M37,Hartman08 269,7.33485027,3451191696205317120,87.9229451524,32.5120814395,0.5314,0.125,2.176,0.23000000000000004,-5.5280000000000005,0.19200000000000003,17.34974,17.951292,16.564184,1.3871078,0.816,0.997,probable-member,5.836,0.854,5176,bright,Cl* NGC 2099 HGH V269,87.92293404393972,32.51210523866166,2143
M37,Hartman08 292,3.14817326,3451192142882053632,87.9359554787,32.5637758704,0.6436,0.0456,2.1550000000000002,0.09200000000000001,-5.540000000000001,0.07700000000000001,15.603954,16.037231,14.990983,1.0462484,0.744,1.0,probable-member,4.263,1.134,6176,bright,Cl* NGC 2099 HGH V292,87.93594446806252,32.56379972344389,2147
M37,Hartman08 295,10.64946936,3451194891661628672,87.93719611,32.6603307823,0.6156,0.1214,1.9010000000000002,0.22500000000000003,-5.602,0.18400000000000002,17.773903,18.538584,16.904484,1.6341,0.264,0.999,probable-member,6.628,0.749,4708,intermediate,Cl* NGC 2099 HGH V295,87.93718638645795,32.660354904171484,2149
M37,Hartman08 311,6.25216124,3451194616783664768,87.9573938128,32.6284289783,0.7457,0.1643,2.055,0.30900000000000005,-5.628000000000001,0.252,18.301851,19.035673,17.37115,1.6645241,0.336,0.999,probable-member,6.917,0.719,4527,intermediate,Cl* NGC 2099 HGH V311,87.95738330929015,32.62845321141196,2152
M37,Hartman08 314,3.91581267,3451193659008912384,87.9586204537,32.5864983084,0.5952,0.0519,2.1990000000000003,0.09400000000000001,-5.586,0.08000000000000002,15.563522,15.992931,14.955906,1.0370255,1.028,0.999,probable-member,4.215,1.144,6206,bright,Cl* NGC 2099 HGH V314,87.958609214615,32.58652236070147,2153
M37,Hartman08 318,13.92892969,3451193654710596992,87.960202656,32.5841500406,1.2497,0.3144,2.1290000000000004,0.668,-5.3180000000000005,0.6070000000000001,19.115278,20.033802,17.998552,2.0352497,1.118,0.996,probable-member,7.798,0.632,4067,faint,Cl* NGC 2099 HGH V318,87.96019177560088,32.584172935485796,2155
M37,Hartman08 320,6.20775073,3451179812034874112,87.960499165,32.4752486043,0.6992,0.056,2.031,0.11600000000000002,-5.728000000000001,0.09600000000000002,16.056875,16.527472,15.417622,1.1098499,0.461,1.0,probable-member,4.592,1.068,5971,bright,Cl* NGC 2099 HGH V320,87.96048879791618,32.475273268358855,2156
M37,Hartman08 322,10.91090561,3451179223620161664,87.9606732552,32.4588745451,0.7643,0.1858,1.5390000000000001,0.37900000000000006,-5.611000000000001,0.31500000000000006,18.319227,19.041183,17.3979,1.6432838,0.619,0.997,probable-member,6.921,0.718,4524,intermediate,Cl* NGC 2099 HGH V322,87.96066540229586,32.45889870348223,2158
M37,Hartman08 327,6.01568362,3451178197127187840,87.9623188391,32.3988278837,0.5704,0.0633,1.5970000000000002,0.139,-5.4030000000000005,0.117,16.24378,16.695917,15.547674,1.148243,1.337,0.992,probable-member,4.778,1.032,5853,bright,Cl* NGC 2099 HGH V327,87.96231069563834,32.39885114558335,2160
M37,Hartman08 328,6.99742033,3451194999038666880,87.9630349379,32.6395852959,0.7152,0.0684,2.1180000000000003,0.14800000000000002,-5.774000000000001,0.117,16.609518,17.153788,15.896218,1.2575693,0.687,1.0,probable-member,5.277,0.942,5531,bright,Cl* NGC 2099 HGH V328,87.96302411033625,32.63961015736644,2161
M37,Hartman08 335,9.59799445,3451221932775968512,87.9650572636,32.7272944762,0.7026,0.144,2.301,0.22700000000000004,-5.625000000000001,0.18700000000000003,17.59097,18.22401,16.780975,1.4430351,0.742,0.999,probable-member,6.07,0.822,5033,intermediate,Cl* NGC 2099 HGH V335,87.96504548458138,32.72731869696792,2164
M37,Hartman08 366,12.62821762,3451179945174781056,87.9743446169,32.4983298327,0.9476,0.2709,2.728,0.652,-6.014000000000001,0.531,19.025763,19.810091,17.94247,1.8676205,0.978,0.997,probable-member,7.692,0.643,4115,faint,Cl* NGC 2099 HGH V366,87.9743306929833,32.49835572514308,2170
M37,Hartman08 374,9.77903175,3451221864056480000,87.9772063182,32.7283563606,0.6155,0.1547,2.0410000000000004,0.23900000000000002,-5.934000000000001,0.198,17.734613,18.448278,16.915594,1.5326843,0.697,0.999,probable-member,6.383,0.78,4848,intermediate,Cl* NGC 2099 HGH V374,87.97719587234053,32.72838191026472,2172
M37,Hartman08 381,7.99462863,3451177887889544832,87.9788143137,32.3753078987,0.6038,0.1344,1.7810000000000001,0.28900000000000003,-5.678000000000001,0.24700000000000003,17.462183,18.078,16.633842,1.4441566,0.374,0.998,probable-member,6.061,0.823,5038,bright,Cl* NGC 2099 HGH V381,87.97880523631356,32.37533234708276,2174
M37,Hartman08 387,8.4450991,3451180048254025984,87.9798412644,32.5184693552,0.6608,0.0992,2.064,0.19700000000000004,-5.572000000000001,0.162,17.277937,17.861156,16.501802,1.359354,0.335,1.0,probable-member,5.717,0.872,5252,bright,Cl* NGC 2099 HGH V387,87.97983072501151,32.51849334499381,2175
M37,Hartman08 389,7.41789335,3451193311113123840,87.980662811,32.5518643461,0.7239,0.1487,1.7440000000000002,0.273,-5.649000000000001,0.23000000000000004,18.071026,18.830677,17.179205,1.6514721,0.396,0.999,probable-member,6.734,0.738,4642,intermediate,Cl* NGC 2099 HGH V389,87.9806539035998,32.551888668409006,2177
M37,Hartman08 404,5.96950681,3451222070215020288,87.9853044989,32.7551481712,0.8563,0.1963,2.2510000000000003,0.36000000000000004,-5.648000000000001,0.29300000000000004,18.228329,18.955214,17.32179,1.6334229,0.713,0.999,probable-member,6.827,0.728,4583,intermediate,Cl* NGC 2099 HGH V404,87.98529297443329,32.75517248951278,2180
M37,Hartman08 410,7.80901331,3451193482911904512,87.9866965965,32.582085278,0.4719,0.1272,2.119,0.23500000000000001,-5.534000000000001,0.19500000000000003,17.550995,18.174255,16.725672,1.4485836,0.965,0.993,probable-member,6.082,0.82,5025,intermediate,Cl* NGC 2099 HGH V410,87.98668576783834,32.58210910586139,2182
M37,Hartman08 417,7.4713491,3451193311113114752,87.9885019697,32.5482576012,0.7459,0.1025,1.8950000000000002,0.21600000000000003,-5.327000000000001,0.18600000000000003,17.35131,17.977062,16.567392,1.4096699,0.847,0.999,probable-member,5.926,0.842,5120,bright,Cl* NGC 2099 HGH V417,87.98849229020088,32.54828053582959,2185
M37,Hartman08 422,7.1617085,3451179979534536576,87.989276481,32.5124878845,0.7378,0.0824,2.2310000000000003,0.18600000000000003,-5.7780000000000005,0.14900000000000002,16.911703,17.464209,16.18228,1.281929,0.873,1.0,probable-member,5.38,0.925,5464,bright,Cl* NGC 2099 HGH V422,87.98926509218595,32.512512763197,2187
M37,Hartman08 424,6.31561821,3451195136477583872,87.9904702098,32.66275306,0.6022,0.0584,1.745,0.10600000000000001,-5.474,0.08700000000000001,16.070023,16.542368,15.43723,1.1051378,0.921,0.999,probable-member,4.568,1.072,5986,bright,Cl* NGC 2099 HGH V424,87.99046128727291,32.662776628147846,2188
M37,Hartman08 448,7.5667964,3451174967311782272,87.9943089565,32.3653718769,0.7824,0.1318,1.739,0.256,-5.8420000000000005,0.20800000000000002,17.303658,17.925194,16.544027,1.3811665,0.739,0.999,probable-member,5.811,0.858,5192,bright,Cl* NGC 2099 HGH V448,87.9943000908683,32.365397028551214,2192
M37,Hartman08 450,7.34779767,3451193315412017536,87.994611465,32.556933204,0.6509,0.0568,1.9650000000000003,0.11100000000000002,-5.574000000000001,0.09100000000000001,16.10253,16.59079,15.438853,1.1519365,0.27,1.0,probable-member,4.796,1.029,5842,bright,Cl* NGC 2099 HGH V450,87.99460142898397,32.55695720152286,2193
M37,Hartman08 469,6.39590788,3451181457003295872,87.9989362047,32.5162098026,0.6249,0.0665,1.354,0.138,-5.745000000000001,0.11200000000000002,16.421682,16.927876,15.737654,1.1902218,1.514,0.99,probable-member,4.976,0.996,5728,bright,Cl* NGC 2099 HGH V469,87.99892928874416,32.516234538175325,2196
M37,Hartman08 480,9.33189549,3451181663162210048,88.0041052594,32.5517360652,0.6028,0.199,1.318,0.399,-6.275,0.33,18.446436,19.240005,17.479435,1.7605705,1.283,0.988,probable-member,7.1,0.701,4421,intermediate,Cl* NGC 2099 HGH V480,88.00409852668295,32.55176308378312,2200
M37,Hartman08 481,3.28099357,3451178502064728320,88.0041603087,32.4222287045,0.8898,0.2983,1.2160000000000002,0.649,-5.713000000000001,0.557,19.032852,19.853323,18.006071,1.8472519,0.752,0.982,probable-member,7.697,0.642,4113,faint,Cl* NGC 2099 HGH V481,88.00415410650028,32.42225330189828,2201
M37,Hartman08 487,10.26298251,3451175066090841472,88.0065294798,32.3799842023,0.6876,0.1525,1.6770000000000003,0.31000000000000005,-5.620000000000001,0.253,17.957083,18.691769,17.100567,1.5912018,0.42,0.998,probable-member,6.595,0.753,4728,intermediate,Cl* NGC 2099 HGH V487,88.00652092803578,32.38000839778225,2202
M37,Hartman08 499,10.35740926,3451193448552165888,88.010624381,32.5820712806,0.7068,0.1862,1.9610000000000003,0.272,-5.222,0.23100000000000004,17.909958,18.596388,17.07128,1.5251083,0.858,0.995,probable-member,6.434,0.773,4819,intermediate,Cl* NGC 2099 HGH V499,88.01061436170643,32.58209376572582,2206
M37,Hartman08 502,10.41845427,3451194135747332736,88.0125952487,32.627947022,0.7741,0.1621,1.485,0.281,-5.824000000000001,0.23100000000000004,17.769117,18.439837,16.939535,1.5003014,0.929,0.997,probable-member,6.307,0.789,4892,intermediate,Cl* NGC 2099 HGH V502,88.01258765762327,32.62797209660446,2208
M37,Hartman08 546,6.82022206,3451178845662144000,88.0236424995,32.451925339,0.7152,0.0762,1.8560000000000003,0.131,-6.024000000000001,0.10800000000000001,16.469093,16.97906,15.778731,1.2003279,1.151,0.999,probable-member,5.022,0.987,5698,bright,Cl* NGC 2099 HGH V546,88.02363303101141,32.45195127780817,2218
M37,Hartman08 558,7.19151007,3451194346203585280,88.0279695874,32.6537818534,0.7552,0.0912,1.735,0.16100000000000003,-5.747000000000001,0.135,16.796673,17.350922,16.081888,1.2690334,0.756,1.0,probable-member,5.324,0.934,5500,bright,Cl* NGC 2099 HGH V558,88.02796071338,32.65380659942121,2224
M37,Hartman08 565,7.81389098,3451218599881172992,88.0296242877,32.6848660371,0.5964,0.1148,2.1500000000000004,0.21000000000000002,-5.493,0.17500000000000002,17.414639,18.06007,16.639292,1.4207783,0.669,0.999,probable-member,5.97,0.836,5094,bright,Cl* NGC 2099 HGH V565,88.02961328768006,32.6848896888116,2225
M37,Hartman08 579,5.8213069,3451181633100957568,88.0329154503,32.5566064014,0.866,0.1774,2.281,0.34900000000000003,-5.618,0.29000000000000004,18.38,19.125648,17.42096,1.704689,0.818,0.999,probable-member,7.015,0.709,4466,intermediate,Cl* NGC 2099 HGH V579,88.03290379626141,32.55663059150474,2230
M37,Hartman08 589,7.75544752,3451218599881187328,88.0347892806,32.6886715891,0.6541,0.0923,2.071,0.169,-5.198,0.14400000000000002,16.975061,17.55007,16.257105,1.2929649,1.201,0.996,probable-member,5.429,0.917,5434,bright,Cl* NGC 2099 HGH V589,88.03477868713031,32.68869396827934,2233
M37,Hartman08 594,10.2969209,3451178639503710976,88.0365008253,32.4491664637,0.7432,0.1445,2.2430000000000003,0.274,-5.160000000000001,0.22700000000000004,17.866564,18.54095,17.004679,1.536272,1.163,0.996,probable-member,6.436,0.773,4818,intermediate,Cl* NGC 2099 HGH V594,88.03648938235075,32.44918867989368,2234
M37,Hartman08 596,7.1617085,3451194036965960960,88.0368686744,32.6176706505,0.6212,0.088,1.8320000000000003,0.15500000000000003,-5.5920000000000005,0.131,16.797,17.33395,16.074804,1.2591457,0.4,0.999,probable-member,5.284,0.941,5527,bright,Cl* NGC 2099 HGH V596,88.03685931171009,32.61769472692079,2235
M37,Hartman08 600,7.13300382,3451178639503705984,88.037093191,32.4445496613,0.7428,0.078,2.1090000000000004,0.14900000000000002,-5.242000000000001,0.12200000000000001,16.755157,17.28137,16.035595,1.2457752,1.297,0.999,probable-member,5.229,0.951,5563,bright,Cl* NGC 2099 HGH V600,88.03708242859085,32.444572232594524,2236
M37,Hartman08 604,3.22869047,3451217745181321600,88.0387819982,32.6495849588,0.6127,0.2831,1.8150000000000002,0.49200000000000005,-5.722,0.42000000000000004,18.857494,nan,nan,nan,0.197,0.994,probable-member,7.415,0.67,4255,faint,Cl* NGC 2099 HGH V604,88.03877271959783,32.64960959337515,2239
M37,Hartman08 629,12.78392931,3451193963948625664,88.0476378225,32.6150227581,0.6571,0.2903,1.8420000000000003,0.4650000000000001,-5.573,0.39000000000000007,18.87525,19.707106,17.84816,1.8589458,0.145,0.994,probable-member,7.541,0.657,4190,faint,Cl* NGC 2099 HGH V629,88.04762840584397,32.61504675234057,2244
M37,Hartman08 635,7.7699975,3451180567949082112,88.0491346881,32.5132366964,0.5227,0.093,2.18,0.21300000000000002,-5.61,0.17500000000000002,17.052055,17.623587,16.295408,1.3281784,0.994,0.998,probable-member,5.584,0.892,5336,bright,Cl* NGC 2099 HGH V635,88.04912355654784,32.51326084900727,2246
M37,Hartman08 643,5.58946338,3451194071325680512,88.0505166323,32.6326610522,0.6652,0.0561,2.052,0.10700000000000001,-5.853000000000001,0.09300000000000001,15.879605,16.341393,15.245824,1.0955687,0.696,1.0,probable-member,4.521,1.082,6016,bright,Cl* NGC 2099 HGH V643,88.05050614296081,32.63268625197574,2248
M37,Hartman08 650,8.4450991,3451182045417797632,88.0518193926,32.5819661632,0.7834,0.1077,1.8890000000000002,0.20900000000000002,-5.6160000000000005,0.17300000000000001,17.341099,17.919163,16.546564,1.3725986,0.611,1.0,probable-member,5.774,0.864,5216,bright,Cl* NGC 2099 HGH V650,88.05180974234143,32.58199034471957,2252
M37,Hartman08 654,12.58882036,3451180151332219520,88.0530312031,32.4648013492,1.0565,0.3053,2.3910000000000005,0.653,-5.5840000000000005,0.5870000000000001,19.110088,19.928211,18.066545,1.8616657,0.832,0.996,probable-member,7.776,0.635,4077,faint,Cl* NGC 2099 HGH V654,88.05301900217975,32.464825389612294,2253
M37,Hartman08 670,5.61127548,3451182217216476032,88.0585814571,32.6022972583,0.7308,0.0565,1.7890000000000001,0.10800000000000001,-5.603000000000001,0.09200000000000001,15.875229,16.341051,15.23959,1.1014614,0.703,1.0,probable-member,4.55,1.076,5997,bright,Cl* NGC 2099 HGH V670,88.05857231349272,32.602321380601374,2259
M37,Hartman08 673,11.47440059,3451175444047988480,88.0596995002,32.398896153,0.6687,0.1844,1.7140000000000002,0.33,-5.926000000000001,0.279,18.23282,19.00635,17.319553,1.6867962,0.599,0.998,probable-member,6.873,0.723,4554,intermediate,Cl* NGC 2099 HGH V673,88.05969075931912,32.39892166945763,2260
M37,Hartman08 697,9.01393799,3451175237889549056,88.0671144517,32.3922035449,0.6169,0.3193,2.342,0.5870000000000001,-5.456,0.523,19.128357,20.065723,18.050745,2.0149784,0.441,0.989,probable-member,7.809,0.631,4062,faint,Cl* NGC 2099 HGH V697,88.06710251065411,32.392227038110406,2264
M37,Hartman08 708,7.182429,3451217504667225984,88.0780508141,32.6436503685,0.6061,0.0937,1.9880000000000002,0.14400000000000002,-5.444000000000001,0.12400000000000001,16.938774,17.511757,16.214468,1.2972889,0.67,0.999,probable-member,5.448,0.914,5422,bright,Cl* NGC 2099 HGH V708,88.07804064808744,32.64367380635121,2268
M37,Hartman08 710,5.4564193,3451181976698592896,88.079374416,32.5858657084,0.6655,0.0638,1.7020000000000002,0.13,-5.596000000000001,0.10600000000000001,16.101398,16.553738,15.440964,1.1127739,0.608,1.0,probable-member,4.606,1.065,5962,bright,Cl* NGC 2099 HGH V710,88.07936571902007,32.585889802093945,2269
M37,Hartman08 714,9.89076571,3451219153934590592,88.0808141889,32.7372109696,0.4157,0.1557,1.9080000000000001,0.278,-5.564000000000001,0.233,17.938858,18.65199,17.099653,1.5523376,0.929,0.989,probable-member,6.508,0.764,4777,intermediate,Cl* NGC 2099 HGH V714,88.08080442366578,32.73723492524331,2271
M37,Hartman08 722,5.41205402,3451174413255802752,88.083058864,32.3708539833,0.6066,0.0573,2.345,0.10800000000000001,-5.313000000000001,0.09000000000000001,15.948418,16.440311,15.295629,1.1446829,1.586,0.99,probable-member,4.761,1.036,5864,bright,Cl* NGC 2099 HGH V722,88.08304690939012,32.37087686017344,2273
M37,Hartman08 745,11.02697625,3451180323130925568,88.0872908786,32.489679317,0.7055,0.2231,2.575,0.41600000000000004,-5.595000000000001,0.342,18.515617,19.236702,17.503128,1.7335739,0.824,0.997,probable-member,7.169,0.694,4384,faint,Cl* NGC 2099 HGH V745,88.0872777334671,32.489703406133835,2276
M37,Hartman08 763,9.06648208,3451177166334992512,88.0919265757,32.4541920005,0.6971,0.1166,1.9720000000000002,0.22000000000000003,-5.609000000000001,0.18300000000000002,17.588121,18.263247,16.761316,1.5019302,0.183,1.0,probable-member,6.274,0.794,4910,intermediate,Cl* NGC 2099 HGH V763,88.0919165159318,32.45421615064462,2281
M37,Hartman08 768,6.6030779,3451180254411452160,88.092615893,32.4907681501,0.6961,0.0679,2.016,0.137,-5.682,0.11300000000000002,16.49879,17.021315,15.787121,1.2341938,0.323,1.0,probable-member,5.177,0.96,5598,bright,Cl* NGC 2099 HGH V768,88.09260560401913,32.490792613348816,2283
M37,Hartman08 777,6.82894529,3451219287076193792,88.0955419241,32.7471509731,0.73,0.094,2.1580000000000004,0.14600000000000002,-5.509,0.12400000000000001,16.813076,17.364544,16.108257,1.2562866,0.762,1.0,probable-member,5.272,0.943,5535,bright,Cl* NGC 2099 HGH V777,88.09553087520918,32.747174690498,2288
M37,Hartman08 802,8.03593387,3451217642106146304,88.1025283984,32.6630622346,0.6703,0.0957,1.5420000000000003,0.16100000000000003,-5.679,0.135,17.056402,17.65587,16.31612,1.3397503,0.928,0.999,probable-member,5.633,0.885,5305,bright,Cl* NGC 2099 HGH V802,88.10252051258132,32.66308668407282,2297
M37,Hartman08 803,9.14645692,3451180254411450880,88.1026104393,32.4921309004,0.6567,0.1171,1.4010000000000002,0.24200000000000002,-5.583000000000001,0.2,17.509731,18.165869,16.693699,1.4721699,1.022,0.995,probable-member,6.169,0.808,4972,intermediate,Cl* NGC 2099 HGH V803,88.10260328961607,32.49215493644383,2298
M37,Hartman08 808,8.93625395,3451177093315486208,88.1041653665,32.4487288412,0.5268,0.149,1.9730000000000003,0.327,-5.266000000000001,0.268,17.583002,18.209177,16.750793,1.4583836,0.872,0.99,probable-member,6.123,0.814,5000,intermediate,Cl* NGC 2099 HGH V808,88.10415530031858,32.4487515161438,2299
M37,Hartman08 812,6.58907755,3451181907978822784,88.1051859162,32.5796643134,0.6017,0.0724,1.9970000000000003,0.138,-5.538,0.11600000000000002,16.450033,16.948927,15.752347,1.1965799,0.587,0.999,probable-member,5.005,0.99,5709,bright,Cl* NGC 2099 HGH V812,88.10517571266885,32.579688156185,2301
M37,Hartman08 815,6.64539628,3451177299482449280,88.1056735557,32.4709774187,0.7402,0.2628,1.7140000000000002,0.6130000000000001,-5.7540000000000004,0.49500000000000005,18.967438,19.763805,17.952,1.8118057,0.281,0.995,probable-member,7.628,0.649,4145,faint,Cl* NGC 2099 HGH V815,88.1056648102987,32.4710021930238,2303
M37,Hartman08 819,5.13723395,3451181147773158656,88.1077272316,32.5664248211,1.0399,0.2191,2.273,0.38400000000000006,-5.3500000000000005,0.329,18.304226,18.99617,17.328295,1.6678753,1.171,0.999,probable-member,6.921,0.718,4524,intermediate,Cl* NGC 2099 HGH V819,88.10771561880154,32.56644785686089,2305
M37,Hartman08 822,10.56251019,3451218428082643072,88.1083659864,32.7248817409,0.8673,0.1881,1.9320000000000002,0.31300000000000006,-5.501,0.266,18.073288,18.832806,17.219364,1.6134415,0.661,0.999,probable-member,6.69,0.742,4669,intermediate,Cl* NGC 2099 HGH V822,88.10835609933032,32.724905426546115,2307
M37,Hartman08 825,6.8502604,3451205478759329408,88.1091929056,32.6063622257,0.6807,0.0732,1.8470000000000002,0.129,-5.4110000000000005,0.10800000000000001,16.317816,16.826979,15.630966,1.1960125,0.712,1.0,probable-member,5.003,0.991,5710,bright,Cl* NGC 2099 HGH V825,88.10918346478807,32.60638552219712,2308
M37,Hartman08 827,6.65962321,3451218020063253504,88.1093636005,32.679058079,0.6876,0.0531,2.1,0.08800000000000001,-5.507000000000001,0.07400000000000001,15.775783,16.249561,15.150271,1.0992899,0.668,1.0,probable-member,4.539,1.078,6004,bright,Cl* NGC 2099 HGH V827,88.10935285600131,32.679081788210716,2309
M37,Hartman08 835,7.17205129,3451174481975289856,88.1122635447,32.3772394802,1.0954,0.3842,2.1410000000000005,0.7450000000000001,-7.247000000000001,0.7110000000000001,19.429094,20.386803,18.379116,2.0076866,1.427,0.984,probable-member,8.109,0.602,3924,faint,Cl* NGC 2099 HGH V835,88.11225263159854,32.37727068235263,2311
M37,Hartman08 838,11.30756089,3451180632368578048,88.1131874582,32.4999173773,0.4186,0.2466,1.5620000000000003,0.513,-6.1000000000000005,0.42000000000000004,18.459356,19.098278,17.321741,1.776537,0.907,0.984,probable-member,7.116,0.699,4412,intermediate,Cl* NGC 2099 HGH V838,88.11317948544733,32.499943641721856,2312
M37,Hartman08 845,6.94199955,3451180632368577280,88.1159786167,32.4980554074,0.609,0.0749,2.1060000000000003,0.12400000000000001,-5.53,0.10300000000000001,16.355051,16.86548,15.674215,1.1912651,0.694,0.999,probable-member,4.981,0.995,5724,bright,Cl* NGC 2099 HGH V845,88.11596786666067,32.498079218845646,2315
M37,Hartman08 852,10.12930641,3451180739747741184,88.1191209201,32.5208545956,0.7552,0.1521,1.481,0.28800000000000003,-5.743,0.23900000000000002,17.90098,18.591522,17.02642,1.5651016,0.853,0.998,probable-member,6.516,0.763,4773,intermediate,Cl* NGC 2099 HGH V852,88.11911335817507,32.52087932143376,2317
M37,Hartman08 876,7.62240254,3451205410039849600,88.1246857576,32.6027637505,0.6224,0.0906,1.9600000000000002,0.15600000000000003,-5.445,0.13,16.906885,17.472364,16.166412,1.3059521,0.605,0.999,probable-member,5.487,0.907,5398,bright,Cl* NGC 2099 HGH V876,88.1246757396218,32.60278719496042,2327
M37,Hartman08 880,7.47587118,3451180842826951552,88.1256284909,32.5248668668,0.7469,0.0789,2.2740000000000005,0.15600000000000003,-5.579000000000001,0.132,16.830845,17.415237,16.105003,1.3102341,0.995,1.0,probable-member,5.506,0.904,5386,bright,Cl* NGC 2099 HGH V880,88.12561687988317,32.52489088705856,2328
M37,Hartman08 882,12.79595765,3451205508820713984,88.1266885899,32.6086839045,0.9412,0.2726,1.6500000000000001,0.49100000000000005,-5.455000000000001,0.41500000000000004,18.906666,19.64801,17.83856,1.8094501,0.7,0.995,probable-member,7.567,0.655,4176,faint,Cl* NGC 2099 HGH V882,88.12668015702336,32.60870739083432,2329
M37,Hartman08 888,7.25862166,3451180872887833216,88.1284489459,32.5463738201,0.6833,0.092,1.9370000000000003,0.168,-5.590000000000001,0.14200000000000002,16.865421,17.410816,16.113176,1.2976398,0.173,1.0,probable-member,5.45,0.913,5421,bright,Cl* NGC 2099 HGH V888,88.1284390523748,32.54639788888683,2331
M37,Hartman08 891,5.01646509,3451205616198591360,88.1287414289,32.6308278317,0.7383,0.0631,2.075,0.128,-5.652000000000001,0.10400000000000001,16.080954,16.56767,15.4249935,1.1426773,0.691,1.0,probable-member,4.752,1.037,5870,bright,Cl* NGC 2099 HGH V891,88.12873082049961,32.63085216706446,2332
M37,Hartman08 904,7.34429337,3451204551046402816,88.1312462717,32.5676984621,0.6753,0.0971,1.9700000000000002,0.14800000000000002,-5.880000000000001,0.12200000000000001,16.772514,17.303793,16.046623,1.2571697,0.654,1.0,probable-member,5.276,0.943,5532,bright,Cl* NGC 2099 HGH V904,88.13123620953307,32.56772378020869,2335
M37,Hartman08 915,8.24903209,3451218157502176000,88.134419298,32.6961138461,0.7823,0.1178,1.8900000000000001,0.19000000000000003,-5.6930000000000005,0.162,17.209698,17.807934,16.451563,1.3563709,0.566,1.0,probable-member,5.704,0.874,5260,bright,Cl* NGC 2099 HGH V915,88.13440962689477,32.69613835554935,2339
M37,Hartman08 924,10.96571691,3451174207097361280,88.1357042296,32.3536528856,0.685,0.2086,2.229,0.44300000000000006,-6.218000000000001,0.35900000000000004,18.484226,19.248943,17.561123,1.6878204,0.906,0.997,probable-member,7.128,0.698,4406,intermediate,Cl* NGC 2099 HGH V924,88.13569286737324,32.35367965697975,2342
M37,Hartman08 942,8.45071991,3451180774107471616,88.1400992334,32.5182070252,0.5252,0.1173,2.2800000000000002,0.24600000000000002,-5.737000000000001,0.20400000000000001,17.211786,17.797018,16.444149,1.352869,0.96,0.996,probable-member,5.689,0.876,5269,bright,Cl* NGC 2099 HGH V942,88.14008758908933,32.51823172642826,2344
M37,Hartman08 953,8.73549565,3451206406472228224,88.1419836928,32.6806260058,0.789,0.1222,1.4290000000000003,0.21300000000000002,-5.678000000000001,0.17700000000000002,17.468359,18.090433,16.677887,1.4125462,1.177,0.998,probable-member,5.938,0.84,5113,bright,Cl* NGC 2099 HGH V953,88.14197638394711,32.680650452392435,2346
M37,Hartman08 971,3.23325018,3451177750450502144,88.1472919833,32.4996330122,0.6959,0.0472,1.9450000000000003,0.09100000000000001,-5.525,0.07500000000000001,15.642731,16.08963,15.026025,1.0636053,0.475,1.0,probable-member,4.355,1.115,6119,bright,Cl* NGC 2099 HGH V971,88.14728205634593,32.499656801235176,2350
M37,Hartman08 978,9.64343985,3451204271868593408,88.1493963304,32.5435355378,0.8345,0.2587,1.2930000000000001,0.41400000000000003,-5.6770000000000005,0.34700000000000003,18.107155,18.807558,17.174047,1.6335106,0.898,0.989,probable-member,6.735,0.738,4641,intermediate,Cl* NGC 2099 HGH V978,88.14938972612597,32.54355997840664,2351
M37,Hartman08 990,6.92654197,3451206436533827200,88.1514774355,32.6909810726,0.6773,0.2123,1.8290000000000002,0.36600000000000005,-5.164000000000001,0.30700000000000005,18.27138,19.103083,17.32471,1.7783718,0.805,0.988,probable-member,6.965,0.714,4497,intermediate,Cl* NGC 2099 HGH V990,88.15146808093291,32.69100330488605,2354
M37,Hartman08 1000,9.7179319,3451205921137609728,88.1541803935,32.6331921946,0.5864,0.141,1.4380000000000002,0.23800000000000002,-5.833000000000001,0.2,17.718838,18.426785,16.858578,1.5682068,1.084,0.994,probable-member,6.477,0.768,4795,intermediate,Cl* NGC 2099 HGH V1000,88.15417304121382,32.63321730792847,2357
M37,Hartman08 1005,7.48565551,3451204310524504832,88.1560686716,32.5518676251,0.7202,0.1012,1.6460000000000001,0.18000000000000002,-5.429,0.14700000000000002,17.02984,17.590443,16.25698,1.3334618,0.898,0.999,probable-member,5.606,0.889,5322,bright,Cl* NGC 2099 HGH V1005,88.15606026625025,32.551890999111194,2359
M37,Hartman08 1008,4.45595995,3451204684186647936,88.1565405752,32.5880250469,0.7345,0.0692,1.7910000000000001,0.11600000000000002,-5.487000000000001,0.09400000000000001,15.978721,16.449566,15.324569,1.1249971,0.79,1.0,probable-member,4.667,1.053,5923,bright,Cl* NGC 2099 HGH V1008,88.15653142287354,32.58804867024265,2361
M37,Hartman08 1025,4.11960005,3451177338133658752,88.1598348916,32.4550326259,0.6751,0.0628,1.9590000000000003,0.12000000000000001,-5.518000000000001,0.099,15.78611,16.261135,15.146888,1.1142473,0.383,1.0,probable-member,4.614,1.064,5957,bright,Cl* NGC 2099 HGH V1025,88.15982489809073,32.45505638310345,2365
M37,Hartman08 1041,8.98786799,3451204684186648832,88.1629486336,32.5885142026,0.7578,0.1619,1.725,0.28900000000000003,-5.2780000000000005,0.24700000000000003,17.567406,18.214067,16.715357,1.4987106,0.848,0.997,probable-member,6.263,0.795,4916,intermediate,Cl* NGC 2099 HGH V1041,88.16293981756544,32.588536928706795,2370
M37,Hartman08 1043,6.83522303,3451205959791878016,88.1630592319,32.646389657,0.4685,0.0968,1.8610000000000002,0.15900000000000003,-5.485,0.133,16.947357,17.457407,16.169292,1.2881145,1.218,0.988,probable-member,5.408,0.92,5447,bright,Cl* NGC 2099 HGH V1043,88.16304971440681,32.64641327117727,2371
M37,Hartman08 1060,8.11983816,3451205169521658112,88.1684431857,32.6246408584,0.4336,0.0958,1.9170000000000003,0.16100000000000003,-5.857000000000001,0.134,16.986155,17.564272,16.231024,1.3332481,1.453,0.988,probable-member,5.605,0.889,5323,bright,Cl* NGC 2099 HGH V1060,88.16843338730025,32.624666075249884,2374
M37,Hartman08 1061,8.96199942,3451177544292070144,88.1685951691,32.4856092365,0.7808,0.1203,1.9570000000000003,0.22000000000000003,-5.8660000000000005,0.18300000000000002,17.44672,18.055454,16.662191,1.3932629,0.735,1.0,probable-member,5.862,0.851,5159,bright,Cl* NGC 2099 HGH V1061,88.16858517886864,32.48563449120454,2375
M37,Hartman08 1070,8.14108872,3451205955497353600,88.170976423,32.6408621068,0.5844,0.1151,1.9980000000000002,0.198,-5.546,0.164,17.255466,17.901892,16.479212,1.4226799,0.487,0.999,probable-member,5.977,0.834,5089,bright,Cl* NGC 2099 HGH V1070,88.1709662079771,32.64088598527782,2379
M37,Hartman08 1081,7.62242098,3451177475572595072,88.1743455901,32.4771564986,0.6278,0.0672,2.027,0.127,-5.803000000000001,0.10500000000000001,16.394196,16.89667,15.714798,1.1818714,0.6,1.0,probable-member,4.938,1.003,5752,bright,Cl* NGC 2099 HGH V1081,88.17433524357214,32.47718148506109,2381
M37,Hartman08 1085,8.09869826,3451177578651801088,88.1747067888,32.4935003444,0.8337,0.1191,2.0140000000000002,0.17900000000000002,-5.48,0.15000000000000002,16.948984,17.518608,16.215843,1.3027649,0.906,1.0,probable-member,5.473,0.91,5406,bright,Cl* NGC 2099 HGH V1085,88.17469650966443,32.493523937899226,2382
M37,Hartman08 1102,6.754795,3451219841129289600,88.179775968,32.7493399394,0.6375,0.0972,1.8800000000000001,0.132,-5.838000000000001,0.11100000000000002,16.477692,17.02108,15.788794,1.2322865,0.588,1.0,probable-member,5.168,0.962,5603,bright,Cl* NGC 2099 HGH V1102,88.17976634138505,32.749365075294676,2384
M37,Hartman08 1104,10.72288866,3451176612288137216,88.1802927694,32.4491819106,0.7296,0.1601,2.6630000000000003,0.32200000000000006,-5.245000000000001,0.268,18.060495,18.82501,17.120531,1.7044792,1.366,0.994,probable-member,6.791,0.732,4606,intermediate,Cl* NGC 2099 HGH V1104,88.18027918448355,32.449204495090825,2385
M37,Hartman08 1107,3.27408694,3451176513499941376,88.1812626275,32.430211533,0.668,0.0467,1.8480000000000003,0.08600000000000001,-5.876,0.068,15.620654,16.065138,15.00847,1.0566683,0.763,1.0,probable-member,4.318,1.123,6142,bright,Cl* NGC 2099 HGH V1107,88.18125320139725,32.430236830734664,2387
M37,Hartman08 1111,12.2903904,3451204512387940608,88.1831896736,32.582886595,0.919,0.3274,2.47,0.5930000000000001,-5.335000000000001,0.51,19.084341,19.889282,18.05624,1.8330421,0.745,0.994,probable-member,7.748,0.637,4090,faint,Cl* NGC 2099 HGH V1111,88.1831770547055,32.58290956593014,2388
M37,Hartman08 1120,1.7396734,3451177505632382976,88.1861192134,32.4918745215,1.517,0.4326,2.8360000000000003,0.49200000000000005,-5.582000000000001,0.42500000000000004,18.697134,19.47633,17.682653,1.7936764,1.507,0.998,probable-member,7.356,0.675,4286,faint,Cl* NGC 2099 HGH V1120,88.18610473475135,32.491898557086195,2391
M37,Hartman08 1131,3.28667272,3451201286871252224,88.1893543625,32.5324697067,0.7139,0.0596,1.8760000000000001,0.09700000000000002,-5.612000000000001,0.081,15.661103,16.110052,15.042242,1.06781,0.444,1.0,probable-member,4.378,1.11,6105,bright,Cl* NGC 2099 HGH V1131,88.18934478012545,32.53249386884605,2394
M37,Hartman08 1136,9.62767091,3451204924705163776,88.1916319467,32.6086807168,0.8038,0.1367,2.523,0.22700000000000004,-5.563000000000001,0.18900000000000003,17.629671,18.269575,16.816532,1.453043,1.31,0.999,probable-member,6.115,0.815,5005,intermediate,Cl* NGC 2099 HGH V1136,88.19161905027224,32.60870466965214,2396
M37,Hartman08 1137,6.25771475,3451177505632385664,88.1916668171,32.4930670988,0.7577,0.0683,2.023,0.11600000000000002,-5.506,0.09700000000000002,16.050406,16.525902,15.398869,1.1270332,0.842,1.0,probable-member,4.677,1.051,5917,bright,Cl* NGC 2099 HGH V1137,88.19165648921494,32.493090807335044,2397
M37,Hartman08 1138,10.07731545,3450988149114368640,88.191689747,32.3786496622,0.5878,0.1686,1.8260000000000003,0.30100000000000005,-5.590000000000001,0.24800000000000003,17.976547,18.694853,17.11456,1.5802937,0.335,0.998,probable-member,6.583,0.754,4734,intermediate,Cl* NGC 2099 HGH V1138,88.19168043554406,32.37867373157908,2398
M37,Hartman08 1145,14.66617366,3451204825920527232,88.1943024389,32.5909599774,1.6099,0.5389,2.9480000000000004,1.0290000000000001,-6.394000000000001,0.936,19.79029,20.540527,18.654848,1.8856792,1.24,0.994,probable-member,8.459,0.569,3789,faint,Cl* NGC 2099 HGH V1145,88.19428737318336,32.59098750553341,2399
M37,Hartman08 1151,6.83522303,3451176650938873344,88.1961803841,32.4616867412,0.7022,0.0798,1.7990000000000002,0.14600000000000002,-5.787000000000001,0.12200000000000001,16.486416,17.016455,15.805781,1.2106733,0.564,1.0,probable-member,5.069,0.979,5667,bright,Cl* NGC 2099 HGH V1151,88.19617120335688,32.46171165892093,2403
M37,Hartman08 1162,8.99837375,3451201213851933312,88.2145012801,32.5395070253,1.1054,0.1599,2.3930000000000002,0.23900000000000002,-5.6000000000000005,0.21000000000000002,17.553823,18.225779,16.744322,1.4814568,1.788,1.0,probable-member,6.204,0.803,4951,intermediate,Cl* NGC 2099 HGH V1162,88.21448905968738,32.53953113522413,2405
M37,Hartman08 1202,13.11982286,3451200187359628032,88.229895296,32.4909879994,0.6573,0.353,2.079,0.6000000000000001,-5.495000000000001,0.535,19.138275,20.36966,18.111195,2.2584648,0.205,0.989,probable-member,7.842,0.628,4047,faint,Cl* NGC 2099 HGH V1202,88.22988468477172,32.491011657528375,2415
M37,Hartman08 1208,10.3112209,3451201591820084992,88.2326331627,32.5622853255,0.4792,0.2088,2.1,0.326,-5.372000000000001,0.276,18.148024,18.951464,17.272575,1.6788883,0.751,0.988,probable-member,6.807,0.73,4596,intermediate,Cl* NGC 2099 HGH V1208,88.23262243606939,32.562308456173966,2417
M37,Hartman08 1221,9.35010524,3451201591809060480,88.2369301879,32.5501144332,0.4226,0.2063,2.019,0.32200000000000006,-5.840000000000001,0.274,18.250631,19.087275,17.346485,1.7407894,0.772,0.995,probable-member,6.926,0.718,4522,intermediate,Cl* NGC 2099 HGH V1221,88.23691987556894,32.55013957594472,2422
M37,Hartman08 1225,10.2292338,3450988698874465408,88.2378116439,32.4186988799,0.8356,0.1793,1.868,0.31300000000000006,-5.252000000000001,0.257,18.091219,18.80126,17.237041,1.5642185,0.915,0.998,probable-member,6.633,0.748,4705,intermediate,Cl* NGC 2099 HGH V1225,88.2378021150012,32.418721493050654,2424
M37,Hartman08 1235,12.38833134,3451201935405752832,88.2406527595,32.5877798149,1.024,0.2575,2.007,0.42600000000000005,-5.337000000000001,0.35900000000000004,18.60062,19.423038,17.64609,1.7769489,0.917,0.998,probable-member,7.258,0.685,4338,faint,Cl* NGC 2099 HGH V1235,88.24064250457437,32.58780279262148,2425
M37,Hartman08 1273,8.52015886,3451201729248034944,88.2562079164,32.5798756937,0.7227,0.1433,2.024,0.22200000000000003,-5.224,0.19000000000000003,17.288363,17.853373,16.510311,1.3430614,0.991,0.997,probable-member,5.647,0.883,5296,bright,Cl* NGC 2099 HGH V1273,88.25619757352548,32.57989818728032,2433
M37,Hartman08 1277,10.79732732,3451201763607774720,88.2569609194,32.5831994574,1.0199,0.2137,2.298,0.34700000000000003,-5.635000000000001,0.29200000000000004,18.123655,18.833439,17.221869,1.6115704,1.086,0.999,probable-member,6.722,0.739,4649,intermediate,Cl* NGC 2099 HGH V1277,88.25694917565403,32.583223718657365,2434
M37,Hartman08 1284,11.36653995,3451201660528544768,88.2633751585,32.5589320723,0.2931,0.2663,2.224,0.42000000000000004,-5.74,0.35700000000000004,18.487204,19.259972,17.549318,1.7106533,0.896,0.985,probable-member,7.135,0.697,4402,intermediate,Cl* NGC 2099 HGH V1284,88.26336379802102,32.558956786470276,2436
M37,Hartman08 1285,5.1323379,3450987496281377536,88.2637532082,32.3554797993,0.673,0.1798,2.366,0.31700000000000006,-6.149000000000001,0.259,18.22456,18.99154,17.298912,1.6926289,1.159,0.998,probable-member,6.871,0.724,4556,intermediate,Cl* NGC 2099 HGH V1285,88.26374115070226,32.35550627265534,2437
M37,Hartman08 1332,9.98028757,3451200904614298368,88.2791116267,32.5552775323,0.5238,0.2101,1.743,0.30500000000000005,-5.6690000000000005,0.259,17.959396,18.7093,17.073061,1.6362381,0.498,0.996,probable-member,6.664,0.745,4686,intermediate,Cl* NGC 2099 HGH V1332,88.27910272206675,32.55530194203358,2444
M37,Hartman08 1333,7.91327906,3450987599360628992,88.2794167299,32.3811399927,0.8867,0.1645,2.306,0.30800000000000005,-5.301000000000001,0.26,17.654646,18.269611,16.747416,1.5221958,1.158,0.999,probable-member,6.341,0.785,4872,intermediate,Cl* NGC 2099 HGH V1333,88.27940497316854,32.381162816209105,2445
M37,Hartman08 1334,6.92010323,3451012170869110400,88.2800390901,32.4428083989,0.6372,0.0954,1.7570000000000001,0.14900000000000002,-5.680000000000001,0.12400000000000001,16.702538,17.272905,15.997831,1.275074,0.471,1.0,probable-member,5.35,0.93,5483,bright,Cl* NGC 2099 HGH V1334,88.28003012432839,32.44283285435277,2446
M37,Hartman08 1336,2.22654785,3451203245372519552,88.281028206,32.6021258636,0.8867,0.5736,3.4380000000000006,1.0020000000000002,-6.093000000000001,0.9570000000000001,19.784182,20.667534,18.505777,2.1617565,0.92,0.987,probable-member,8.479,0.567,3781,faint,Cl* NGC 2099 HGH V1336,88.28101063447913,32.60215209681289,2447
M37,Hartman08 1350,5.87193247,3451200938974042240,88.2849834056,32.5636749485,0.6345,0.2354,2.5140000000000002,0.36700000000000005,-5.426000000000001,0.31300000000000006,18.175568,18.917042,17.281345,1.6356964,0.893,0.994,probable-member,6.785,0.732,4609,intermediate,Cl* NGC 2099 HGH V1350,88.2849705623697,32.56369831238644,2450
M37,Hartman08 1367,10.61313545,3451200530956976256,88.2929779491,32.5242910735,0.8508,0.2413,1.5710000000000002,0.38900000000000007,-5.643000000000001,0.32000000000000006,18.338175,19.095888,17.455366,1.640522,0.653,0.996,probable-member,6.94,0.717,4513,intermediate,Cl* NGC 2099 HGH V1367,88.29296992733846,32.52431537035135,2454
M37,Hartman08 1378,7.28974167,3451202420742569472,88.2956926393,32.5718397424,0.7594,0.228,2.1670000000000003,0.35500000000000004,-5.626,0.30900000000000005,18.304317,19.048553,17.375637,1.6729164,0.41,0.999,probable-member,6.925,0.718,4522,intermediate,Cl* NGC 2099 HGH V1378,88.29568157028386,32.57186396461498,2458
M37,Hartman08 1394,9.70009982,3451202347734370304,88.3024231903,32.5611289523,0.9084,0.2052,2.181,0.31400000000000006,-5.264,0.262,18.10448,18.870142,17.193047,1.6770954,1.048,0.999,probable-member,6.78,0.733,4613,intermediate,Cl* NGC 2099 HGH V1394,88.30241205016213,32.5611516173661,2461
M37,Hartman08 1442,8.26192095,3451012029134698368,88.3206223944,32.4480590536,0.7397,0.1448,2.1670000000000003,0.21600000000000003,-5.508000000000001,0.18000000000000002,17.629812,18.289913,16.812412,1.4775009,0.639,0.999,probable-member,6.198,0.804,4954,intermediate,Cl* NGC 2099 HGH V1442,88.32061133697536,32.44808276796484,2467
