NGTS_ID,Gaia_ID,RA,Dec,NGTS_mag,G_mag,BP_mag,RP_mag,Ks_mag,GmK,SpT,mult,amp_data,amp_GP,P_GP,P_GPue,P_GPle,P_LS,P_GACF,method,Prot,dr2_source_id,dr2_bp_rp,dr3_source_id,angular_distance,magnitude_difference,ra,dec,parallax,parallax_error,parallax_over_error,pmra,pmdec,ruwe,phot_g_mean_flux_over_error,phot_g_mean_mag,phot_bp_mean_flux_over_error,phot_rp_mean_flux,phot_rp_mean_flux_over_error,phot_bp_rp_excess_factor,phot_bp_n_contaminated_transits,phot_bp_n_blended_transits,phot_rp_n_contaminated_transits,phot_rp_n_blended_transits,bp_rp,bp_g,g_rp,radial_velocity,radial_velocity_error,rv_method_used,rv_expected_sig_to_noise,vbroad,vbroad_error,l,b,ecl_lon,ecl_lat,non_single_star,teff_gspphot,teff_gspphot_lower,teff_gspphot_upper,azero_gspphot,ag_gspphot,ebpminrp_gspphot,Teff_Curtis20,nbhr_count,flag_nbhr_count,abs_magnitude_difference,flag_bad_gaiamatch,M_G,flag_ruwe_outlier,flag_camd_outlier,flag_rverror_outlier,flag_possible_binary,flag_benchmark_period
626,2321422436144254464,00:06:53.699,-28:31:08.255,11.87,12.25,12.64,11.71,10.66,1.59,G8,--,17.78,15.33,5.37994,0.02861,0.02901,5.36998,5.3753,GP,5.37994,2321422436144254464,0.9299999999999997,2321422436144254464,0.2203708,0.0010480881,1.7237875870346318,-28.519087180920067,4.314306649115637,0.012142925,355.29385,19.001441965961675,2.8761013345179904,0.9803129,934.88434,12.24948,352.12357,165711.70614220607,494.266,1.2116431,0,0,0,0,0.92565536,0.3756876,0.54996777,5.849659,0.8160917,1,28.122135,18.411457,31.496613,22.31317516358735,-80.05779115647988,349.31764498793524,-26.651781450942,0,5422.7495,5410.311,5435.4883,0.0745,0.0613,0.0327,5483.507965341511,0,False,0.0010480881,False,5.424035299134774,False,False,False,False,True
1221,2333096436428744192,00:01:08.420,-28:36:56.806,11.15,11.49,11.82,11.03,10.2,1.29,G0,--,15.95,20.85,3.03852,0.01165,0.01176,2.97678,3.0341,GP,3.03852,2333096436428744192,0.7900000000000009,2333096436428744192,0.18248916,0.0043535233,0.2851562521454859,-28.615687303931526,4.163822029146939,0.026569538,156.71413,18.467255250231787,2.1295335562404007,1.2014942,1061.0891,11.495463,474.75613,309377.0950984426,671.99536,1.1989826,0,0,0,0,0.7784796,0.3046913,0.47378826,5.609977,0.9614973,1,46.92969,17.829494,9.193834,22.39190858869358,-78.79070809597864,348.00570281692546,-26.17726171777524,0,5839.4087,5796.355,5872.766,0.0417,0.0352,0.0189,5912.551598265493,0,False,0.0043535233,False,4.592924163976541,True,False,False,False,True
1283,2333061733093062784,00:03:38.490,-28:37:25.335,11.71,12.07,12.44,11.54,10.57,1.49,G5,--,34.0,34.08,5.02679,0.0269,0.02528,4.95986,5.0012,GP,5.02679,2333061733093062784,0.9000000000000004,2333061733093062784,0.21395619,-0.006828308,0.9105498704409846,-28.623710204969523,4.273252049432987,0.013772972,310.2636,18.46932991455591,2.4672459940762086,0.99285716,1418.4694,12.060509,411.33084,193523.8604114411,586.7512,1.2062693,0,0,0,0,0.88895893,0.35950947,0.52944946,6.2225356,0.9719254,1,36.968304,9.735506,18.07761,22.10083252055927,-79.33696570195009,348.55053922286,-26.42802992739215,0,5492.8965,5484.137,5522.2188,0.0065,0.0053,0.0029,5573.444665210215,0,False,0.006828308,False,5.21430127595325,False,False,False,False,True
3450,2321022630524596736,00:05:56.387,-28:56:10.291,11.01,11.34,11.65,10.89,10.12,1.22,F9,--,21.75,18.67,3.10021,0.01852,0.01888,3.19632,3.1459,GP,3.10021,2321022630524596736,0.7599999999999998,2321022630524596736,0.108611636,0.00198555,1.4851165630817689,-28.93627419658907,4.186108054120419,0.02162868,193.54431,18.834934556810143,2.7636490528789945,1.0739503,1289.2554,11.338227,480.53314,351374.52992000274,705.8998,1.1938634,0,0,0,0,0.7472372,0.29247952,0.4547577,5.2281337,1.128213,1,49.653168,17.874382,22.282944,20.076621705665264,-79.80289729897197,348.8995467222204,-26.932066411446566,0,5889.8394,5887.302,5895.6235,0.0019,0.0016,0.0008,6004.065103706463,0,False,0.00198555,False,4.447279444009027,False,False,False,False,True
5862,2320987549231653888,00:04:34.814,-29:15:19.849,12.28,12.67,13.11,12.08,10.92,1.75,K0,--,16.99,16.38,6.38175,0.04343,0.04522,6.43548,6.3801,GP,6.38175,2320987549231653888,1.0299999999999994,2320987549231653888,0.15675147,-0.007940292,1.1452867242110074,-29.255538957946232,4.259807149575101,0.016073141,265.02643,18.707152676057397,2.536996771146871,1.0283631,1814.616,12.660482,534.91943,117731.37307052808,745.00494,1.2142465,0,0,0,0,1.0164337,0.42661667,0.58981705,6.682382,1.4090992,1,19.13419,nan,nan,18.554610935699657,-79.46360637681173,348.44134623973497,-27.085220887090316,0,nan,nan,nan,nan,nan,nan,5201.430102637707,0,False,0.007940292,False,5.807432097234038,False,False,False,False,True
6001,2320987858469300864,00:05:00.949,-29:16:08.658,12.26,12.67,13.12,12.08,10.91,1.76,K0,--,13.06,15.2,6.79839,0.04021,0.03634,6.82941,6.9306,GP,6.79839,2320987858469300864,1.0399999999999991,2320987858469300864,0.1416911,-0.0115299225,1.25417611462053,-29.26910845670295,4.211025299604778,0.016910126,249.02386,18.421390272533724,2.2486112706929298,1.1350913,2536.504,12.661598,678.0559,118177.798398862,886.0864,1.2158022,0,0,0,2,1.0259695,0.43092728,0.5950422,6.6052585,1.0344638,1,22.585054,nan,nan,18.39999964245266,-79.55534281975235,348.53001246100996,-27.13980271305835,0,5232.796,5225.702,5239.229,0.1101,0.0893,0.0473,5174.999908550782,0,False,0.0115299225,False,5.783537458791862,False,False,False,False,True
6278,2333005344467248768,00:02:48.773,-29:18:42.202,11.8,12.18,12.57,11.64,10.59,1.59,G8,--,22.51,20.2,5.26442,0.04609,0.04229,5.20561,5.292,GP,5.26442,2333005344467248768,0.9299999999999997,2333005344467248768,0.17124134,-0.008684158,0.7034277027139929,-29.311722983957704,4.2708838929529165,0.014296424,298.7379,18.682265065146787,2.1189154156340813,1.0879166,2575.9976,12.172879,782.025,176345.52717739638,984.277,1.2057738,0,0,0,0,0.9167013,0.3758068,0.5408945,5.0345645,1.0705261,1,34.741886,nan,nan,18.569847983740452,-79.07414970347438,348.0260701840214,-26.963426426465332,0,5525.0205,5513.8306,5541.025,0.1107,0.0915,0.0488,5483.507965341511,0,False,0.008684158,False,5.325468043954142,False,False,False,False,True
6292,2320959820922837760,00:06:17.762,-29:18:40.308,11.52,11.89,12.24,11.39,10.44,1.44,G3,--,18.45,17.39,4.53201,0.01218,0.01224,4.52757,4.5511,GP,4.53201,2320959820922837760,0.8499999999999996,2320959820922837760,0.21668635,-0.010092735,1.5741915903413435,-29.311243682829165,4.281838229965256,0.017686516,242.09619,18.537487033268068,2.4526728008132936,1.019191,1748.143,11.876925,376.98315,223692.4023067045,579.9177,1.2017181,0,0,0,0,0.8382416,0.33508396,0.5031576,5.3915854,1.1017394,1,36.517765,6.9570384,9.701108,17.914369424667544,-79.82389458231651,348.78955672639165,-27.302299769090336,0,5681.2153,5675.0156,5686.498,0.008,0.0067,0.0036,5726.78693356637,0,False,0.010092735,False,5.035076745450185,False,False,False,False,True
6650,2320994592977961216,00:03:06.484,-29:21:43.949,11.18,11.51,11.83,11.05,10.21,1.3,G0,--,14.38,12.37,3.36032,0.0233,0.02318,3.44631,3.3964,GP,3.36032,2320994592977961216,0.7799999999999994,2320994592977961216,0.1399008,-0.0055036545,0.7772500301620716,-29.36222268434237,4.218298761900826,0.015924092,264.90042,18.3344103739646,2.3954722945696783,0.9284845,1821.9658,11.50574,638.1118,305011.6870259142,954.4819,1.1939445,0,0,0,0,0.7772093,0.30857372,0.46863556,3.6065893,0.6922109,1,46.033813,14.947265,8.674319,18.25396443907736,-79.13005345348452,348.0654009293087,-27.037343251015024,0,5817.2607,5804.1406,5834.1694,0.0151,0.0127,0.0068,5943.248499183068,0,False,0.0055036545,False,4.631426843166402,False,False,False,False,True
6897,2332909347653323136,00:02:18.006,-29:24:05.199,13.26,13.74,14.37,13.01,11.43,2.31,K4,--,16.62,17.25,9.39168,0.05983,0.05744,9.44925,9.4815,GP,9.39168,2332909347653323136,1.3599999999999994,2332909347653323136,0.03969778,-0.006747246,0.575243832883654,-29.401473128824094,4.152834786316955,0.015600362,266.20117,18.012783910167936,2.605762161925663,0.9838797,2143.512,13.73345,467.1114,50234.218571671256,721.92444,1.2457165,0,0,0,0,1.3440094,0.6059561,0.7380533,5.732488,2.61137,2,10.236797,nan,nan,18.193611395932738,-78.95007379904752,347.86893449998473,-26.993876693519013,0,4633.26,4626.58,4639.4062,0.1379,0.1055,0.0553,4512.396896326391,0,False,0.006747246,False,6.825173204732261,False,False,False,False,True
7039,2332907487931865728,00:01:13.985,-29:25:18.092,11.88,12.22,12.61,11.68,10.65,1.58,G7,--,19.88,20.09,5.61339,0.039,0.04007,5.63995,5.5956,GP,5.61339,2332907487931865728,0.9299999999999997,2332907487931865728,0.20605144,-0.0052251816,0.3084142976671878,-29.42170544200764,4.257129497978449,0.0134450765,316.6311,18.604257150100825,2.4761958842215828,0.9819478,1415.4382,12.219722,519.6872,169011.28498315855,682.86127,1.2061316,0,0,0,0,0.91763973,0.37602425,0.5416155,5.4635963,2.0245264,1,24.67197,12.49666,15.984784,18.27394132294463,-78.71727502977264,347.62544790782164,-26.90826218069198,0,5506.017,5483.6074,5548.181,0.1116,0.0922,0.0492,5483.507965341511,0,False,0.0052251816,False,5.3653061002197155,False,False,False,False,True
7061,2320990980909779968,00:03:19.769,-29:25:28.603,12.21,12.61,13.05,12.03,10.9,1.72,G9,--,19.67,19.3,6.38669,0.02152,0.02022,6.38676,6.41,GP,6.38669,2320990980909779968,1.0200000000000014,2320990980909779968,0.17478947,-0.009457588,0.8326004809668447,-29.42463694111762,4.18410208100983,0.012880601,324.8375,18.28228795278813,2.648655684290565,1.0120809,3251.962,12.601817,1024.6287,123152.45658649362,1364.2649,1.2129353,0,0,0,0,0.9951916,0.4151621,0.5800295,6.250259,0.9073269,1,23.378607,nan,nan,17.88595603277441,-79.1677560607131,348.0825463839173,-27.11472636424864,0,5260.5503,5245.658,5269.4355,0.0871,0.0709,0.0377,5228.206520661572,0,False,0.009457588,False,5.709828489160827,False,False,False,False,True
7217,2320978512620414080,00:04:00.799,-29:26:46.156,11.99,12.38,12.8,11.82,10.71,1.67,G9,--,30.34,27.61,5.63879,0.0183,0.01672,5.62827,5.6187,GP,5.63879,2320978512620414080,0.9800000000000004,2320978512620414080,0.19321148,-0.006890297,1.0035761191477908,-29.446180595573175,4.137607572100607,0.017584633,235.29678,18.29651166415331,2.6769044499871377,1.2636381,1253.5747,12.372774,389.1302,149524.79954731688,573.9013,1.2091508,0,0,0,0,0.95884323,0.3971815,0.5616617,4.076031,1.2990091,1,28.01031,nan,nan,17.64060405051157,-79.31106804549208,348.22142684343476,-27.20055907210453,0,5408.1436,5402.4995,5414.3374,0.1242,0.102,0.0545,5338.645753756125,0,False,0.006890297,False,5.4565206140914455,True,False,False,False,True
8116,2320927007372603648,00:04:58.600,-29:33:47.594,11.1,11.41,11.73,10.95,10.09,1.31,G0,--,22.13,18.41,2.89051,0.01685,0.0163,2.8441,2.8927,GP,2.89051,2320927007372603648,0.7800000000000011,2320927007372603648,0.16425872,0.0017995834,1.2444248935024886,-29.56325704781739,4.253150898989634,0.021945737,193.80305,19.074423037856995,2.4141356511783454,1.1335871,1502.526,11.408843,518.69916,333894.6000594145,720.6663,1.1989311,0,0,0,0,0.77024174,0.30027103,0.4699707,5.5373244,0.70829904,1,48.304543,21.806385,16.484995,16.81348327453148,-79.49684919951115,348.37340670033433,-27.399068446968013,0,5810.6987,5807.06,5816.2197,0.0042,0.0035,0.0019,5943.248499183059,0,False,0.0017995834,False,4.5523969978125205,False,False,False,False,True
8299,2320927484113278976,00:04:39.506,-29:35:19.728,12.77,13.18,13.7,12.52,11.13,2.05,K3,--,26.3,27.29,7.45707,0.07862,0.07603,7.61707,7.5433,GP,7.45707,2320927484113278976,1.1799999999999997,2320927484113278976,0.048489723,-0.0060653687,1.1648596014699664,-29.58886130546533,4.188339487241511,0.014205342,294.84256,18.76530151832458,2.5250203573456673,1.0254786,1116.8679,13.171707,301.989,78482.22527397038,384.0087,1.2289059,0,0,0,0,1.1661196,0.5053797,0.6607399,7.105873,3.1456676,2,13.712944,nan,nan,16.74549354246672,-79.42412171409794,348.2908067783132,-27.390965277693347,0,5006.4307,4995.3423,5015.052,0.1794,0.1419,0.0749,4842.715610961066,0,False,0.0060653687,False,6.281916534901862,False,False,False,False,True
8749,2320916768170630912,00:05:59.016,-29:39:04.517,11.19,11.52,11.85,11.06,10.19,1.33,G1,--,27.39,25.26,3.07041,0.00818,0.00804,3.0729,3.0751,GP,3.07041,2320916768170630912,0.7899999999999991,2320916768170630912,0.23452856,0.0016460419,1.4961322347570758,-29.651304471874884,4.181159725689219,0.015067544,277.49445,19.032266969354225,2.663394723352688,0.8691518,1440.4117,11.521336,416.61496,301832.6252909939,574.94006,1.1961607,0,0,0,0,0.7820406,0.30918503,0.47285557,5.6645193,1.4324117,1,41.67177,23.559753,4.4928865,16.103676530479284,-79.69487657025974,348.54943236316365,-27.575873883516113,0,5753.8687,5752.337,5755.84,0.0007,0.0006,0.0003,5912.551598265498,0,False,0.0016460419,False,4.627819394187339,False,False,False,False,True
9188,2320886222363524992,00:02:11.661,-29:41:39.217,11.39,11.73,12.07,11.24,10.33,1.4,G2,--,19.92,18.68,3.90646,0.02472,0.02295,3.88382,nan,GP,3.90646,2320886222363524992,0.8300000000000001,2320886222363524992,0.19695197,-0.0061454773,0.5487799739691944,-29.694281398352945,4.261785536256554,0.017383395,245.16417,18.8978766747789,2.488696263972839,1.1362586,1346.6154,11.722657,402.31693,255097.2500548898,574.8915,1.1998738,0,22,0,22,0.81589127,0.32436466,0.4915266,5.151853,1.0076084,1,38.35204,11.339164,30.170504,16.712176292675302,-78.8784224818344,347.698777824972,-27.245531160245324,0,5750.12,5743.697,5758.3843,0.0229,0.0191,0.0103,5788.77395598725,0,False,0.0061454773,False,4.870615159373495,False,False,False,False,True
9539,2320829975471863168,00:04:21.686,-29:45:29.810,13.03,13.5,14.09,12.8,11.35,2.16,K3,--,18.07,16.47,8.3348,0.05205,0.05229,8.32707,8.3763,GP,8.3348,2320829975471863168,1.2899999999999991,2320829975471863168,0.07793725,-0.013346672,1.090614534376695,-29.75833830041943,4.247773199777036,0.015277776,278.0361,19.15494787197062,2.7636415085842625,0.974738,2616.7576,13.489881,576.3332,60911.67130170232,1006.92334,1.2374717,0,0,0,1,1.2645998,0.5608635,0.7037363,1.9094957,2.3762293,2,13.317043,nan,nan,15.909930380052824,-79.32843764241109,348.14022986921634,-27.5135588293822,0,4686.523,4675.7065,4722.9146,0.0443,0.0343,0.018,4629.3582181365655,0,False,0.013346672,False,6.630687164442826,False,False,False,False,True
9731,2320908178235983360,00:05:17.520,-29:46:57.099,12.78,13.22,13.75,12.55,11.14,2.08,K3,--,49.02,47.05,7.44654,0.06765,0.0659,7.64343,7.6276,GP,7.44654,2320908178235983360,1.1999999999999993,2320908178235983360,0.0705986,-0.009012222,1.3232460421113306,-29.782582867935975,4.264059680975015,0.013715957,310.88312,19.25458985717049,2.2837556304601505,1.0489103,895.85016,13.210235,243.51949,76351.04477127634,326.11893,1.2309037,0,1,0,1,1.1847696,0.51539326,0.6693764,6.661252,1.8562326,2,15.774769,nan,nan,15.558725467195282,-79.52133430053954,348.3315446016972,-27.62581834556711,0,4786.283,4774.602,4799.3257,0.0991,0.078,0.0413,4800.962651894803,0,False,0.009012222,False,6.359351014870844,False,False,False,False,True
9739,2320873749778503552,00:02:48.191,-29:46:34.564,13.15,13.47,14.03,12.77,11.32,2.15,K3,--,50.2,37.08,7.78248,0.07446,0.04813,7.73373,7.938,GP,7.78248,2320873749778503552,1.2599999999999998,2320873749778503552,0.070050284,-0.009625435,0.7010370432150338,-29.776333936403493,4.174000087400653,0.015796468,264.2363,18.46534751176149,2.502188957003658,1.0043402,844.00775,13.456072,180.59406,62441.781737591395,311.71066,1.238659,0,0,0,0,1.2421169,0.5452528,0.6968641,5.644338,1.6971248,2,15.903893,nan,nan,16.16466342129141,-78.9931914760253,347.790492322528,-27.37808714707424,0,4698.481,4686.9653,4711.727,0.1011,0.0789,0.0416,4683.724683670187,0,False,0.009625435,False,6.558834122753989,False,False,False,False,True
10020,2326879660246374272,23:58:28.447,-29:49:08.145,11.39,11.77,12.12,11.28,10.36,1.42,G2,--,17.1,19.8,4.00494,0.01851,0.01796,3.95148,3.9922,GP,4.00494,2326879660246374272,0.8399999999999999,2326879660246374272,0.15983143,-0.005501747,359.6184174708657,-29.818976870812065,4.191278124586459,0.015955603,262.68378,18.755000611551413,2.54736355021075,1.083532,1444.2485,11.768649,443.2266,245675.55937783996,738.82825,1.1996889,0,0,0,0,0.82774544,0.3310871,0.49665833,4.18974,1.3976814,1,31.915754,12.452984,14.170821,16.8043075422535,-78.06137706495663,346.82436758755495,-26.99611676946441,0,5696.2275,5692.27,5701.975,0.0022,0.0018,0.001,5757.761549291387,0,False,0.005501747,False,4.880381504645673,False,False,False,False,True
10029,2320869897192498432,00:03:20.576,-29:49:22.480,10.84,11.13,11.43,10.71,9.96,1.17,F8,--,11.63,10.99,2.52226,0.01479,0.0143,2.52023,2.5284,GP,2.52226,2320869897192498432,0.7199999999999989,2320869901488170624,0.061181277,0.012322426,0.8359897363983704,-29.82297498426359,4.258192614422193,0.022700496,187.58148,19.114736099040872,2.7282784846003576,1.1871357,1730.798,11.143231,567.9719,413467.58061578206,889.9412,1.1930586,0,0,0,0,0.7096853,0.2732458,0.4364395,5.669688,0.6138169,1,54.494843,12.274236,15.836358,15.804501876006904,-79.09905002935461,347.88489412667866,-27.472259608206276,0,6022.735,6010.1772,6048.407,0.0104,0.0088,0.0048,6122.09778690362,0,False,0.012322426,False,4.289357903684966,False,False,False,False,True
10246,2320872272309687808,00:02:18.527,-29:51:08.162,12.35,12.73,13.2,12.12,10.84,1.89,K2,--,35.82,32.95,6.73474,0.08649,0.08839,6.934,6.861,GP,6.73474,2320872272309687808,1.08,2320872272309687808,0.19265966,-0.0011720657,0.5774073452544992,-29.85233873829022,4.3028553861751515,0.015906652,270.50665,19.17831597656529,2.153873413956327,1.0840119,865.6454,12.7269,274.52637,113102.50950070533,353.32877,1.2202133,0,0,0,0,1.060482,0.44779682,0.6126852,7.577393,2.3831258,1,22.985142,nan,nan,15.883301436791223,-78.87333329842971,347.6441388524287,-27.39798800202866,0,5194.8423,5186.442,5201.8,0.2036,0.1642,0.0871,5072.826661645966,0,False,0.0011720657,False,5.895683851755775,False,False,False,False,True
10537,2320903848908950656,00:05:30.898,-29:53:08.093,10.84,11.13,11.42,10.72,9.99,1.14,F7,--,6.54,4.79,3.24059,0.04192,0.04557,3.27455,3.2663,GP,3.24059,2320903848908950656,0.6999999999999993,2320903848908950656,0.11792687,2.2888184e-05,1.379000441068761,-29.885590369639697,4.200626858463966,0.01862685,225.51462,18.377075692265304,2.3856200473348834,1.0112265,3049.5627,11.131253,1446.7355,414090.5088552014,2221.6487,1.1900626,0,34,0,34,0.69363785,0.2675419,0.42609596,nan,nan,-1,nan,nan,nan,14.948259880336407,-79.54688870439142,348.3281078349346,-27.739574572799935,0,6144.027,6133.4316,6155.7354,0.0108,0.0092,0.005,6178.489330622496,0,False,2.2888184e-05,False,4.247823766931685,False,False,False,False,True
10781,2320821797854098816,00:03:24.643,-29:55:14.590,13.27,13.76,14.38,13.02,11.48,2.28,K3.5,--,41.12,38.42,8.52955,0.08122,0.07984,8.74569,8.6141,GP,8.52955,2320821797854098816,1.3600000000000012,2320821797854098816,0.07467612,-0.014767647,0.8529076553435491,-29.920748391191594,4.139993761855346,0.018290315,226.34897,18.582529245868137,2.4455125629076955,1.0485435,1169.0388,13.741475,311.66644,50083.426937368065,535.4855,1.2477916,0,0,0,0,1.3529005,0.6100855,0.742815,-3.466111,2.9338853,2,11.477182,nan,nan,15.282592499753202,-79.09369610543986,347.85023583261363,-27.5662282074459,0,4447.914,4440.707,4459.6675,0.0133,0.0101,0.0053,4512.396896326365,0,False,0.014767647,False,6.8264735389169005,False,False,False,False,True
11209,2320817159289455104,00:04:03.987,-29:58:26.320,12.52,12.87,13.36,12.25,10.92,1.94,K2,--,26.72,30.56,6.32708,0.03012,0.0252,6.68009,6.5958,GP,6.32708,2320817159289455104,1.1099999999999994,2320817159289455104,0.12152646,0.011227608,1.0168593931599819,-29.974012651965204,4.257992833267177,0.020100443,211.83577,18.91964793254504,2.454929389932377,1.114258,460.1766,12.879285,122.51091,99152.08817446882,169.68115,1.2159691,0,0,0,0,1.0944586,0.47231483,0.62214375,8.75179,2.7828596,1,21.632753,nan,nan,14.84679624439203,-79.22136185819757,347.9665249571341,-27.677593914821205,0,5137.9165,5124.061,5161.2964,0.2709,0.2175,0.1158,4999.992735918444,0,False,0.011227608,False,6.025309489359405,False,False,False,False,True
12231,2320615983021130752,00:05:54.696,-30:06:25.664,11.61,11.98,12.36,11.46,10.48,1.51,G5,--,21.04,20.48,4.80126,0.01838,0.019,4.79809,4.8075,GP,4.80126,2320615983021130752,0.8999999999999986,2320615983021130752,0.14719509,-0.0053281784,1.4781203246544483,-30.10714629425591,4.319938431387164,0.01835613,235.34038,18.7751733842403,2.749756687783681,1.0833423,1605.7521,11.977903,446.77173,207792.02454998554,658.3054,1.2048258,0,29,0,28,0.87955475,0.35547447,0.5240803,nan,nan,-1,nan,nan,nan,13.64940853639189,-79.58007046099297,348.3021144205773,-27.976065556003444,0,5645.142,5628.2686,5681.1343,0.1161,0.0965,0.0515,5573.444665210222,0,False,0.0053281784,False,5.155291152131765,False,False,False,False,True
12456,2320793897745374208,00:02:21.615,-30:08:21.428,10.33,10.62,10.87,10.23,9.6,1.01,F5,--,5.82,5.8,0.95574,0.00623,0.00612,0.9482,10.584,GP,0.95574,2320793897745374208,0.6399999999999988,2320793897746881920,0.18510774,0.0018148422,0.5902492234137435,-30.13932800779985,4.21188402436879,0.025516814,165.06308,18.403731448969353,2.5570544822924957,1.0097433,2357.468,10.616818,815.86237,644451.215016057,1229.8955,1.1863103,0,0,0,0,0.6300154,0.23811722,0.39189816,7.0277643,1.2763417,1,63.234325,52.950497,9.060599,14.419285318138135,-78.82507187616028,347.51018617865554,-27.659476746451205,0,6392.5913,6376.3667,6420.196,0.0093,0.008,0.0043,6331.337731822074,0,False,0.0018148422,False,3.7392004492130297,False,False,False,False,True
12489,2320617116892496256,00:05:28.987,-30:08:31.902,12.78,13.21,13.75,12.54,11.11,2.1,K3,--,19.24,17.22,7.33008,0.04208,0.03393,7.3483,7.6276,GP,7.33008,2320617116892496256,1.2100000000000009,2320617116892496256,0.23306778,-0.00924778,1.3710038758514125,-30.14222556583975,4.572655866474899,0.0486027,94.08234,17.75305231827439,1.675760840466901,3.246532,2199.1028,13.2014675,581.46893,77354.2842869127,669.416,1.233815,0,1,0,1,1.1925392,0.51775646,0.67478275,5.8383803,1.9632444,2,16.914629,nan,nan,13.583748149923597,-79.48172407640702,348.1905628657506,-27.965672881458442,0,4843.39,4828.724,4853.819,0.168,0.1324,0.0701,4780.599334124727,0,False,0.00924778,False,6.5023101042404505,True,False,False,False,True
12641,2320617529209321728,00:04:58.805,-30:09:41.439,11.0,11.32,11.63,10.88,10.08,1.24,F9,--,23.36,21.48,2.66293,0.00754,0.00708,2.64876,2.6667,GP,2.66293,2320617529209321728,0.75,2320617529209321728,0.23177092,-0.002231598,1.2452655214181023,-30.161552626742814,4.254472930788116,0.022809837,186.51921,18.76879219601516,3.1942197755468906,1.0687981,1664.2223,11.315099,505.46307,356790.1597300105,709.3184,1.1902896,0,0,0,0,0.7402086,0.2919731,0.4482355,5.7716775,0.67282975,1,46.987694,19.50187,12.437129,13.62254404104775,-79.37152377969521,348.07080885578006,-27.93398427204309,0,5908.9277,5906.2686,5913.6787,0.0015,0.0013,0.0007,6034.0960345366675,0,False,0.002231598,False,4.459327586461704,False,False,False,False,True
12744,2314847253531620864,23:59:18.352,-30:10:16.355,12.02,12.42,12.84,11.86,10.77,1.65,G9,--,22.98,23.24,5.77742,0.01496,0.01412,5.82206,5.8099,GP,5.77742,2314847253531620864,0.9800000000000004,2314847253531620864,0.19149396,-0.011642456,359.82645050357576,-30.171261624633186,4.201756655984412,0.0141346175,297.2671,18.418364083009667,2.0001806773004236,1.0850892,1506.1179,12.410702,384.79913,145001.82172386782,553.95935,1.2121835,0,0,0,0,0.963315,0.3970747,0.5662403,6.203038,1.4958456,1,23.661165,8.571359,12.850024,14.960251085846513,-78.17271984019058,346.828421826827,-27.391784344664032,0,5353.481,5334.64,5375.601,0.0892,0.0731,0.039,5338.645753756125,0,False,0.011642456,False,5.527856235248301,False,False,False,False,True
12805,2320790289973970432,00:03:10.784,-30:10:48.677,10.88,11.17,11.47,10.75,9.97,1.2,F9,--,20.29,15.82,2.17484,0.00735,0.00705,2.17087,2.1672,GP,2.17484,2320790289973970432,0.7200000000000006,2320790289973970432,0.2103792,0.007630348,0.7951638451491925,-30.18025695149374,4.184076134039261,0.018252315,229.23535,19.12738571362301,2.7868311887028985,1.0205234,1727.2583,11.178535,740.2437,401551.6847238758,850.5102,1.1916484,0,0,0,0,0.71994877,0.2799549,0.43999386,5.146425,1.1196687,1,54.84047,21.053972,8.503967,14.00683215039178,-78.98868363490264,347.6682143424314,-27.775647325235035,0,5970.2354,5967.1846,5975.7505,0.0024,0.002,0.0011,6122.0977869036105,0,False,0.007630348,False,4.286533353499488,False,False,False,False,True
13005,2320833445805349760,00:01:28.660,-30:12:20.737,10.43,10.73,10.98,10.34,9.67,1.06,F6,--,5.57,4.54,1.42191,0.00462,0.00443,1.4165,1.41687,GP,1.42191,2320833445805349760,0.6400000000000006,2320833445805740672,0.08629942,0.00045585632,0.36957281740613457,-30.205825651583325,4.216792684107877,0.022943841,183.78757,18.250721542123124,2.2536213993340914,1.1605513,2868.9172,10.7295885,1566.7058,580900.5400083242,1818.8359,1.1862935,0,0,0,0,0.6301489,0.23820114,0.39194775,6.686479,0.83146775,1,59.036766,35.611465,9.050286,14.300520014922244,-78.6243754969405,347.28404429774145,-27.63322858475604,0,6308.8003,6306.8613,6311.582,0.0011,0.001,0.0005,6331.337731822066,0,False,0.00045585632,False,3.85449975726433,False,False,False,False,True
13071,2320833372790628480,00:01:33.183,-30:12:59.378,11.98,12.37,12.78,11.82,10.73,1.64,G8,--,34.81,33.48,5.39813,0.01856,0.0181,5.39229,5.3966,GP,5.39813,2320833372790628480,0.9599999999999991,2320833372790628480,0.13757221,-0.007045746,0.3884302046145337,-30.216558262655404,4.217923541921524,0.0124127045,339.80698,18.81437585590353,2.4494788533965357,0.9259314,1052.9858,12.366859,328.3017,150060.20746212517,417.66125,1.2102517,0,0,0,0,0.9515915,0.39196396,0.55962753,7.3336787,1.1103528,1,20.139816,nan,nan,14.229280904761735,-78.63792346388885,347.29504126737083,-27.650135643805676,0,5356.018,5339.8853,5367.689,0.0882,0.0723,0.0385,5395.748362999768,0,False,0.007045746,False,5.49235295124295,False,False,False,False,True
13302,2320798639390461056,00:04:31.632,-30:14:41.433,11.2,11.56,11.88,11.1,10.23,1.33,G1,--,17.5,15.62,3.63033,0.02622,0.02493,3.52091,3.6312,GP,3.63033,2320798639390461056,0.7800000000000011,2320798639390461056,0.20413063,-0.0072231293,1.132032051315579,-30.244901768805498,4.245184642967768,0.02029959,209.12663,18.39805396317804,2.840108045172598,1.017407,1785.3279,11.5550165,543.67773,291149.78292893973,915.22076,1.1943556,0,0,0,0,0.7737179,0.3063059,0.467412,6.6352587,0.6950925,1,41.599567,7.92719,9.135356,13.312437629494063,-79.2565558464268,347.92940937705185,-27.964351580804532,0,5809.496,5807.2383,5812.7725,0.0014,0.0011,0.0006,5943.248499183059,0,False,0.0072231293,False,4.694499440100962,False,False,False,False,True
13417,2320777469496305024,00:03:33.660,-30:15:43.753,11.97,12.33,12.73,11.78,10.73,1.6,G8,--,22.3,25.41,5.60965,0.04317,0.04193,5.45599,5.6653,GP,5.60965,2320777469496305024,0.9500000000000011,2320777469496305024,0.12118896,-0.008255005,0.8904825820422955,-30.262224621081824,4.247615661731375,0.013958032,304.31335,18.209735817315657,2.2457849666987366,1.0481778,2053.4712,12.319554,534.3518,155833.06451321553,639.20557,1.2088989,1,1,1,1,0.93940735,0.38609982,0.55330753,6.757146,0.92649835,1,27.78027,nan,nan,13.488013544434565,-79.04980984823915,347.7097121098629,-27.885900529141477,0,5495.2188,5486.917,5503.0317,0.1334,0.11,0.0586,5424.733816338731,0,False,0.008255005,False,5.460280396191624,False,False,False,False,True
14186,2320550046683235328,00:07:02.189,-30:21:17.877,11.22,11.59,11.92,11.11,10.22,1.36,G1,--,20.21,18.48,3.45726,0.0146,0.01444,3.4654,3.483,GP,3.45726,2320550046683235328,0.8100000000000005,2320550046683235328,0.12038056,-0.0075359344,1.7592578688316367,-30.35496052795007,4.213399803134486,0.01627343,258.91284,18.583277480294743,2.261952256427699,0.8481488,2248.9734,11.578588,726.5737,288092.7098523686,1055.7279,1.1961008,0,0,0,0,0.79683495,0.31731224,0.4795227,4.244691,1.0870634,1,41.21707,20.92338,15.611427,11.96927823178569,-79.75208958452808,348.42125983282574,-28.30678604236724,0,5909.038,5898.4985,5929.8164,0.1003,0.0848,0.0454,5850.785983140761,0,False,0.0075359344,False,4.7017508851866445,False,False,False,False,True
15264,2320591205353715712,00:05:08.211,-30:29:41.908,11.47,11.85,12.21,11.34,10.4,1.45,G3,--,29.19,26.73,4.05989,0.00985,0.00935,4.05939,4.0635,GP,4.05989,2320591205353715712,0.870000000000001,2320591205353715712,0.1481104,-0.010268211,1.2844164122134154,-30.495023801433536,4.250865642591122,0.014436026,294.4623,18.218992531064064,2.9544353881120253,0.91415054,1725.4088,11.836017,473.6971,233306.37091608,717.04895,1.2011772,0,1,0,0,0.85016346,0.34222603,0.50793743,5.3639994,0.5806466,1,32.10993,nan,nan,11.831011302152683,-79.32007309545969,347.93460711634634,-28.24688541149245,0,5665.9785,5647.4824,5685.253,0.0638,0.0532,0.0285,5665.066359792933,0,False,0.010268211,False,4.978403547007574,False,False,False,False,True
15270,2320638179411803520,00:07:49.708,-30:29:23.306,11.79,12.21,12.6,11.67,10.62,1.59,G8,--,24.08,20.03,5.27995,0.03264,0.031,5.27075,5.2716,GP,5.27995,2320638179411803520,0.9299999999999997,2320638179411803520,0.15251213,-0.013497353,1.9571814167977495,-30.489776262345455,4.26469002615159,0.013854525,307.8193,18.419237559760226,2.916741716848809,1.0026313,1433.8102,12.194654,388.09442,173453.88092055861,545.4226,1.2076079,0,2,0,0,0.9218178,0.37709904,0.54471874,5.2947583,1.0294288,1,30.624647,5.4671936,20.329014,10.968403555372973,-79.8785241471527,348.52506747462166,-28.504186624301113,0,5398.7935,5347.1953,5431.688,0.0408,0.0336,0.0179,5483.507965341511,0,False,0.013497353,False,5.344091817123182,False,False,False,False,True
15618,2320766684833726592,00:02:16.894,-30:32:26.861,11.64,12.03,12.41,11.51,10.47,1.56,G7,--,27.04,23.2,4.98365,0.02424,0.02291,4.91212,4.983,GP,4.98365,2320766684833726592,0.9000000000000004,2320766684833726592,0.199954,-0.006333351,0.5705930449252695,-30.540886536025624,4.331188564894179,0.012383652,349.7505,19.11799902099998,2.6665963443458844,0.9427046,1327.9586,12.02531,403.0647,199400.92293034308,519.76483,1.2045449,0,0,0,0,0.8862629,0.35953045,0.52673244,5.203691,1.1228548,1,34.031685,9.966975,11.244384,12.435423861355886,-78.71426715629885,347.28879723795217,-28.010489638296455,0,5491.5938,5487.5737,5496.4375,0.0011,0.0009,0.0005,5573.444665210215,0,False,0.006333351,False,5.20834502175062,False,False,False,False,True
17424,2320558082565935744,00:04:00.467,-30:46:21.302,12.47,12.91,13.4,12.29,10.99,1.92,K2,--,17.26,16.34,7.07229,0.03203,0.03319,6.97725,6.8956,GP,7.07229,2320558082565935744,1.1100000000000012,2320558082565935744,0.10547312,-0.008211136,1.0021205056715288,-30.772642737794897,4.241392393441706,0.018260628,232.2698,18.965278696314687,2.3391202779256197,1.1841375,2220.5388,12.902099,511.8261,97756.03607165569,1186.3217,1.2239183,0,0,0,0,1.0953474,0.46578503,0.6295624,4.912576,1.3515502,2,21.387777,nan,nan,10.766265844675766,-79.01020016500662,347.54599235513206,-28.384831613213702,0,4968.294,4956.1577,4978.617,0.0601,0.0479,0.0253,4999.992735918435,0,False,0.008211136,False,6.039640921587141,False,False,False,False,True
