Seq,KIC,dr2_source_id,Gmag,BP-RP,Teff,Mass,SpT,Prot,e_Per,NQ,f_Seq,Simbad,_RA,_DE,dr2_bp_rp,dr3_source_id,angular_distance,magnitude_difference,ra,dec,parallax,parallax_error,parallax_over_error,pmra,pmdec,ruwe,phot_g_mean_flux_over_error,phot_g_mean_mag,phot_bp_mean_flux_over_error,phot_rp_mean_flux,phot_rp_mean_flux_over_error,phot_bp_rp_excess_factor,phot_bp_n_contaminated_transits,phot_bp_n_blended_transits,phot_rp_n_contaminated_transits,phot_rp_n_blended_transits,bp_rp,bp_g,g_rp,radial_velocity,radial_velocity_error,rv_method_used,rv_expected_sig_to_noise,vbroad,vbroad_error,l,b,ecl_lon,ecl_lat,non_single_star,teff_gspphot,teff_gspphot_lower,teff_gspphot_upper,azero_gspphot,ag_gspphot,ebpminrp_gspphot,Teff_Curtis20,nbhr_count,flag_nbhr_count,abs_magnitude_difference,flag_bad_gaiamatch,M_G,flag_ruwe_outlier,flag_camd_outlier,flag_rverror_outlier,flag_possible_binary,flag_benchmark_period
1,9716563,2128134824634071424,13.313,0.569,6507,1.287,F5,1.11,0.338,15,Y,Simbad,294.41072,46.48686,0.56884766,2128134824634071424,0.07012036,-0.0140218735,294.4106989548505,46.48681658079182,0.8784306744808936,0.009439448,93.05954,-3.3765389741297045,-8.916900829854136,1.0035268,3087.8784,13.298725,1708.1992,52476.24455974867,2087.4888,1.1772727,0,0,0,0,0.5641041,0.21336746,0.35073662,nan,nan,-1,nan,-1,-1,79.32894063985091,12.004124923906472,314.7780718234078,66.17276529508526,0,7024.583,7015.1416,7034.667,0.2469,0.2187,0.1177,nan,0,False,0.0140218735,False,3.0172625920576763,False,False,False,False,True
2,9716076,2128122008451548672,13.35,0.57,6506,1.287,F5,2.5,0.004,15,Y,Simbad,294.22782,46.41767,0.569973,2128122008451548672,0.018766437,-0.0131073,294.2278002680421,46.417630217677996,0.8891264109236147,0.009503403,93.55874,-3.504494115623852,-8.848874858372211,1.030812,4143.721,13.337139,1529.8802,50785.844221575775,2052.4014,1.1781439,0,1,0,0,0.56817913,0.21457863,0.3536005,nan,nan,-1,nan,-1,-1,79.20757216264408,12.085219413070368,314.42358822133235,66.16060369838253,0,6986.7046,6950.06,7007.6436,0.2294,0.2029,0.1092,nan,0,False,0.0131073,False,3.0819566840045862,False,False,False,False,True
3,9718403,2080469827339292672,13.444,0.574,6504,1.286,F5,2.09,0.0067,15,Y,Simbad,295.07502,46.43191,0.57440376,2080469827339292672,0.057179064,-0.013019562,295.07499684167936,46.4318670177163,0.87524016276413,0.009850971,88.84811,-3.3872500320686196,-8.847293497959203,0.9578344,4074.23,13.431184,1696.4353,46649.972077971936,2169.693,1.1780885,0,0,0,0,0.5718794,0.21646214,0.35541725,11.297644,5.9403863,2,9.776477,-1,-1,79.49244322972548,11.571907664283417,315.7508064568029,65.93494238804224,0,6822.0967,6810.216,6833.54,0.1611,0.142,0.0766,nan,0,False,0.013019562,False,3.1418200061251564,False,False,False,False,True
4,9715923,2128125135187725696,13.337,0.58,6501,1.284,F5,0.92,0.0006,15,Y,Simbad,294.16389,46.45051,0.58035755,2128125135187725696,0.028314456,-0.01317215,294.16386896098794,46.45046624061956,0.8745587845690797,0.009299239,94.04627,-3.3083287927391902,-8.859300510671801,1.0265307,4856.694,13.324332,1497.6321,51621.410807726796,1808.6024,1.1792465,0,0,0,0,0.57590294,0.21739197,0.35851097,-2.9201353,9.395659,2,10.480158,-1,-1,79.21721873314479,12.13935438590472,314.3565928107683,66.20843393320766,0,6925.304,6914.0405,6936.921,0.2226,0.1966,0.1059,nan,0,False,0.01317215,False,3.0332772694728956,False,False,False,False,True
6,9777642,2128137229815871232,13.547,0.608,6476,1.27,F5,2.01,0.201,15,Y,Simbad,294.67087,46.50394,0.6077881,2128137229815871232,0.053640634,-0.012829781,294.67085206412764,46.50390257081766,0.8854695845131669,0.010209766,86.72771,-3.4595974392703934,-8.78231949534972,0.9784375,4220.716,13.534615,1209.8054,43072.65176931576,2088.534,1.1804918,0,0,0,0,0.60100937,0.22878647,0.3722229,4.8882155,6.658853,2,5.8688526,-1,-1,79.42767512172902,11.852354989410594,315.1995156141355,66.11520151173472,0,6714.7993,6699.791,6727.1895,0.1687,0.1479,0.0797,6460.551,0,False,0.012829781,False,3.2704828027872423,False,False,False,False,True
7,9716139,2128145506212004608,13.435,0.609,6474,1.269,F5,2.31,0.3108,14,Y,Simbad,294.24467,46.44965,0.6092911,2128145506212004608,0.031077154,-0.013156891,294.2446515336463,46.44961509145773,0.9026668805341022,0.009481806,95.19988,-3.305535344731905,-8.812448282042563,0.9941627,3612.1587,13.421414,1405.6621,47840.45946377049,2181.845,1.1795282,0,0,0,0,0.6043701,0.2313633,0.37300682,11.972063,5.997691,2,9.417667,-1,-1,79.24212103397352,12.089297033212233,314.4818860428901,66.18516506153094,0,nan,nan,nan,nan,nan,nan,6458.4624,0,False,0.013156891,False,3.1990519162559785,False,False,False,False,True
8,9898009,2128518829068874112,13.702,0.619,6462,1.263,F5,1.44,0.1338,15,Y,Simbad,294.69415,46.76665,0.61879444,2128518829068874112,0.03298899,-0.01210022,294.69412596958034,46.76661132842508,0.8862703126661229,0.012121854,73.11343,-3.3059829048275433,-8.880965001565936,0.9568245,5374.164,13.689767,1405.8175,37622.06131238485,2058.7063,1.181903,0,0,0,0,0.61503696,0.23455906,0.3804779,1.167896,6.4174957,2,7.3402843,-1,-1,79.67413297003455,11.957781423054781,315.50428660466554,66.34797430639034,0,6592.13,6575.529,6613.033,0.1369,0.1196,0.0645,6444.427,0,False,0.01210022,False,3.427597893932461,False,False,False,False,True
9,9654924,2128121561774912128,13.635,0.622,6458,1.26,F5,1.83,0.1558,15,Y,Simbad,294.17154,46.38597,0.62160873,2128121561774912128,0.030971892,-0.013077736,294.17151683899465,46.38593442807817,0.8913843818900963,0.0104860915,85.006355,-3.3231495119884844,-8.834922903467774,0.9670811,4674.729,13.621613,1570.9225,40120.18969259653,1660.7855,1.1828784,0,1,0,0,0.6165571,0.23443222,0.3821249,-0.33445624,10.709074,2,8.210306,-1,-1,79.16073401874156,12.105555950542389,314.3041176151182,66.14725437120104,0,6632.8413,6617.391,6648.2183,0.1585,0.1386,0.0748,6440.001,0,False,0.013077736,False,3.3719376511442576,False,False,False,False,True
10,9655708,2128131216861127680,13.665,0.631,6445,1.253,F5,2.38,0.3009,15,Y,Simbad,294.4423,46.30235,0.63100815,2128131216861127680,0.058304176,-0.013947487,294.44228348895456,46.302305973238525,0.8730798559271288,0.011312367,77.17924,-3.2614331485038903,-8.846555218876501,0.9094834,4245.054,13.650846,1142.0327,39168.93582021447,2120.4368,1.1814688,0,1,0,0,0.6256323,0.24032784,0.38530445,5.493577,8.459014,2,5.4225116,-1,-1,79.17095251144336,11.901027795098713,314.6425081902429,65.99528727001632,0,6640.172,6616.7847,6670.6323,0.186,0.1626,0.0877,6424.359,0,False,0.013947487,False,3.3561153681836995,False,False,False,False,True
11,9655437,2128132728689966720,13.812,0.652,6409,1.24,F5,1.38,0.0767,15,Y,Simbad,294.35443,46.39579,0.6519823,2128132728689966720,0.073068805,-0.013267517,294.3544072127803,46.3957459970131,0.8872935090527985,0.011789258,75.26288,-3.664453300334766,-8.867063793028372,1.0879991,3977.3157,13.799257,839.06995,34603.988341637254,1203.5636,1.1835417,0,1,0,0,0.6501055,0.25092793,0.39917755,19.220009,7.188275,2,6.0320907,-1,-1,79.22797109572959,11.997457310114518,314.5990431041351,66.10528314656261,0,6566.0205,6547.778,6597.405,0.1928,0.168,0.0907,6385.057,0,False,0.013267517,False,3.539593800807385,False,False,False,False,True
13,9655145,2128121080738614016,13.905,0.67,6374,1.228,F5,1.49,0.0025,15,Y,Simbad,294.25241,46.39624,0.6700268,2128121080738614016,0.031672645,-0.011881828,294.2523932086942,46.39620231446433,0.8634469083826657,0.011391002,75.80079,-3.285270239973903,-8.569993935514493,1.0184921,4446.8677,13.89317,1511.4375,32084.805815077074,1601.6909,1.1872473,0,0,0,2,0.66755676,0.25653362,0.41102314,2.4885175,10.570078,2,6.4224744,-1,-1,79.19585247496366,12.06041269181844,314.4405510987287,66.13415256046669,0,6592.452,6574.8145,6614.9106,0.2489,0.2166,0.1171,6346.897,0,False,0.011881828,False,3.574348550892628,False,False,False,False,True
14,9594739,2128107714800080384,13.891,0.671,6370,1.227,F5,2.22,0.1145,15,Y,Simbad,294.44784,46.27344,0.67152214,2128107714800080384,0.03345196,-0.01386261,294.4478133389909,46.273398805930405,0.8730234070668271,0.012084455,72.24351,-3.38753133682404,-8.876921120350858,1.0362293,3572.5127,13.876815,1196.0027,32475.60545275415,1824.0685,1.185388,0,1,0,0,0.66442966,0.25661755,0.40781212,6.886971,5.904265,2,5.5013504,-1,-1,79.14640492534875,11.884498000135924,314.62237378829053,65.96730402106425,0,6442.57,6426.208,6459.775,0.158,0.1371,0.074,6343.5703,0,False,0.01386261,False,3.581944281964356,False,False,False,False,True
15,9469799,2128018963596952832,13.896,0.672,6370,1.227,F5,2.49,0.1439,15,Y,Simbad,293.80538,46.06207,0.6716051,2128018963596952832,0.059650797,-0.012032509,293.8053555960814,46.06203482399684,0.8712239564949976,0.012356419,70.507805,-3.4005976529699287,-8.910426017781434,1.0221553,3559.7175,13.884028,954.338,32297.399260703718,1733.8853,1.1857666,0,1,0,0,0.6662779,0.257226,0.4090519,1.6740896,6.3596287,2,6.4344783,-1,-1,78.74829336392762,12.186222330632848,313.4138810114493,65.95108445970445,0,6439.165,6420.5415,6463.574,0.1563,0.1355,0.073,6343.3853,0,False,0.012032509,False,3.584677479411072,False,False,False,False,True
17,9594038,2128118057081550464,13.944,0.674,6365,1.225,F5,1.9,0.041,15,Y,Simbad,294.213,46.21722,0.67387676,2128118057081550464,0.072358966,-0.012924194,294.2129753148945,46.217183892849135,0.8397146068746221,0.011895168,70.59292,-3.2700383801827257,-8.73586002546411,0.9656796,4050.917,13.931571,1078.8818,30921.076157393534,1605.107,1.1848844,0,0,0,0,0.6684942,0.25918198,0.40931225,21.676117,11.409222,2,5.7946186,-1,-1,79.01998161628377,12.003821137275368,314.20164721468524,65.98121589308154,0,6449.952,6433.2783,6466.204,0.1731,0.1501,0.081,6338.2876,0,False,0.012924194,False,3.5522295458960684,False,False,False,False,True
18,9716253,2128144857677611264,13.931,0.674,6365,1.225,F5,2.75,0.247,15,Y,Simbad,294.28921,46.46533,0.67395496,2128144857677611264,0.019842513,-0.012704849,294.28919137766667,46.46529364301948,0.8742886134467704,0.011697498,74.7415,-3.260271322984177,-8.86503218623007,1.012552,3809.9504,13.918075,1195.4833,31348.806539830188,1590.126,1.1863168,0,1,0,0,0.6687155,0.25798416,0.41073132,7.4076414,7.2523174,2,6.069126,-1,-1,79.27059954819924,12.06900504659717,314.5670929718003,66.18707762091117,0,6453.724,6438.214,6471.673,0.174,0.1509,0.0814,6338.1074,0,False,0.012704849,False,3.6263487191697994,False,False,False,False,True
20,9777089,2128141524783121792,14.0,0.678,6356,1.222,F5,3.21,0.1883,15,Y,Simbad,294.47092,46.59298,0.67849064,2128141524783121792,0.028566234,-0.012784958,294.4708959847828,46.592943623864095,0.8609710082130607,0.012470215,69.0422,-3.3662936274153794,-8.731694776635791,1.0188826,4281.696,13.98741,986.1855,29419.226641843736,2005.3607,1.1853532,0,0,0,1,0.6712971,0.26020527,0.4110918,17.272236,9.053567,2,5.0225916,-1,-1,79.44484477337848,12.015319112080922,314.9791604007741,66.25275944301116,0,6351.893,6338.266,6366.727,0.1232,0.1066,0.0575,6327.7637,0,False,0.012784958,False,3.662352229401405,False,False,False,False,True
21,9655727,2128132075854976896,13.975,0.681,6350,1.22,F5,3.03,0.1512,15,Y,Simbad,294.44628,46.38969,0.68090725,2128132075854976896,0.028643224,-0.011821747,294.4462548424321,46.389649565676315,0.882002443129785,0.012093172,72.933914,-3.409342863407865,-8.863541037715141,1.0275397,3472.388,13.963054,1134.489,30213.865057485713,1772.8021,1.1882842,0,0,0,0,0.67524815,0.25957394,0.4156742,13.304065,9.167537,2,3.670869,-1,-1,79.25176861134861,11.938227122441917,314.7358199966582,66.07402658036735,0,6359.9497,6343.7314,6375.264,0.1399,0.1209,0.0653,6322.167,0,False,0.011821747,False,3.6904026439122983,False,False,False,False,True
22,9591888,2128077168993658624,14.012,0.681,6350,1.22,F5,3.03,0.1512,15,Y,Simbad,293.41586,46.20412,0.68123245,2128077168993658624,0.03799612,-0.013324738,293.41584037714404,46.20407823831652,0.85530252193797,0.012685957,67.4212,-3.081212398841581,-8.99164943367079,0.97447973,3390.7832,13.998137,1022.7135,29191.50745580415,1594.7164,1.186118,0,0,0,0,0.6746044,0.26122093,0.41338348,8.687463,7.329923,2,5.827157,-1,-1,78.75520357702686,12.491168065413213,312.9394352242718,66.18773139717689,0,6351.4956,6336.7075,6367.055,0.143,0.1237,0.0669,6321.411,0,False,0.013324738,False,3.6587362370007668,False,False,False,False,True
24,9655716,2128132075854974336,14.072,0.685,6340,1.217,F5,3.37,0.2665,12,Y,Simbad,294.44456,46.38496,0.6854162,2128132075854974336,0.06440492,-0.0118227005,294.444536325785,46.38492136420499,0.8915203850455896,0.012726776,70.050766,-3.398298546632992,-8.722807294578006,0.99989104,3586.6707,14.060367,1092.368,27698.841455910533,1384.2266,1.1881323,0,0,0,0,0.68168736,0.26306248,0.41862488,nan,nan,-1,nan,-1,-1,79.24691227791939,11.937138018102933,314.7284174933481,66.07018640903758,0,6375.688,6355.7856,6398.7144,0.1628,0.1408,0.076,6311.5747,0,False,0.0118227005,False,3.811023020447559,False,False,False,False,True
25,9655385,2128109123549687680,14.035,0.698,6312,1.208,F8,3.15,0.149,15,Y,Simbad,294.33483,46.36843,0.69763565,2128109123549687680,0.013452985,-0.012589455,294.3348049537392,46.368386654196925,0.8987266560343109,0.012793259,70.250015,-3.480711965814069,-8.823420622220617,1.0785166,4271.646,14.022384,1073.1212,28831.802349968053,1776.2976,1.1880612,0,0,0,0,0.69342613,0.2692585,0.42416763,3.9298916,6.1242204,2,4.732551,-1,-1,79.1967726906756,11.99712795322455,314.54120407768994,66.0857359361304,0,6350.6064,6335.782,6367.059,0.1668,0.1439,0.0776,6281.914,0,False,0.012589455,False,3.790521804681241,False,False,False,False,True
27,9656480,2080097058538601088,14.318,0.725,6244,1.185,F8,4.81,0.129,15,Y,Simbad,294.74401,46.36503,0.72479725,2080097058538601088,0.051108778,-0.011914253,294.7439937807706,46.36498974576275,0.8878027811898066,0.013427701,66.117256,-3.3279509279400528,-8.838466173417775,0.9929925,4620.197,14.306464,1129.2994,22511.7252883892,1375.8484,1.1913259,0,0,0,0,0.7197161,0.28012562,0.43959045,-6.4272466,6.9385486,2,3.9225821,-1,-1,79.324896584301,11.74411480272551,315.1727021738315,65.96782718797373,0,6087.6084,6064.9688,6109.9604,0.0807,0.069,0.0373,6211.5884,0,False,0.011914253,False,4.048046701207182,False,False,False,False,True
28,9533215,2128103179314615296,14.154,0.732,6226,1.179,F8,3.98,0.2602,9,Y,Simbad,294.56431,46.14999,0.73183346,2128103179314615296,0.031457067,-0.011610985,294.5642849584306,46.149956105475844,0.8752998927263872,0.012944951,67.61709,-3.4397589654501766,-8.795345925740333,0.9368947,5296.276,14.142247,1205.5942,26204.65154943308,1479.482,1.1899818,0,0,0,0,0.72382927,0.2835312,0.44029808,12.900601,6.0262547,2,5.0894113,-1,-1,79.07154848632636,11.756569266021078,314.68079281164705,65.82182258721964,0,6232.913,6213.624,6249.778,0.1701,0.146,0.0788,6192.512,0,False,0.011610985,False,3.8530315762218112,False,False,False,False,True
29,9655911,2128128742959981312,14.228,0.734,6222,1.177,F8,5.83,0.5253,15,Y,Simbad,294.50751,46.32609,0.73350525,2128128742959981312,0.04506289,-0.012639046,294.5074834128101,46.32605597669669,0.8813029830567078,0.013425606,65.64344,-3.4299027706449463,-8.753391516642662,1.0267621,4148.532,14.215233,1140.3575,24520.906393608988,1760.1017,1.1901639,0,0,0,0,0.72535324,0.28417492,0.44117832,nan,nan,-1,nan,-1,-1,79.21347991833542,11.871697709556193,314.7673763475847,65.99875686859151,0,nan,nan,nan,nan,nan,nan,6187.935,0,False,0.012639046,False,3.9408590497990623,False,False,False,False,True
31,9716401,2128145098195807872,14.205,0.742,6199,1.17,F8,5.18,0.4928,15,Y,Simbad,294.34481,46.4694,0.74200535,2128145098195807872,0.047157668,-0.012216568,294.3447849058144,46.469357854208496,0.9188081065570989,0.013227392,69.46253,-3.5425413198733713,-8.80846103829779,0.9704424,4512.8325,14.192955,1083.8219,25095.42588844931,1165.0404,1.1907609,0,1,0,1,0.73031235,0.28626633,0.44404602,8.114605,4.8511,2,3.6589136,-1,-1,79.29201186831575,12.036690555156428,314.657841561465,66.17526180558552,0,6292.903,6235.8086,6322.4434,0.1996,0.1715,0.0923,6164.3994,0,False,0.012216568,False,4.0090791084851745,False,False,False,False,True
32,9655282,2128108539434091392,14.37,0.743,6195,1.168,F8,5.86,0.2411,6,Y,Simbad,294.29951,46.30224,0.7435074,2128108539434091392,0.031755034,-0.012263298,294.29948976498235,46.3021978882785,0.886481595369409,0.015159071,58.478622,-3.233204879029376,-8.823336928423078,0.939776,3366.3833,14.35812,825.8193,21652.703167961845,1288.173,1.1931466,0,1,0,0,0.7362747,0.2872696,0.44900513,3.5371535,9.005768,2,3.8857641,-1,-1,79.12515225848087,11.988913808721685,314.420381498083,66.03502230870765,0,6273.6963,6249.493,6294.8965,0.2116,0.1817,0.098,6160.192,0,False,0.012263298,False,4.096468581867597,False,False,False,False,True
37,9471344,2128098849987500160,14.515,0.774,6110,1.138,G0,6.53,0.3318,15,Y,Simbad,294.34863,46.06614,0.7735758,2128098849987500160,0.04701569,-0.011788368,294.3486064713517,46.06609716435205,0.8919872568308698,0.01575968,56.59932,-3.3689020460907364,-8.678141712885562,1.0618691,3647.592,14.50342,767.9969,19216.837548910476,1335.8585,1.1957722,0,1,0,1,0.76506805,0.30033875,0.4647293,5.4660997,6.8203406,2,3.5046132,-1,-1,78.92578830951325,11.851619789697944,314.26433512966605,65.80513901323235,0,6149.4595,6138.292,6159.8594,0.1513,0.1288,0.0693,6073.7153,0,False,0.011788368,False,4.255213125963737,False,False,False,False,True
38,9716435,2128144926397113728,14.525,0.775,6106,1.137,G0,6.67,0.201,9,Y,Simbad,294.36095,46.44478,0.7748251,2128144926397113728,0.034325335,-0.010964394,294.3609259301973,46.44473787525177,0.8618603626925151,0.015099089,57.080288,-3.3665179756260915,-8.697928632963318,1.0012318,3689.4033,14.514007,828.8414,19015.597305285206,1244.4202,1.1944894,0,0,0,0,0.765769,0.30188274,0.46388626,10.402141,8.602398,2,3.2018988,-1,-1,79.27471092867927,12.015632085152577,314.6582637903296,66.14824777208844,0,6150.209,6124.9385,6182.7993,0.2029,0.1731,0.0933,6070.04,0,False,0.010964394,False,4.191191153643054,False,False,False,False,True
39,9655268,2128120908939932032,14.52,0.778,6098,1.134,G0,7.15,0.4493,15,Y,Simbad,294.29339,46.3757,0.77770233,2128120908939932032,0.037772857,-0.011003494,294.29337282652887,46.37566533086767,0.8932737839706937,0.014816633,60.28858,-3.3668818815969566,-8.710864393068013,0.9650087,3723.6428,14.509239,891.2514,19135.79695316115,1208.1584,1.1949774,0,1,0,0,0.7693176,0.30335712,0.4659605,nan,nan,-1,nan,-1,-1,79.19018509627297,12.025914783870634,314.48393634805666,66.10394770491936,0,5956.6553,5932.6914,5984.68,0.1068,0.0907,0.049,6061.5425,0,False,0.011003494,False,4.264162138724416,False,False,False,False,True
41,9532828,2128102526479557248,14.528,0.793,6053,1.118,G0,6.23,0.3795,15,Y,Simbad,294.43109,46.1604,0.7930393,2128102526479557248,0.047246963,-0.011953354,294.43106403419387,46.1603631149511,0.9037472318260094,0.01571482,57.509228,-3.345764782090629,-8.938090537872418,1.0692062,4094.9292,14.5161085,853.2351,19138.274197749823,1116.9594,1.1962461,0,0,0,1,0.7821226,0.3091526,0.47297,5.751332,4.4148417,2,4.1784205,-1,-1,79.03812413305103,11.843483135065608,314.484656634906,65.86854400372275,0,6179.05,6149.0884,6204.2026,0.2537,0.2163,0.1167,6015.801,0,False,0.011953354,False,4.296343413190632,False,False,False,False,True
42,9777258,2128140425271501824,14.692,0.797,6040,1.114,G0,8.45,0.1832,10,Y,Simbad,294.5364,46.54391,0.79725647,2128140425271501824,0.03793353,-0.009186745,294.53637831061627,46.54387318037758,0.8932168680051389,0.015605902,57.235836,-3.3977623304747477,-8.705787574146836,0.9906861,3123.9023,14.682807,752.74774,16455.95113588537,1068.2368,1.1960907,0,2,0,0,0.78847027,0.31275177,0.4757185,nan,nan,-1,nan,-1,-1,79.42102958509972,11.952934447720644,315.03124153302406,66.18956467716117,0,6015.7095,5996.638,6030.311,0.1182,0.1,0.0537,6003.09,0,False,0.009186745,False,4.437591548368349,False,False,False,False,True
44,9778187,2080475084380577152,14.795,0.806,6014,1.105,G0,9.23,0.4286,15,Y,Simbad,294.87962,46.54376,0.80598927,2080475084380577152,0.044112545,-0.011575699,294.8796018443755,46.543724335494616,0.8905331579119379,0.015975509,55.74365,-3.4250911894745837,-8.766588317227077,0.9807492,3109.004,14.783055,455.12476,15064.693178377462,772.623,1.1976142,0,1,0,1,0.7949915,0.31493092,0.48006058,nan,nan,-1,nan,-1,-1,79.53088209917159,11.742768589202536,315.5631301704028,66.09239071978926,0,5743.3184,5718.8877,5779.15,0.0236,0.0198,0.0107,5976.6406,0,False,0.011575699,False,4.531305778099357,False,False,False,False,True
45,9410241,2128096616604445312,14.679,0.808,6008,1.104,G0,7.0,0.1357,15,Y,Simbad,294.27828,45.97188,0.80822945,2128096616604445312,0.021604681,-0.013170242,294.2782564777625,45.97184006115081,0.8980858884505056,0.016788486,53.494152,-3.3389913702074487,-8.775171555482688,1.0354042,3509.3264,14.665885,498.2997,16812.77634144957,847.67096,1.1980662,0,0,0,1,0.7985649,0.31647682,0.4820881,nan,nan,-1,nan,-1,-1,78.81731398186724,11.852416085132058,314.0635168377674,65.73821013669522,0,5715.5327,5694.761,5762.5713,0.0214,0.018,0.0097,5969.8276,0,False,0.013170242,False,4.432474333665763,False,False,False,False,True
46,9776475,2128146472585332096,14.857,0.825,5957,1.089,G0,9.28,0.6038,15,Y,Simbad,294.25081,46.54102,0.824996,2128146472585332096,0.029924309,-0.0130672455,294.250791676634,46.54098049526066,0.8790599959605992,0.01569833,55.99704,-3.351735506021798,-8.6232595559078,0.9603541,3362.2773,14.844009,614.53485,14344.41615249205,1015.7306,1.1973602,0,0,0,2,0.812706,0.32488537,0.48782063,nan,nan,-1,nan,-1,-1,79.32745431538525,12.126768552258724,314.5833139822957,66.26697971197744,0,5813.085,5802.9077,5825.845,0.1063,0.0896,0.0483,5918.514,0,False,0.0130672455,False,4.5641019831187855,False,False,False,False,True
47,9534045,2080086338300220032,14.904,0.833,5932,1.081,G2,9.82,0.5624,15,Y,Simbad,294.88858,46.19154,0.8331661,2080086338300220032,0.05485319,-0.011842728,294.88855978256703,46.19150047347016,0.864248576543322,0.017291093,49.9823,-3.266415673568446,-8.724736011326076,1.036948,2933.5237,14.891992,597.648,13834.941110415437,813.71936,1.2022946,0,0,0,1,0.8222008,0.32566166,0.49653912,nan,nan,-1,nan,-1,-1,79.21412249994175,11.575851966682285,315.2225051725983,65.76866022012807,0,5604.25,5594.6655,5620.185,0.0088,0.0073,0.004,5893.349,0,False,0.011842728,False,4.5751849798568465,False,False,False,False,True
48,9656165,2128130186069010944,14.892,0.833,5931,1.081,G2,9.82,0.5394,15,Y,Simbad,294.60974,46.35178,0.8333483,2128130186069010944,0.033111595,-0.013264656,294.60972180042523,46.351743814811364,0.9001879273869017,0.01722719,52.253906,-3.4264898252536784,-8.96503446968591,1.081037,3588.0522,14.879047,897.98926,13965.683568409222,1090.3304,1.2001395,0,2,0,1,0.8204479,0.32664013,0.4938078,nan,nan,-1,nan,-1,-1,79.2696704644726,11.82053409478877,314.9515764574153,65.99354158620902,0,5766.568,5757.2935,5776.8657,0.0951,0.08,0.0431,5892.79,0,False,0.013264656,False,4.6507133149248325,False,False,False,False,True
49,9655917,2128131869696568960,14.899,0.837,5919,1.077,G2,9.08,0.2432,15,Y,Simbad,294.51007,46.37422,0.8373728,2128131869696568960,0.05219145,-0.013191223,294.51004970556096,46.374176686007104,0.9060170792643019,0.01682385,53.853134,-3.3916368384205473,-8.884640193957306,1.0272596,2621.5852,14.885316,704.96826,13925.574503411628,808.4341,1.2007251,0,0,0,0,0.82630444,0.32935143,0.496953,nan,nan,-1,nan,-1,-1,79.25810422039723,11.891991287640586,314.8194338042258,66.04201345890587,0,5630.1475,5596.908,5674.1714,0.0308,0.0258,0.0139,5880.364,0,False,0.013191223,False,4.6709978181242775,False,False,False,False,True
50,9411496,2080057785357418240,14.949,0.84,5912,1.075,G2,10.04,0.4641,14,Y,Simbad,294.74171,45.90325,0.8396168,2080057785357418240,0.05028373,-0.015112877,294.74168549430146,45.903211632079156,0.8405818693624622,0.019743223,42.575718,-3.334399221219193,-8.558111728004649,0.9981943,2404.2312,14.933498,465.66553,13338.116115504068,541.9401,1.2009336,0,1,0,0,0.82899094,0.33065224,0.4983387,nan,nan,-1,nan,-1,-1,78.90491569303383,11.534264625522045,314.71310299990967,65.54636396314012,0,5717.8706,5674.601,5762.5205,0.0794,0.0666,0.0359,5873.4277,0,False,0.015112877,False,4.556398474603569,False,False,False,False,True
51,9594287,2128106477849445248,14.904,0.863,5840,1.056,G2,9.88,0.4857,15,Y,Simbad,294.29742,46.20767,0.86299324,2128106477849445248,0.029142128,-0.012526512,294.29740025596215,46.20762700845543,0.8880054662982402,0.01802892,49.254498,-3.3486243795990562,-8.786708442094291,1.0288675,4048.5996,14.891829,676.63086,14005.14857252933,1147.5331,1.202118,0,1,0,0,0.852129,0.34247684,0.50965214,nan,nan,-1,nan,-1,-1,79.03828182921929,11.947395413218924,314.3236201588544,65.94902318054771,0,5934.203,5911.767,5966.0283,0.1917,0.1609,0.0863,5800.9985,0,False,0.012526512,False,4.633906732861478,False,False,False,False,True
53,9655424,2128108676873069952,14.915,0.873,5810,1.049,G5,9.68,0.3383,15,Y,Simbad,294.35075,46.31177,0.87254333,2128108676873069952,0.03586147,-0.011767387,294.3507282091746,46.31172919334953,0.8897629758439736,0.01872101,47.527508,-3.1234737843529956,-8.474774380433228,1.0318071,3134.3374,14.903736,360.3376,13937.280629100194,859.00055,1.2066923,0,0,0,0,0.8578415,0.3415556,0.5162859,nan,nan,-1,nan,-1,-1,79.15022183551838,11.961669683143574,314.50957576923804,66.02946721287282,0,5899.6187,5881.736,5922.656,0.2268,0.1905,0.1027,5771.3716,0,False,0.011767387,False,4.650107765745064,False,False,False,False,True
54,9532127,2128111975407524480,15.072,0.873,5808,1.049,G5,10.19,0.3753,15,Y,Simbad,294.18199,46.15364,0.8731575,2128111975407524480,0.0206351,-0.010333061,294.1819660234215,46.15360397810763,0.8923075291567013,0.02038701,43.768436,-3.2948892597839037,-8.799278530027156,1.0124757,1818.1608,15.06161,442.72226,12008.650712259076,526.05927,1.2015816,0,0,0,0,0.859602,0.34715176,0.5124502,nan,nan,-1,nan,-1,-1,78.95207779784607,11.99424707068536,314.090910979889,65.9315397462341,0,5488.7334,5474.2563,5507.8433,0.0136,0.0113,0.0061,5769.475,0,False,0.010333061,False,4.814183009427614,False,False,False,False,True
55,9592579,2128072564788836096,15.049,0.873,5807,1.048,G5,10.44,0.6905,15,Y,Simbad,293.67014,46.29565,0.8733702,2128072564788836096,0.019528117,-0.009236336,293.67011988797185,46.29560835403538,0.8583450640755854,0.020512898,41.844166,-3.360139160740691,-8.835079525638381,1.1174043,3028.3901,15.039521,571.0591,12264.508914001062,679.30865,1.20184,0,0,0,2,0.8608961,0.3476448,0.5132513,nan,nan,-1,nan,-1,-1,78.91925828849087,12.374419127884307,313.4291811440163,66.20265199346368,0,5849.175,5828.238,5868.0835,0.1651,0.1381,0.074,5768.8164,0,False,0.009236336,False,4.707830787693048,False,False,False,False,True
56,9470987,2128099670319729408,15.169,0.88,5786,1.044,G5,9.68,0.1934,15,Y,Simbad,294.22704,46.09574,0.88024807,2128099670319729408,0.026860261,-0.0125665665,294.2270181286608,46.095697845639044,0.8947583662087445,0.021724869,41.185905,-3.349873446573356,-8.841697580329612,0.9265909,1881.4812,15.156057,455.00113,11086.355113314794,569.6507,1.2055641,0,8,0,0,0.8689556,0.34882164,0.520134,nan,nan,-1,nan,-1,-1,78.91370842119008,11.940217225265496,314.1043806787834,65.86598151460908,0,5629.217,5565.903,5749.893,0.1243,0.1037,0.0558,5747.491,0,False,0.0125665665,False,4.914586196989358,False,False,False,False,True
57,9655315,2128120840220460544,15.101,0.883,5777,1.042,G5,10.67,0.3633,15,Y,Simbad,294.31021,46.37066,0.8830519,2128120840220460544,0.045664895,-0.01163578,294.31018719315017,46.37061826246558,0.9040198372219215,0.019579694,46.1713,-3.4200507781265235,-8.83461927969022,1.0392104,2293.3523,15.088844,452.78873,11797.172498360354,631.39087,1.2038991,0,0,0,0,0.87299633,0.35260296,0.5203934,nan,nan,-1,nan,-1,-1,79.19094813243144,12.01328528324249,314.5050957483067,66.09464348426022,0,5750.635,5735.517,5765.625,0.1549,0.1292,0.0693,5738.8145,0,False,0.01163578,False,4.869734101590861,False,False,False,False,True
59,9715987,2128122283329454208,15.141,0.887,5765,1.039,G5,10.53,0.2703,15,Y,Simbad,294.18883,46.45437,0.8870888,2128122283329454208,0.050694477,-0.013572693,294.1888047460652,46.45432907384611,0.8566937943478699,0.018057857,47.44161,-3.1932923114686447,-8.801961558686994,1.0019499,2397.7544,15.127399,492.91644,11417.429077734736,598.8467,1.2038356,0,1,0,0,0.8801031,0.356678,0.5234251,nan,nan,-1,nan,-1,-1,79.228667210066,12.125760819365713,314.3994162638818,66.20503067893642,0,5758.024,5729.9214,5821.19,0.2082,0.1741,0.0936,5726.3076,0,False,0.013572693,False,4.791527549597689,False,False,False,False,True
60,9655276,2128120702781491072,15.049,0.888,5763,1.038,G5,10.15,0.2139,15,Y,Simbad,294.29707,46.34698,0.8876581,2128120702781491072,0.021966986,-0.012579918,294.2970477499966,46.346945853743335,0.8740269030811755,0.018509675,47.22,-3.211974899801531,-8.898126742377034,0.9855825,2708.9116,15.036106,414.59546,12388.5625424692,728.4888,1.2038014,0,0,0,0,0.8740454,0.35328293,0.52076244,nan,nan,-1,nan,-1,-1,79.16516985759424,12.01066325022536,314.4610470754418,66.07664974582546,0,6043.82,6010.8965,6294.0845,0.3935,0.3316,0.1788,5724.5483,0,False,0.012579918,False,4.743730113065073,False,False,False,False,True
61,9716502,2128132694330246144,15.124,0.89,5757,1.036,G5,9.69,0.3416,15,Y,Simbad,294.3855,46.40084,0.88964653,2128132694330246144,0.055086438,-0.013180733,294.3854729540723,46.4008061097908,0.8758302773611109,0.019472482,44.977844,-3.4063574738650155,-8.744262670259591,1.0178281,2223.0012,15.111147,381.31686,11719.394576099394,408.62448,1.2191188,0,22,0,21,0.8764,0.34088516,0.53551483,nan,nan,-1,nan,-1,-1,79.24250346646333,11.98064883427322,314.652456166491,66.10122866762407,0,5425.498,5415.693,5445.8643,0.0087,0.0072,0.0039,5718.3955,0,False,0.013180733,False,4.823246700032133,False,False,False,False,True
62,9776546,2128148018773587200,15.127,0.892,5751,1.034,G5,10.58,0.5511,15,Y,Simbad,294.27177,46.58553,0.8917389,2128148018773587200,0.021784784,-0.011973381,294.2717515946178,46.585493999335135,0.8908275083873047,0.017751835,50.182274,-3.3016664318454643,-8.800693084429213,0.96762854,2632.5457,15.115271,555.15466,11533.122829502596,864.43225,1.2052664,0,0,0,0,0.87441254,0.35217,0.52224255,nan,nan,-1,nan,-1,-1,79.37473597470593,12.1339998901655,314.66102948225927,66.30179542377793,0,5750.6885,5738.0493,5764.0327,0.1584,0.1321,0.0709,5711.9316,0,False,0.011973381,False,4.864238711644822,False,False,False,False,True
63,9836149,2128198836827103616,15.147,0.9,5725,1.027,G5,10.41,0.3628,15,Y,Simbad,293.98156,46.68777,0.8998909,2128198836827103616,0.014961513,-0.009955406,293.9815370787618,46.68772674215497,0.8429818800935343,0.020533297,41.054386,-3.4644065925189307,-8.799953445833982,1.0305097,1820.9514,15.137414,426.98398,11343.41452713641,686.91644,1.2021269,0,0,0,0,0.89049625,0.36411858,0.5263777,nan,nan,-1,nan,-1,-1,79.37646613173617,12.357955951303236,314.30996690440764,66.47611820730312,0,5855.2344,5831.2075,5913.153,0.2882,0.241,0.1291,5686.758,0,False,0.009955406,False,4.766505176374357,False,False,False,False,True
64,9896700,2128152760418078592,15.181,0.905,5710,1.022,G5,10.43,0.2606,15,Y,Simbad,294.21935,46.72357,0.90487194,2128152760418078592,0.052567944,-0.0120716095,294.21932950877675,46.723529287366965,0.8903565097886432,0.019920645,44.695168,-3.3781605112795585,-8.793321239226879,1.0099946,1684.1877,15.169281,388.82053,11067.505731446252,493.30283,1.2064472,0,1,0,4,0.89336586,0.3618555,0.53151035,nan,nan,-1,nan,-1,-1,79.48418123868426,12.228358275009338,314.71941161564274,66.4425112545545,0,5710.944,5664.9736,5813.2544,0.2071,0.1727,0.0927,5671.4067,0,False,0.0120716095,False,4.917100697689788,False,False,False,False,True
65,9716955,2128133518964049920,15.26,0.906,5707,1.021,G5,11.03,0.403,15,Y,Simbad,294.55195,46.42463,0.90568066,2128133518964049920,0.036652084,-0.0106573105,294.5519234514275,46.42458638205314,0.9014677336056482,0.020966012,42.996624,-3.401591137642995,-8.85755520208088,0.96243316,2165.5625,15.24955,601.7906,10245.821659253737,856.503,1.2032417,0,0,0,0,0.8919735,0.36395168,0.5280218,nan,nan,-1,nan,-1,-1,79.31740391820972,11.889186359776549,314.9349938727612,66.07630685955093,0,5689.443,5630.348,5794.907,0.1951,0.1625,0.0872,5668.926,0,False,0.0106573105,False,5.024300798508925,False,False,False,False,True
66,10018969,2128527487723005184,15.278,0.907,5704,1.02,G5,11.48,0.5578,15,Y,Simbad,294.75439,46.94767,0.9068413,2128527487724909184,0.041332904,-0.011314392,294.75436665235515,46.94762769221721,0.8595664074097082,0.021284437,40.38474,-3.4871899090594987,-8.827293485333882,0.9984904,1680.2341,15.269245,388.02066,10075.962344267582,550.17896,1.2059121,0,0,0,1,0.8899727,0.36040688,0.5295658,nan,nan,-1,nan,-1,-1,79.85806369371406,12.003509901882614,315.7861652846054,66.49545644907748,0,5631.5474,5609.4214,5670.914,0.1411,0.1174,0.063,5665.358,0,False,0.011314392,False,4.940642320461544,False,False,False,False,True
67,9777828,2128138054449629824,15.277,0.913,5686,1.015,G5,11.24,0.3175,15,Y,Simbad,294.73558,46.53002,0.91272926,2128138054451042176,0.0036627117,-0.011412621,294.7355569259074,46.529977391272,0.8892144682913897,0.019854413,44.786743,-3.4294566281699357,-8.662675733036256,0.948092,2195.9575,15.26816,342.40796,10105.342745364474,720.2355,1.2029494,0,1,0,0,0.90100384,0.36936188,0.53164196,nan,nan,-1,nan,-1,-1,79.47213116506948,11.824618697962169,315.32624217889247,66.1206939059829,0,5636.3604,5615.67,5656.549,0.1197,0.0993,0.0531,5647.2646,0,False,0.011412621,False,5.013192468496529,False,False,False,False,True
70,9718106,2080095615429775360,15.325,0.922,5657,1.006,G8,11.11,0.2655,15,Y,Simbad,294.96061,46.44977,0.9219837,2080095615429775360,0.05931376,-0.012954712,294.9605914034955,46.449727586865095,0.9019417786452542,0.019852689,45.431717,-3.438571292662223,-8.823858773704844,1.0275385,1889.2821,15.311902,343.05563,9749.791036386947,659.05383,1.2048364,0,2,0,0,0.9083643,0.3718691,0.5364952,nan,nan,-1,nan,-1,-1,79.47165949926669,11.650137067506046,315.5926584457014,65.98376311898063,0,5422.467,5379.5127,5533.9966,0.0477,0.0393,0.021,5618.9326,0,False,0.012954712,False,5.087794567454498,False,False,False,False,True
71,9593885,2128119087873695232,15.201,0.944,5589,0.986,G8,10.22,0.4332,15,Y,Simbad,294.16027,46.25703,0.94415,2128119087873695232,0.044607237,-0.012148857,294.16025147865963,46.25698925168722,0.8997895212222455,0.018820798,47.808254,-3.3458006450391653,-8.59966533784636,1.0131203,2308.3284,15.1888685,528.6751,11040.188900104122,730.817,1.2101806,0,1,0,1,0.9250841,0.37666988,0.54841423,nan,nan,-1,nan,-1,-1,79.03945828412668,12.054333539041792,314.1587160491803,66.03230032043429,0,5715.7993,5694.1987,5745.444,0.298,0.2482,0.1339,5551.6367,0,False,0.012148857,False,4.959573178384053,False,False,False,False,True
72,9655172,2128120256104862464,15.413,0.948,5578,0.983,G8,11.11,0.2305,15,Y,Simbad,294.2624,46.31299,0.9479265,2128120256104862464,0.020133762,-0.014772415,294.2623831877314,46.31294552053346,0.8856509669171619,0.022680795,39.048496,-3.2779684670145732,-8.830520468037713,0.9759033,1655.4965,15.39773,416.2816,9148.5951479654,403.0248,1.2093707,0,1,0,1,0.9381933,0.38497257,0.55322075,nan,nan,-1,nan,-1,-1,79.12309889248141,12.016635907695914,314.3732634447357,66.05518572387315,0,5404.478,5366.587,5434.915,0.0953,0.0785,0.0421,5540.2715,0,False,0.014772415,False,5.134042879214121,False,False,False,False,True
73,9838215,2128139600637881472,15.575,0.966,5524,0.969,G8,11.71,0.4624,15,Y,Simbad,294.73009,46.62188,0.96566963,2128139600637881472,0.063405536,-0.012454987,294.7300649004487,46.62183713545408,0.8498831067039242,0.024089146,35.28075,-3.2853543578852253,-8.791294784934925,0.9754401,2517.391,15.5626745,446.256,7912.389289699465,443.58688,1.2098348,1,0,0,1,0.95469475,0.39414692,0.5605478,nan,nan,-1,nan,-1,-1,79.5538971319176,11.869880037282291,315.4113349828371,66.20595755910396,0,5470.8945,5444.833,5499.8574,0.1671,0.1376,0.0736,5487.2534,0,False,0.012454987,False,5.20947050623905,False,False,False,False,True
74,9531467,2128019994389145728,15.51,0.974,5501,0.963,G8,11.49,0.3041,15,Y,Simbad,293.94569,46.10753,0.9734554,2128019994389145728,0.04968322,-0.013881683,293.94566256630657,46.10748777869494,0.8785655996600388,0.02368371,37.095776,-3.513078664237966,-8.76779860116481,1.0117836,1880.935,15.496478,468.69833,8432.514524282204,457.462,1.2101254,0,2,0,2,0.96110153,0.39762592,0.5634756,nan,nan,-1,nan,-1,-1,78.83452192363362,12.119660048465052,313.6773394823052,65.95438933118501,0,5393.92,5351.6973,5433.1523,0.1245,0.1022,0.0546,5464.2344,0,False,0.013881683,False,5.215349052801532,False,False,False,False,True
80,9471316,2128098746908279680,15.561,0.989,5454,0.951,G8,11.8,0.5301,15,Y,Simbad,294.33959,46.06007,0.989378,2128098746908279680,0.034289777,-0.018860817,294.3395662542482,46.0600262088982,0.8632701556692117,0.025780648,33.4852,-3.349423312832442,-8.962650664347475,1.0257959,1235.3019,15.54188,250.37457,8115.992998804819,466.4482,1.2093914,0,0,0,1,0.9720144,0.40467644,0.567338,nan,nan,-1,nan,-1,-1,78.91735245567806,11.85445563982564,314.24438321817087,65.80208448780897,0,5460.6655,5434.253,5501.4336,0.1465,0.1201,0.0641,5417.628,0,False,0.018860817,False,5.222613289262441,False,False,False,False,True
81,9777281,2128140253472804736,15.559,0.99,5451,0.95,G8,11.26,0.3377,14,Y,Simbad,294.54155,46.5237,0.9903078,2128140253472804736,0.034425084,-0.00039577484,294.5415304876826,46.52365929195431,0.7735883946397587,0.024790449,31.205097,-3.64121391052753,-8.637940166262004,1.1358755,1738.8807,15.558676,418.80933,8188.679837429469,416.47604,1.2348384,0,2,0,0,0.9814024,0.38758755,0.59381485,nan,nan,-1,nan,-1,-1,79.4042690041278,11.940594116925102,315.0187767497504,66.16966943347529,0,5273.7676,5248.6484,5302.351,0.1059,0.0866,0.0465,5414.9253,0,False,0.00039577484,False,5.001225495217286,False,False,False,False,True
83,9655609,2128108024038073216,15.656,1.001,5420,0.943,G8,11.02,0.4898,15,Y,Simbad,294.40948,46.32055,1.0010738,2128108024038073216,0.02807435,-0.015715599,294.4094591557553,46.32051033246015,0.8890976135025198,0.023963409,37.1023,-3.4027194351299337,-8.690918981912503,0.95259905,1685.9318,15.640581,288.9463,7505.84023587678,480.297,1.2153474,0,0,0,2,0.9927349,0.41155052,0.5811844,nan,nan,-1,nan,-1,-1,79.17701684417892,11.929492799268921,314.60962464739873,66.02110762730574,0,5493.714,5463.037,5519.5454,0.2732,0.2241,0.1197,5383.842,0,False,0.015715599,False,5.385328353595543,False,False,False,False,True
87,9469908,2128020166187804288,15.8,1.028,5343,0.923,K0,10.98,0.18,14,Y,Simbad,293.84396,46.04814,1.0278845,2128020166187804288,0.03220628,-0.017392159,293.8439353881137,46.04810301276035,0.8725829708359136,0.027163617,32.123226,-3.3506214351065875,-8.822806332932705,0.9698498,1726.1677,15.782122,322.1642,6620.61932122086,549.27954,1.2105918,0,0,0,0,1.0162554,0.42978287,0.5864725,nan,nan,-1,nan,-1,-1,78.74783555537267,12.156044633633307,313.460767211784,65.9277288024172,0,5410.721,5358.771,5510.8677,0.1947,0.1586,0.0843,5307.9014,0,False,0.017392159,False,5.486155323948214,False,False,False,False,True
88,9469760,2128018826157984512,15.762,1.033,5330,0.92,K0,11.08,0.5434,15,Y,Simbad,293.79087,46.03671,1.0325356,2128018826157984512,0.014270398,-0.0050287247,293.7908466966485,46.03666970929757,0.862613387930172,0.025480455,33.853924,-3.3982473555898984,-8.904935217932238,0.92780954,1689.7773,15.75752,317.87756,6790.469242654052,476.34665,1.2134933,0,2,0,1,1.017004,0.42763042,0.5893736,nan,nan,-1,nan,-1,-1,78.72047862116047,12.183856846632061,313.3666781672579,65.93173278254616,0,5288.589,5257.3286,5326.803,0.1265,0.1026,0.0545,5294.9595,0,False,0.0050287247,False,5.436600692976784,False,False,False,False,True
89,9716177,2128121218177579392,15.966,1.065,5241,0.898,K0,11.11,0.3808,14,Y,Simbad,294.25981,46.41553,1.0647097,2128121218177579392,0.027763778,-0.01396656,294.2597898793007,46.41549218841618,0.850377276140959,0.030437194,27.938755,-3.2276506890925734,-8.844679949051116,1.0674868,1892.0371,15.952182,383.4491,5769.605648200371,481.7469,1.2164953,0,2,0,1,1.0548477,0.44769573,0.607152,nan,nan,-1,nan,-1,-1,79.21580643116882,12.06457692238897,314.4713541171519,66.14973739167006,0,5050.699,5026.441,5078.737,0.0593,0.0477,0.0254,5207.3574,0,False,0.01396656,False,5.6002400481690096,False,False,False,False,True
90,9838358,2128514053065223808,15.942,1.066,5238,0.897,K0,11.11,0.5126,13,Y,Simbad,294.78814,46.61189,1.0659199,2128514053065223808,0.03235943,-0.009801865,294.78812010240193,46.61185477548926,0.8930035108908722,0.028751299,31.05959,-3.403194310828015,-8.667369046038868,0.91461056,2435.247,15.931877,330.94348,5880.8490686080995,454.0901,1.2201843,0,0,0,0,1.0476246,0.4400425,0.6075821,nan,nan,-1,nan,-1,-1,79.56341308986435,11.82984185972304,315.49111215568075,66.18040766036528,0,5003.304,4992.735,5028.16,0.0118,0.0095,0.005,5204.1255,0,False,0.009801865,False,5.686142967949433,False,False,False,False,True
92,9655435,2128132586950838912,15.989,1.086,5185,0.885,K0,11.98,0.38,14,Y,Simbad,294.35376,46.37117,1.0855589,2128132586950838912,0.05682123,-0.011312485,294.35373551931275,46.37113424706804,0.9454810922891973,0.028454848,33.227417,-3.4910253728305753,-8.807665783350188,1.0442128,1909.459,15.977935,315.9665,5682.03628239881,646.0604,1.2215544,0,1,0,1,1.0666466,0.45034695,0.6162996,nan,nan,-1,nan,-1,-1,79.20532327743015,11.986725452732005,314.5734131572708,66.08296542646973,0,5127.401,5102.6567,5155.024,0.1676,0.135,0.0718,5152.4907,0,False,0.011312485,False,5.856199078621676,False,False,False,False,True
93,9654919,2128119671989269504,15.997,1.089,5175,0.883,K0,11.11,0.5609,14,Y,Simbad,294.16992,46.30429,1.0892096,2128119671989269504,0.0004645024,-0.008800507,294.1698977286817,46.30425520000713,0.8307900715398192,0.02975032,27.925417,-3.418942867165803,-8.643211229305347,1.0201797,2034.6843,15.988123,374.47067,5641.468239115734,560.7305,1.2189425,0,36,0,33,1.0787563,0.46004868,0.61870766,nan,nan,-1,nan,-1,-1,79.08566770730619,12.06971050800542,314.22047746613936,66.07292138605787,0,5162.424,5136.4077,5190.378,0.2045,0.1646,0.0874,5143.039,0,False,0.008800507,False,5.585579429082472,False,False,False,False,True
94,9654970,2128121561774914304,16.111,1.099,5151,0.877,K0,10.46,0.2355,15,Y,Simbad,294.18712,46.37414,1.0985632,2128121561774914304,0.03300024,-0.012105942,294.1870985738175,46.37410379848444,0.9071462883609676,0.03027242,29.966097,-3.2744495720540825,-8.803173114335072,1.0231999,2089.3074,16.098707,147.25635,5085.050328098191,322.2831,1.2141645,0,2,0,1,1.0841761,0.46762657,0.6165495,nan,nan,-1,nan,-1,-1,79.15489406298668,12.09062589725232,314.3166607168781,66.13209620106679,0,5078.3633,5039.7534,5108.7583,0.1123,0.0898,0.0476,5119.036,0,False,0.012105942,False,5.887093838945047,False,False,False,False,True
95,9837012,2128148671608654720,16.163,1.102,5141,0.875,K0,10.66,0.1761,14,Y,Simbad,294.29344,46.65537,1.1024942,2128148671608654720,0.015128401,-0.008548737,294.29341320400124,46.65533134409474,0.8430650914595421,0.029887475,28.207973,-3.35051027789529,-8.787609258486217,0.9951865,2097.5737,16.154322,384.44742,4864.968115958484,581.3408,1.2214217,0,1,0,2,1.0870228,0.46289635,0.62412643,nan,nan,-1,nan,-1,-1,79.44534925942908,12.152248285283353,314.76575576427615,66.35951004221668,0,4905.0513,4899.7896,4915.1353,0.005,0.004,0.0021,5109.057,0,False,0.008548737,False,5.783627205401949,False,False,False,False,True
97,9655225,2128121012019139584,16.036,1.103,5140,0.875,K0,11.11,0.6488,15,Y,Simbad,294.28283,46.37009,1.102704,2128121012019139584,0.012342795,-0.010984421,294.28280379174777,46.37004986516718,0.8474290396753655,0.029822271,28.41598,-3.4475604085622527,-8.887833359666272,1.0560274,2296.0125,16.025337,296.82596,5459.841806930482,471.84918,1.21814,0,0,0,0,1.0849266,0.46453476,0.62039185,nan,nan,-1,nan,-1,-1,79.18169263241695,12.029879652044654,314.4618698961172,66.10175593048962,0,5159.4946,5141.243,5174.926,0.2036,0.1639,0.087,5108.522,0,False,0.010984421,False,5.665853930795818,False,False,False,False,True
98,9655469,2128108814312039040,16.068,1.108,5126,0.872,K0,11.03,0.7185,15,Y,Simbad,294.36558,46.32664,1.1083574,2128108814312039040,0.011999715,-0.011255264,294.36556272726403,46.32660348136752,0.8435800620513085,0.030548869,27.614117,-3.3209020660716533,-8.827586488635188,0.9153408,2100.681,16.056389,311.9156,5314.485782989656,495.92862,1.2185812,0,0,0,0,1.088438,0.46629143,0.6221466,nan,nan,-1,nan,-1,-1,79.16852097703415,11.959275181659578,314.54744002867494,66.03893624697157,0,4907.9873,4893.365,4928.6045,0.0197,0.0157,0.0084,5094.258,0,False,0.011255264,False,5.687020388343893,False,False,False,False,True
99,9594099,2128118916075039360,16.139,1.109,5123,0.871,K0,10.17,0.3487,14,Y,Simbad,294.23303,46.27828,1.1092558,2128118916075039360,0.02452033,-0.0128650665,294.23300373407096,46.2782445932675,0.8647883567479352,0.030307442,28.533861,-3.4235584328009683,-8.672071919440906,0.96162087,1931.0515,16.126627,225.52303,5038.331783721293,386.29617,1.2278783,0,3,0,3,1.0989256,0.46447754,0.63444805,nan,nan,-1,nan,-1,-1,79.08207048677608,12.019058357659778,314.29311230011484,66.03158391248823,0,4853.115,4838.253,4876.4624,0.019,0.0151,0.0081,5091.9893,0,False,0.0128650665,False,5.811176137251113,False,False,False,False,True
100,9835687,2128178976898255744,16.136,1.111,5119,0.87,K0,10.67,0.033,3,Y,Simbad,293.80142,46.69319,1.111126,2128178976898255744,0.024624059,-0.012968063,293.80140113468457,46.6931561073751,0.8064772788347816,0.03228003,24.983782,-3.2473483568493258,-8.71371958085733,1.0178313,2191.7024,16.123316,228.18977,5002.341026276209,362.96033,1.2150043,0,3,0,1,1.0998306,0.47647667,0.62335396,nan,nan,-1,nan,-1,-1,79.32486412787952,12.470904782746922,314.031978059697,66.53101319206321,0,4962.06,4949.4854,4978.699,0.0071,0.0056,0.003,5087.312,0,False,0.012968063,False,5.656276492995531,False,False,False,False,True
101,9775249,2128175334765924608,16.004,1.113,5114,0.869,K0,10.0,0.3087,10,Y,Simbad,293.79524,46.52642,1.1130104,2128175334765924608,0.015218917,-0.0088377,293.7952126919231,46.526381528261844,0.7754341039318614,0.031699333,24.462158,-3.315493426630511,-8.974085248384977,1.1903824,2081.3875,15.995379,230.8163,5684.849508152518,531.62634,1.2305377,0,19,0,10,1.0924044,0.4581232,0.63428116,nan,nan,-1,nan,-1,-1,79.17010360276299,12.400253057379363,313.8544723794512,66.38000280123853,0,5041.087,5017.6294,5065.3213,0.1675,0.1344,0.0719,5082.5996,0,False,0.0088377,False,5.443103935701746,False,False,False,False,True
102,9655677,2128131418719632000,16.148,1.123,5089,0.863,K0,10.71,0.644,15,Y,Simbad,294.43278,46.32026,1.1229954,2128131418719632000,0.021259362,-0.013935089,294.43276082097196,46.32021950507838,0.8622111438197388,0.031025456,27.790442,-3.421270302160671,-8.834465065127626,0.9687647,2025.1682,16.134123,368.1821,4972.808604312766,490.8105,1.2184669,0,27,0,27,1.1031837,0.47545242,0.6277313,nan,nan,-1,nan,-1,-1,79.18421423767317,11.915019769877071,314.6455424100664,66.01433033000187,0,4892.809,4877.209,4911.78,0.0117,0.0093,0.0049,5057.851,0,False,0.013935089,False,5.81219100690932,False,False,False,False,True
103,9654808,2128123069303321472,16.033,1.125,5083,0.862,K0,11.15,0.2196,13,Y,Simbad,294.12601,46.37083,1.1252308,2128123069303321472,0.013041472,-0.009304047,294.1259904783925,46.370795290397794,0.8250458363957287,0.02907172,28.379671,-3.4926364710841122,-8.63865230748211,1.0933896,2432.2458,16.023954,328.76135,5554.879570621668,601.6332,1.2265412,0,26,0,26,1.1105986,0.4728527,0.63774586,nan,nan,-1,nan,-1,-1,79.13243243640731,12.12676877238311,314.21795186598155,66.1460341246401,0,5197.9404,5176.389,5220.3833,0.3243,0.2609,0.1392,5052.3633,0,False,0.009304047,False,5.606344776294332,False,False,False,False,True
104,9836986,2128148568529429120,16.241,1.129,5075,0.86,K0,10.94,0.5297,14,Y,Simbad,294.28694,46.63755,1.128622,2128148568529429120,0.022632867,-0.011548996,294.2869211461406,46.637508156649965,0.8234155543136503,0.032959707,24.982489,-3.318205984222754,-8.699135742418129,1.0173352,2084.0906,16.229042,227.64069,4590.787307355081,617.31616,1.2242813,0,2,0,0,1.1109142,0.47504997,0.63586426,nan,nan,-1,nan,-1,-1,79.42702289990586,12.148179884325387,314.73748474620174,66.3450553933194,0,4887.9736,4873.5933,4911.2754,0.0098,0.0077,0.0041,5044.058,0,False,0.011548996,False,5.807137386014965,False,False,False,False,True
105,9777063,2128135408749666304,16.295,1.139,5048,0.854,K2,11.11,0.5649,13,Y,Simbad,294.46118,46.53508,1.1394291,2128135408749666304,0.02017542,-0.011098862,294.46116141858005,46.5350391538336,0.9237061919399193,0.033082284,27.921476,-3.3762563657259257,-8.825329585018267,1.0064622,2087.8865,16.284393,242.07942,4398.448431013298,437.72836,1.2254311,0,1,0,2,1.1315956,0.48684883,0.6447468,nan,nan,-1,nan,-1,-1,79.38897873795612,11.995027813310891,314.9053007368324,66.20264666877459,0,4799.7607,4788.462,4814.6636,0.0083,0.0065,0.0035,5017.9014,0,False,0.011098862,False,6.112062584882494,False,False,False,False,True
108,9716694,2128134446676949120,16.027,1.16,4998,0.843,K2,10.37,0.6846,14,Y,Simbad,294.45857,46.43475,1.1601715,2128134446676949120,0.033960767,-0.011104584,294.4585501922455,46.43470922299277,0.906442371207754,0.03195719,28.36427,-3.318359781598244,-8.815860218128295,1.1258916,2283.7341,16.016079,287.74753,5671.378929361058,431.9427,1.2297062,0,3,0,7,1.1418858,0.48948097,0.6524048,nan,nan,-1,nan,-1,-1,79.2967428519281,11.951118825162355,314.8001096206379,66.11175510418174,0,4997.611,4973.9565,5019.7095,0.2469,0.1972,0.1057,4968.894,0,False,0.011104584,False,5.802779940045367,False,False,False,False,True
109,9715637,2128124173114998272,16.106,1.161,4997,0.842,K2,10.9,0.5701,7,Y,Simbad,294.05895,46.42864,1.1607065,2128124173114998272,0.033650804,-0.008995056,294.058923953742,46.428600930257375,0.8516520831907949,0.027963635,30.455702,-3.655399752640829,-8.822876412936559,1.0447675,2068.7512,16.097252,302.21252,5274.166190970638,480.5082,1.2308935,0,2,0,2,1.1453171,0.4905758,0.6547413,nan,nan,-1,nan,-1,-1,79.16394083611738,12.194088061851195,314.17064468402526,66.21755781223439,0,4799.26,4750.41,4814.925,0.0943,0.0748,0.0402,4967.6533,0,False,0.008995056,False,5.74856295741667,False,False,False,False,True
110,9531975,2128111700529584000,16.293,1.17,4975,0.837,K2,10.99,0.1751,7,Y,Simbad,294.1226,46.11943,1.1698284,2128111700529584000,0.035959087,-0.011293411,294.122579702222,46.119390661115915,0.9171389184604049,0.038239732,23.983925,-3.2906441842354885,-8.631911962276739,1.0399566,1763.9122,16.281715,221.7084,4436.716504697787,454.44345,1.2220143,0,2,0,1,1.1576138,0.50613976,0.651474,nan,nan,-1,nan,-1,-1,78.90187243897958,12.015517914111864,313.9649528283547,65.91658511911332,0,4767.295,4741.5776,4791.957,0.0413,0.0325,0.0173,4946.6104,0,False,0.011293411,False,6.093891007901618,False,False,False,False,True
111,9776327,2128149358803331840,16.245,1.171,4974,0.837,K2,10.78,0.1928,15,Y,Simbad,294.19903,46.54593,1.1704998,2128149358803331840,0.008484395,-0.012929916,294.1990101589924,46.545890080331624,0.9460745684077678,0.030231223,31.294619,-3.373595093215472,-8.809875554082486,1.0151359,1961.07,16.231804,230.19289,4607.141835646463,410.4046,1.2199345,0,0,0,1,1.1385489,0.49606133,0.6424875,nan,nan,-1,nan,-1,-1,79.31550498596638,12.160770087907276,314.5073518460087,66.28591573835077,0,4961.665,4926.254,4987.0425,0.1552,0.1235,0.0655,4945.075,0,False,0.012929916,False,6.111430735521941,False,False,False,False,True
112,9717373,2128135649267419904,16.425,1.19,4929,0.827,K2,11.18,0.2274,14,Y,Simbad,294.70667,46.40363,1.1898012,2128135649267419904,0.02810169,-0.013187408,294.7066470341851,46.40359505346742,0.8773759464957464,0.033687036,26.044914,-3.4522625372866322,-8.835293866716011,1.0369631,1973.9452,16.411497,283.41595,3969.658975499077,468.3842,1.2287941,0,0,0,2,1.165699,0.5052147,0.6604843,nan,nan,-1,nan,-1,-1,79.34796282766365,11.78466279788615,315.15371826876617,66.01359191054577,0,4860.568,4824.7944,4885.7954,0.087,0.0686,0.0363,4901.599,0,False,0.013187408,False,6.127425735732789,False,False,False,False,True
113,9716302,2128144445360737408,16.468,1.225,4852,0.809,K2,10.39,0.1642,7,Y,Simbad,294.30885,46.41306,1.2251158,2128144445360737408,0.0062651634,-0.013620377,294.3088271804018,46.41302004492508,0.9506546884297246,0.033829793,28.101109,-3.3433539774486185,-8.696867542840522,1.0040736,1729.2544,16.4542,252.03319,3888.928445670806,403.0647,1.2333907,0,1,0,0,1.2103682,0.5294876,0.68088055,nan,nan,-1,nan,-1,-1,79.2291780712629,12.033302341746664,314.5453259055264,66.1338025744117,0,4809.0977,4787.9966,4830.631,0.1904,0.1497,0.0794,4825.4595,0,False,0.013620377,False,6.344314716577454,False,False,False,False,True
114,9531969,2128111700529585024,16.526,1.225,4851,0.809,K2,11.2,0.4061,11,Y,Simbad,294.12149,46.12452,1.2254114,2128111700529585024,0.050578896,-0.011957169,294.12146744164323,46.124485454762805,0.876957143564185,0.04106054,21.357662,-3.3103603417083365,-8.91350210429378,0.9739625,1801.2892,16.514114,166.81192,3667.229870304918,230.31557,1.2285995,0,1,1,1,1.211503,0.5344391,0.67706394,nan,nan,-1,nan,-1,-1,78.90616526151979,12.01850484787854,313.96819462283435,65.92156524253701,0,4878.034,4857.484,4899.026,0.2271,0.1789,0.0946,4824.852,0,False,0.011957169,False,6.229006230587769,False,False,False,False,True
115,9595731,2080089877353291136,16.521,1.23,4842,0.807,K2,11.85,0.5147,10,Y,Simbad,294.82526,46.29792,1.2296333,2080089877353291136,0.024981054,-0.013544083,294.8252395926733,46.29788335544957,0.8288126989862507,0.035497006,23.348804,-3.40539692051327,-8.719703686386811,0.90905136,1875.7845,16.507574,199.61745,3691.356794068455,344.6112,1.2341014,0,1,0,2,1.1997042,0.5220604,0.6776438,nan,nan,-1,nan,-1,-1,79.29015747877573,11.663534253827395,315.2309627774951,65.8836513904743,0,4653.5454,4635.786,4677.6553,0.0197,0.0154,0.0081,4816.0425,0,False,0.013544083,False,6.099856064767199,False,False,False,False,True
116,9896609,2128158910811242496,16.593,1.247,4806,0.799,K2,11.28,0.3487,15,Y,Simbad,294.18771,46.74939,1.2471218,2128158910811242496,0.05388343,-0.014137268,294.1876845070094,46.749351359468115,0.9367849995107027,0.046000104,20.364843,-3.3852954518869156,-8.888375019346489,1.1483172,1711.9977,16.579252,144.21574,3500.3968453598313,267.84464,1.2372748,0,0,0,1,1.2308655,0.5392151,0.6916504,nan,nan,-1,nan,-1,-1,79.49778277108007,12.259349734332469,314.69624081794996,66.47493814913092,0,4772.545,4748.8276,4797.0054,0.1651,0.1292,0.0682,4780.2227,0,False,0.014137268,False,6.437451882431173,False,False,False,False,True
117,9593995,2128118469398421632,16.638,1.253,4793,0.796,K2,11.29,0.183,11,Y,Simbad,294.19762,46.26194,1.2534189,2128118469398421632,0.02490092,-0.010910034,294.19759410398046,46.26189542891773,0.8856919316869794,0.038471606,23.021965,-3.413742051749538,-8.88994363901401,0.9957775,1727.8882,16.626776,204.93552,3352.0390859722775,392.9249,1.2359674,0,1,0,2,1.2355013,0.5433483,0.692153,nan,nan,-1,nan,-1,-1,79.0558516567477,12.03350994444053,314.2217752064615,66.02644080046397,0,4751.151,4726.6235,4776.579,0.1083,0.0844,0.0445,4767.5786,0,False,0.010910034,False,6.363189183777344,False,False,False,False,True
120,9838166,2128139497558660224,16.751,1.307,4688,0.772,K4,12.16,0.2646,7,Y,Simbad,294.71191,46.61317,1.3071957,2128139497558660224,0.029728742,-0.016395569,294.7118832386424,46.61313262934063,0.9085983384191804,0.043777056,20.755127,-3.5574300402395185,-8.74897657729976,1.0185578,1621.3851,16.734825,202.41843,3073.6202828997216,387.79745,1.2294658,0,2,0,0,1.2916088,0.5855541,0.7060547,nan,nan,-1,nan,-1,-1,79.54016248639635,11.877026566771102,315.37424110284314,66.20317623039513,0,4733.4087,4706.5615,4759.306,0.128,0.099,0.0521,4664.827,0,False,0.016395569,False,6.526684825637798,False,False,False,False,True
123,9594399,2128108466414347264,16.84,1.323,4659,0.766,K4,11.79,0.4487,11,Y,Simbad,294.33133,46.28709,1.322815,2128108466414347264,0.042738974,-0.014076233,294.3313101626941,46.287055230758796,0.9315788370504344,0.045210913,20.605177,-3.2004924438045412,-8.736945365384127,0.98156714,1532.1914,16.825504,173.74675,2875.6673772241825,354.9541,1.2437198,0,1,0,0,1.3088017,0.5843468,0.7244549,nan,nan,-1,nan,-1,-1,79.12152429252689,11.962454359278304,314.45487760038236,66.0123022982523,0,4577.676,4542.1313,4626.923,0.0913,0.0702,0.0371,4636.66,0,False,0.014076233,False,6.671602372876675,False,False,False,False,True
124,9594079,2128118572477645824,16.813,1.327,4652,0.764,K4,12.27,0.4963,12,Y,Simbad,294.22818,46.25734,1.3266716,2128118572477645824,0.075996466,-0.013727188,294.2281630259162,46.25729644959014,0.8719988033279439,0.04315357,20.206875,-3.339794831272439,-8.897940030410055,1.0324904,1823.5641,16.799818,176.7754,2950.9288622369368,329.49768,1.2439221,0,0,0,0,1.3152447,0.5884247,0.72682,nan,nan,-1,nan,-1,-1,79.06141869956375,12.012576805940183,314.2648628974452,66.0137447556062,0,4653.196,4627.421,4679.872,0.2004,0.1548,0.0813,4629.8047,0,False,0.013727188,False,6.502397483623751,False,False,False,False,True
125,9838228,2128139634997621376,16.863,1.341,4626,0.758,K4,12.02,0.1978,6,Y,Simbad,294.73475,46.6248,1.3412724,2128139634997621376,0.018525071,-0.0153160095,294.7347246878296,46.62475745273888,0.9207263940536698,0.04590699,20.056345,-3.3435387935323364,-8.893939221208324,0.9434681,1676.1971,16.847267,140.5161,2827.6910660142453,350.5815,1.23686,0,2,0,0,1.336956,0.609005,0.72795105,nan,nan,-1,nan,-1,-1,79.55804417158444,11.868363531680792,315.42154713645687,66.20729767906904,0,4576.143,4550.695,4610.8037,0.0733,0.0561,0.0295,4604.323,0,False,0.0153160095,False,6.667920116161492,False,False,False,False,True
126,9897654,2128144204842804992,16.904,1.347,4616,0.756,K4,11.02,0.0965,6,Y,Simbad,294.55711,46.73328,1.3469448,2128144204842804992,0.021569762,-0.015810013,294.5570858322945,46.73324117861492,0.8778912335077164,0.04801362,18.284212,-3.4397271246054775,-8.658989875294113,0.9957877,1574.9688,16.887882,106.993774,2743.353265070718,259.00583,1.2539558,0,1,0,2,1.3156796,0.5799885,0.7356911,nan,nan,-1,nan,-1,-1,79.60011370422198,12.026250510658517,315.25673726709454,66.35638694130914,0,4601.5435,4564.6816,4636.779,0.0939,0.0721,0.038,4594.5693,0,False,0.015810013,False,6.605085793896453,False,False,False,False,True
127,9593626,2128116540951535744,16.871,1.362,4590,0.75,K4,11.61,0.1967,11,Y,Simbad,294.05998,46.29221,1.3620548,2128116540951535744,0.024195518,-0.015937805,294.05995455399596,46.29217296185138,0.9177339418572517,0.044989154,20.399004,-3.4424243664915046,-8.733488126746419,0.93898135,1431.8955,16.855215,117.56205,2834.2181137755983,277.89487,1.2512864,0,0,0,1,1.330574,0.5921707,0.7384033,nan,nan,-1,nan,-1,-1,79.03962820612185,12.132076034180576,314.03688133593477,66.09230238667034,0,4654.2275,4611.2847,4689.5625,0.164,0.1261,0.0664,4569.037,0,False,0.015937805,False,6.668799043285597,False,False,False,False,True
128,9716918,2128133518964044032,16.91,1.366,4583,0.749,K4,11.92,0.819,11,Y,Simbad,294.53509,46.42825,1.3661919,2128133518964044032,0.032410663,-0.01606369,294.5350663387027,46.42820861842208,0.8934508174817231,0.045647137,19.572987,-3.392757944964935,-8.833862710791282,0.9860746,1713.1809,16.894384,86.85271,2710.1503611430157,252.5902,1.2399695,0,0,0,1,1.3318634,0.6028919,0.7289715,nan,nan,-1,nan,-1,-1,79.31530233531112,11.901182247632955,314.9124645138345,66.08434977401984,0,4599.8135,4568.542,4629.9414,0.1302,0.0998,0.0526,4562.165,0,False,0.01606369,False,6.64973763683485,False,False,False,False,True
129,9593890,2128119087873694208,16.76,1.369,4578,0.748,K4,11.53,0.1579,11,Y,Simbad,294.16133,46.25295,1.3691292,2128119087873694208,0.027682995,-0.014293671,294.16130485907627,46.252909105438796,0.9405067680576036,0.04030066,23.337255,-3.5217744968377653,-8.688524202917836,0.98862314,1775.468,16.745275,242.99611,3124.3155866615743,361.97833,1.2435656,0,2,0,3,1.3382854,0.60401726,0.7342682,nan,nan,-1,nan,-1,-1,79.03607113251367,12.051842439512946,314.15633369218597,66.02827026018001,0,4597.054,4564.2505,4631.5303,0.2771,0.2136,0.1134,4557.27,0,False,0.014293671,False,6.6120851232347775,False,False,False,False,True
130,9895567,2128179114337220608,17.001,1.383,4555,0.743,K4,12.43,0.3667,4,Y,Simbad,293.81584,46.70715,1.3827839,2128179114337220608,0.0070591206,-0.017641068,293.815812470987,46.707107827321806,0.8504794823453383,0.04842438,17.563044,-3.403658257206611,-8.751212520378477,0.9876861,1416.816,16.983198,127.61602,2544.567701517656,301.70584,1.249509,0,1,0,0,1.3681507,0.61881256,0.74933815,nan,nan,-1,nan,-1,-1,79.34216842877176,12.468286313102663,314.06882189833243,66.53979438034705,0,4598.9526,4581.439,4615.6133,0.1414,0.1078,0.0564,4534.9805,0,False,0.017641068,False,6.631517369912304,False,False,False,False,True
132,9596065,2080085685465236864,16.908,1.4,4527,0.737,K4,12.3,0.1932,2,Y,Simbad,294.95148,46.20653,1.3999691,2080085685465236864,0.05071488,-0.017946243,294.9514550310774,46.206494840673116,0.8595699725467325,0.046120416,18.637516,-3.439010919514674,-8.773073677779738,0.9444591,1574.7129,16.88969,152.95984,2791.2847115452482,185.30908,1.2470838,0,0,0,1,1.39604,0.63973427,0.7563057,nan,nan,-1,nan,-1,-1,79.24812048361342,11.54406307337637,315.3342382073818,65.76457119813932,0,4387.1343,4374.1216,4417.0645,0.0184,0.0139,0.0074,4507.631,0,False,0.017946243,False,6.561096578305142,False,False,False,False,True
133,9533430,2080064554225921792,17.054,1.407,4516,0.735,K4,11.91,0.2322,6,Y,Simbad,294.64571,46.13456,1.407196,2080064554225921792,0.027317446,-0.014642715,294.64569089862,46.13452286064329,0.8796012867631958,0.05116189,17.19251,-3.3458281100067992,-8.751274131076428,1.0557709,1442.312,17.039127,152.58621,2425.371310727424,317.64435,1.2477256,0,0,0,0,1.3846531,0.63147545,0.75317764,nan,nan,-1,nan,-1,-1,79.08379505796195,11.699334766047489,314.7914567487424,65.78491398531756,0,4574.4146,4551.2495,4600.0483,0.199,0.1515,0.0798,4496.3125,0,False,0.014642715,False,6.760556629932948,False,False,False,False,True
136,9656681,2080095993386737408,17.183,1.449,4451,0.721,K5,12.21,0.1257,5,Y,Simbad,294.82199,46.32773,1.4494438,2080095993386737408,0.06604677,-0.017902374,294.82196489068656,46.32768855076916,0.9158573541187177,0.050812323,18.024317,-3.3513322886613377,-8.553482398666397,0.99005586,1370.4502,17.164675,118.647224,2208.7616393937633,320.99985,1.2561395,0,0,0,1,1.4368286,0.6596775,0.7771511,nan,nan,-1,nan,-1,-1,79.31615739674287,11.679191037840612,315.25575515858316,65.91177544948924,0,4297.7314,4280.989,4337.445,0.0226,0.017,0.009,4432.6816,0,False,0.017902374,False,6.973813944153905,False,False,False,False,True
138,9716095,2128122004151549184,17.353,1.491,4391,0.709,K5,12.93,0.9576,10,Y,Simbad,294.23363,46.42825,1.4907417,2128122004151549184,0.029187117,-0.019798279,294.23360405624925,46.42821414416217,0.8802582427353934,0.05668246,15.529641,-3.2589474775183667,-8.747068932802467,0.9930208,1210.239,17.333248,71.68248,1944.3011510747372,128.71465,1.2652764,0,0,0,0,1.5091934,0.701931,0.8072624,nan,nan,-1,nan,-1,-1,79.21907729741653,12.086427715876521,314.44322503294256,66.16866931879268,0,4454.062,4435.203,4477.126,0.3409,0.2562,0.1347,4374.0947,0,False,0.019798279,False,7.056298640894802,False,False,False,False,True
142,9655970,2128130387927588992,17.322,1.506,4370,0.704,K5,12.74,0.3492,11,Y,Simbad,294.53644,46.37419,1.5059624,2128130387927588992,0.05034176,-0.016571045,294.53641787561435,46.3741468507741,0.9330969899855585,0.05679508,16.429188,-3.404591310117479,-9.02888829420127,1.039229,1219.4874,17.30541,122.85227,1994.7935238980863,292.5153,1.265382,0,0,0,1,1.5088882,0.70162773,0.8072605,nan,nan,-1,nan,-1,-1,79.26652837270034,11.875773543485785,314.86033079770266,66.03459035900134,0,4454.0156,4434.7847,4472.7163,0.2749,0.2059,0.1088,4353.348,0,False,0.016571045,False,7.1550443274778015,False,False,False,False,True
143,9594642,2128107165044245888,17.297,1.507,4368,0.704,K5,11.55,0.2238,11,Y,Simbad,294.41512,46.21764,1.5072365,2128107165044245888,0.028786996,-0.02287674,294.41509462117995,46.217600370430354,0.9037563026312796,0.055424076,16.306204,-3.5292867172055944,-8.883118548127065,1.0149444,1280.8301,17.274012,99.64298,2019.9741233627706,193.52371,1.2553399,0,1,0,1,1.4787827,0.68930244,0.7894802,nan,nan,-1,nan,-1,-1,79.08510233192462,11.879324642564308,314.5163245131085,65.92538654722856,0,4464.493,4451.8984,4479.4834,0.2025,0.1521,0.0801,4351.6045,0,False,0.02287674,False,7.054268306955931,False,False,False,False,True
145,9655067,2128120492322841728,17.404,1.512,4361,0.702,K5,12.95,0.1459,8,Y,Simbad,294.21934,46.32654,1.512392,2128120492322841728,0.079849266,-0.02094078,294.2193188654529,46.3264979165554,0.9469808657174538,0.059608866,15.886578,-3.373073784344533,-8.766647089925748,0.9479919,1177.943,17.382654,99.50573,1863.4785377782573,145.52213,1.2614172,0,0,0,4,1.5314159,0.7208462,0.81056976,nan,nan,-1,nan,-1,-1,79.12171938796702,12.049291897601194,314.31960104320586,66.07956508759979,0,4334.9956,4315.3804,4352.3765,0.248,0.1852,0.0979,4344.7026,0,False,0.02094078,False,7.2643602096982285,False,False,False,False,True
148,9655054,2128121389977163904,17.378,1.528,4340,0.698,K5,13.66,0.5414,6,Y,Simbad,294.21613,46.36063,1.5281544,2128121389977163904,0.046241347,-0.019565582,294.2161123253716,46.36058872232349,0.967422292459443,0.060493972,15.992044,-3.4485039933738166,-8.884363839720876,1.0429255,1211.3702,17.358128,82.499306,1893.162786948571,191.53592,1.2578303,0,2,0,1,1.5170383,0.71383667,0.8032017,nan,nan,-1,nan,-1,-1,79.15180083082986,12.066660809809502,314.3484784975368,66.1116611686826,0,4466.768,4454.9546,4480.3296,0.3208,0.24,0.1263,4323.7783,0,False,0.019565582,False,7.286208047402784,False,False,False,False,True
150,9530907,2128066998511354880,17.5,1.565,4292,0.686,K5,12.96,0.0,1,Y,Simbad,293.70925,46.12375,1.5653667,2128066998511354880,0.026735319,-0.02255249,293.70923091656397,46.123713874664865,0.8882451962463837,0.06546314,13.56863,-3.483769801360085,-8.934219943122248,1.0252361,1101.629,17.477303,70.25532,1736.0798824142403,117.263695,1.2701265,0,2,0,1,1.5665798,0.7382488,0.828331,nan,nan,-1,nan,-1,-1,78.77419864529942,12.273441066287173,313.3229906051972,66.03403394567249,0,4476.703,4458.397,4494.9834,0.4551,0.3394,0.1787,4275.9854,0,False,0.02255249,False,7.2199668884831745,False,False,False,False,True
153,9836401,2128197904814375808,17.471,1.579,4275,0.682,K5,12.79,0.3478,3,Y,Simbad,294.07101,46.69029,1.5785484,2128197909115389568,0.007955795,-0.019239426,294.07099006609104,46.69025099373046,0.9223291717168332,0.06565663,14.04777,-3.195872343793668,-8.79940905402517,1.0137326,1272.5111,17.450432,95.62733,1769.245645379858,220.88864,1.2722896,0,2,0,3,1.5385933,0.71658707,0.8220062,nan,nan,-1,nan,-1,-1,79.40694893922796,12.304246336111733,314.4529908260827,66.45353807100659,0,4446.974,4430.3896,4465.6377,0.3334,0.2488,0.1314,4259.4893,0,False,0.019239426,False,7.274861548017116,False,False,False,False,True
155,9837294,2128153619411014400,17.558,1.585,4267,0.68,K5,13.16,0.3089,5,Y,Simbad,294.39789,46.63576,1.5848789,2128153619411014400,0.029128077,-0.022953033,294.39787266659505,46.635721725053536,0.960298270039082,0.06628739,14.486892,-3.342595244630649,-8.884161762696644,1.0523677,1120.6362,17.535303,85.55429,1640.2496649751574,245.69923,1.2603338,0,0,0,0,1.5831108,0.7584286,0.82468224,nan,nan,-1,nan,-1,-1,79.46060847356652,12.07941541248662,314.90887237731675,66.31231374644086,0,4433.1,4416.332,4449.3623,0.4073,0.3029,0.1602,4251.718,0,False,0.022953033,False,7.447333848296797,False,False,False,False,True
156,9776201,2128149668040979456,17.611,1.596,4253,0.677,K5,12.79,0.0,1,Y,Simbad,294.15951,46.59167,1.5958576,2128149668040979456,0.0481943,-0.02325058,294.1594897211165,46.59162788318423,0.8780949478015196,0.06350108,13.828032,-3.234367722520383,-8.883691073807274,1.0486078,1180.022,17.588112,75.20566,1574.2249080881163,190.22745,1.2681074,0,2,0,0,1.5884438,0.7555599,0.83288383,nan,nan,-1,nan,-1,-1,79.34475814902828,12.205631000211529,314.49170395059906,66.33874201695589,0,4373.809,4356.371,4391.365,0.3271,0.2422,0.1288,4238.2764,0,False,0.02325058,False,7.30581926948226,False,False,False,False,True
160,9594614,2128107783519544448,17.813,1.706,4124,0.646,K7,12.44,0.0,1,Y,Simbad,294.4074,46.25768,1.7063084,2128107783519544448,0.030886589,-0.028366089,294.4073817962906,46.257638442292304,0.8993519982745616,0.074391484,12.089448,-3.4438219193860573,-8.828713456834988,0.9563692,1041.0082,17.784739,64.36675,1342.4659990277726,168.085,1.2590859,0,1,0,2,1.7030602,0.84645844,0.8566017,nan,nan,-1,nan,-1,-1,79.11908763577964,11.90224933473692,314.54396323693754,65.96417550890538,0,4400.4297,4391.773,4410.4614,0.6293,0.4636,0.2453,4110.6846,0,False,0.028366089,False,7.55438706042918,False,False,False,False,True
163,9716651,2128134511096352640,18.135,1.768,4058,0.63,K7,14.43,0.0,1,Y,Simbad,294.44162,46.44391,1.7675076,2128134511096352640,0.11497534,-0.027853012,294.4415989347178,46.44387247998086,1.0730580480169725,0.09140673,11.739377,-3.342528595428018,-8.694256579551784,0.9705887,837.063,18.106745,48.98721,1071.7627597778762,137.59088,1.3314661,0,0,0,0,1.7681179,0.8340225,0.9340954,nan,nan,-1,nan,-1,-1,79.2996732412513,11.96568605385759,314.7829538440844,66.12487694247719,0,3701.6523,3681.8171,3727.1719,0.0769,0.0547,0.0295,4044.8105,0,False,0.027853012,False,8.259860846948461,False,False,False,False,True
164,9656400,2128129632013326976,18.035,1.77,4055,0.629,K7,14.43,0.0,1,Y,Simbad,294.7103,46.36494,1.7703457,2128129632013326976,0.09775848,-0.026397705,294.710281329835,46.36490029090217,1.1723456999380937,0.08399663,13.957056,-3.295932601313927,-8.868182576707408,0.98094034,947.6074,18.008463,40.766525,1118.129756755488,142.49416,1.264432,0,1,0,1,1.7831879,0.9013901,0.8817978,nan,nan,-1,nan,-1,-1,79.31396317995598,11.764769808793359,315.1204660947031,65.97725209972957,0,3976.6213,3831.8066,4005.7847,0.322,0.2326,0.126,4041.7266,0,False,0.026397705,False,8.353741379982845,False,False,False,False,True
165,9716098,2128122042811294208,18.133,1.784,4041,0.626,K7,14.43,0.0,1,Y,Simbad,294.23424,46.43055,1.7837601,2128122042811294208,0.11301985,-0.031373978,294.23421995526894,46.43051126368601,1.0233584490706928,0.09335469,10.962047,-3.316662370762363,-8.755965214308139,1.0487459,884.7887,18.101397,40.630432,1054.8697219241183,120.0974,1.2969291,0,2,0,0,1.7918034,0.88030434,0.911499,nan,nan,-1,nan,-1,-1,79.22136945476994,12.087086002701783,314.4464836783536,66.17059896973016,0,3795.7642,3755.4849,3872.3962,0.167,0.1193,0.0646,4027.7207,0,False,0.031373978,False,8.151535458392852,False,False,False,False,True
166,9595606,2080089976131469568,18.22,1.835,3988,0.616,K7,14.43,0.0,1,Y,Simbad,294.77004,46.28205,1.8349819,2080089976131469568,0.051054943,-0.027158737,294.77001864456133,46.28201245329869,0.8273764652831233,0.09675428,8.551316,-3.337940930934259,-8.853621554299199,0.9963645,789.4304,18.19287,45.40964,968.3918711452117,152.72742,1.294047,0,3,0,0,1.7959137,0.88581276,0.91010094,nan,nan,-1,nan,-1,-1,79.25791625094993,11.690199140265445,315.12985049087547,65.88474470483247,0,3653.937,3647.678,3663.6587,0.0069,0.0049,0.0026,3975.125,0,False,0.027158737,False,7.781385002562143,False,False,False,False,True
167,9836690,2128152068923234432,18.234,1.836,3987,0.616,K7,14.2,0.0,1,Y,Simbad,294.16812,46.64242,1.8360825,2128152068923234432,0.12006331,-0.023799896,294.1681027378739,46.642384842314286,0.9079819926291319,0.10234968,8.87137,-3.5328094363472524,-8.850136582468057,1.072722,743.5864,18.209839,36.83863,967.7870387490638,83.95228,1.2871267,0,2,0,3,1.8880291,0.9616356,0.9263935,nan,nan,-1,nan,-1,-1,79.39385559828018,12.22319832073361,314.5565897482268,66.38272323770327,0,3642.6072,3623.1301,3695.8936,0.0675,0.0476,0.0259,3974.0068,0,False,0.023799896,False,8.000225044928662,False,False,False,False,True
168,9654921,2128119706349010944,18.365,1.933,3891,0.598,M0,14.34,0.0,1,Y,Simbad,294.17034,46.31419,1.9332142,2128119706349010944,0.12799372,-0.03312874,294.17031650774106,46.314151978977144,1.1044477712472038,0.11973525,9.224082,-3.3642554219372056,-9.028808612925731,1.065442,656.0222,18.332256,26.88304,865.6740231440484,130.01782,1.2725905,0,0,0,0,1.948185,1.0204372,0.9277477,nan,nan,-1,nan,-1,-1,79.09483316709114,12.073917471841119,314.23093346361145,66.0818686149769,0,4215.185,4196.734,4250.1113,0.8354,0.5991,0.325,3878.7637,0,False,0.03312874,False,8.547982232818526,False,False,False,False,True
169,9655977,2128128910458794112,18.438,1.939,3885,0.597,M0,15.15,0.0,1,Y,Simbad,294.53971,46.35367,1.9392109,2128128910458794112,0.13131815,-0.023555756,294.5396947630459,46.35362776793214,1.032414280830292,0.10825739,9.536663,-3.3938694061935033,-8.936406887305665,0.94987553,668.9943,18.406862,32.047997,819.0768382193241,97.62655,1.295083,0,0,0,0,1.9281597,0.9858818,0.9422779,nan,nan,-1,nan,-1,-1,79.24890543780957,11.86442812673815,314.844885872979,66.01492416764516,0,3713.0007,3629.0544,3910.9868,0.1886,0.1329,0.0732,3873.164,0,False,0.023555756,False,8.476132275285485,False,False,False,False,True
