Seq,f_Seq,Source,RA_ICRS,DE_ICRS,GBP-GRP,Teff,Gmag,gmag_lc,Prot,Note,dr2_source_id,dr2_bp_rp,dr3_source_id,angular_distance,magnitude_difference,ra,dec,parallax,parallax_error,parallax_over_error,pmra,pmdec,ruwe,phot_g_mean_flux_over_error,phot_g_mean_mag,phot_bp_mean_flux_over_error,phot_rp_mean_flux,phot_rp_mean_flux_over_error,phot_bp_rp_excess_factor,phot_bp_n_contaminated_transits,phot_bp_n_blended_transits,phot_rp_n_contaminated_transits,phot_rp_n_blended_transits,bp_rp,bp_g,g_rp,radial_velocity,radial_velocity_error,rv_method_used,rv_expected_sig_to_noise,vbroad,vbroad_error,l,b,ecl_lon,ecl_lat,non_single_star,teff_gspphot,teff_gspphot_lower,teff_gspphot_upper,azero_gspphot,ag_gspphot,ebpminrp_gspphot,Teff_Curtis20,nbhr_count,flag_nbhr_count,abs_magnitude_difference,flag_bad_gaiamatch,M_G,flag_ruwe_outlier,flag_camd_outlier,flag_rverror_outlier,flag_possible_binary,flag_benchmark_period
3,n,2516948215250061568,02 20 22.6,+05 52 59.1,0.597,6622,9.183,3.534,0.82,Warm,2516948215250061568,0.597,2516948215250061568,0.04759673,0.008004189,35.094028468870754,5.883069113773628,7.4763805247308435,0.0161747,462.22684,4.000975787460032,-16.951409762700447,1.0280943,4529.29,9.191337,2226.681,2354341.1654600273,2530.4116,1.1874206,0,0,0,0,0.59006023,0.21694565,0.3731146,20.343233,0.96469086,1,92.377556,nan,nan,159.3033803090701,-50.60006434985665,34.79036942922456,-7.66870665900692,0,6471.7227,6469.119,6477.2534,0.0015,0.0013,0.0007,6395.302029929903,0,False,0.008004189,False,3.559793619375993,False,False,False,False,True
4,n,3245408684793798528,04 02 15.4,-05 53 48.2,0.604,6573,9.425,3.513,0.56,Conv.,3245408684793798528,0.604,3245408684793798528,0.051749606,0.007320404,60.56418522436799,-5.8967199476378225,6.632036463518333,0.0155225545,427.25162,-6.644970692981356,-5.999653411210981,1.0224341,5206.9336,9.432089,2664.0469,1892017.768508176,3427.8027,1.1875308,0,0,0,0,0.5966511,0.22014427,0.3765068,18.664766,1.2836393,1,121.4704,106.29611,5.0917687,196.7293122631281,-39.98565246365254,57.041271479457336,-26.0306415417877,0,6557.9077,6547.6196,6568.4756,0.0408,0.0356,0.0192,6381.3857057575315,0,False,0.007320404,False,3.5403233786184387,False,False,False,False,True
5,n,6628071944405827712,22 36 31.1,-21 35 06.0,0.647,6320,8.967,3.835,0.94,Conv.,6628071944405827712,0.647,6628071944405827712,0.10788646,0.016515732,339.1297480751391,-21.5849863304466,9.36720960178012,0.019966273,469.15164,31.417762535803362,-4.96099969615711,1.055121,2191.8816,8.983912,731.42737,2929213.2372871386,1004.0591,1.1912917,0,0,0,0,0.6431875,0.2402935,0.40289402,12.541101,0.65710557,1,128.90627,nan,nan,35.72854804889584,-58.87199029022387,332.60559017817866,-11.87356444105054,0,6312.3027,6260.416,6416.042,0.0308,0.0266,0.0143,6283.985004619898,0,False,0.016515732,False,3.8419636587716504,False,False,False,False,True
6,n,2988966044497883392,05 22 51.9,-11 47 47.8,0.648,6487,10.345,3.688,0.79,Conv.,2988966044497883392,0.648,2988966044497883392,0.08795536,0.0030508041,80.71605886642537,-11.796596698945713,4.816677439696265,0.015068171,319.65906,-11.406141502153373,-2.0953563155414345,0.98537344,2769.9673,10.34771,1138.1562,832663.4431900028,1478.7861,1.189631,0,1,0,0,0.6423836,0.24139595,0.40098763,21.46924,1.501721,1,117.77238,97.449104,10.617998,213.79791536131367,-24.935342135065756,78.90129528667714,-34.87887589557365,0,6250.773,6246.3755,6258.588,0.0035,0.003,0.0016,6281.506341938118,0,False,0.0030508041,False,3.761447474368879,False,False,False,False,True
7,n,2456987757379368064,01 32 34.4,-12 51 09.7,0.654,6259,9.043,3.865,1.24,Conv.,2456987757379368064,0.654,2456987757379368064,0.06714218,0.009000778,23.143395450819426,-12.852693670616276,9.291217772171613,0.017618971,527.34174,12.332484520946464,-3.968697189411056,1.0601606,4505.695,9.051681,1918.6986,2757403.1150665237,2877.496,1.1912253,0,0,0,0,0.6477051,0.2426691,0.40503597,21.771322,0.61782366,1,137.98537,47.060093,3.274541,158.94553430859207,-72.78129116539202,16.354887445324497,-20.886158595961806,0,6244.836,6243.084,6247.778,0.0011,0.0009,0.0005,6266.457292917554,0,False,0.009000778,False,3.892043761906713,False,False,False,False,True
8,n,3186195241994234880,04 43 02.6,-07 53 54.5,0.655,6206,9.999,3.766,1.71,Conv.,3186195241994234880,0.655,3186195241994234880,0.08110915,0.0060796738,70.7608024305935,-7.898487176000749,5.855857231744291,0.02379901,246.05466,-9.819656813154266,-4.750623399564564,1.2842388,3479.2983,10.004718,1975.8512,1145553.995627385,2139.9683,1.1900767,0,0,0,0,0.64847183,0.24411106,0.40436077,20.701023,0.7175701,1,93.600174,26.274773,3.2421381,204.94709775817321,-32.07946970933475,67.88929711963455,-29.872899342608115,0,6226.4326,6222.1577,6234.9463,0.0035,0.003,0.0016,6263.920282038284,0,False,0.0060796738,False,3.842670226332068,True,False,False,False,True
9,n,2988096919213031808,05 02 35.2,-12 31 20.4,0.661,6387,10.28,3.869,0.91,Conv.,2988096919213031808,0.661,2988096919213031808,0.09265205,0.003320694,75.64684513726742,-12.522332343848435,5.280088599241718,0.013967156,378.03604,-9.843529867998646,-4.194394943822424,0.80994177,2025.9867,10.283725,802.6408,887236.4322656203,1147.2114,1.1889763,0,0,0,0,0.65376186,0.2478342,0.40592766,19.113035,1.2874334,1,100.57589,50.870075,7.6274095,212.23298255207672,-29.74700733470968,72.79329774418831,-35.108200177789236,0,6304.2236,6298.8647,6310.903,0.0183,0.0158,0.0085,6248.531695881875,0,False,0.003320694,False,3.8969308348676233,False,False,False,False,True
10,n,2987729922847457280,05 07 09.2,-13 34 07.7,0.668,6240,10.156,3.896,0.97,Conv.,2987729922847457280,0.668,2987729922847457280,0.14483155,0.0065336227,76.78824153084906,-13.568798165443004,5.639923786698072,0.01606074,351.16217,-12.330787089447805,-2.8758912762878204,1.1341764,2318.4526,10.162022,1018.7111,995467.963591879,1374.4406,1.1889441,0,0,0,0,0.66055965,0.25136566,0.409194,21.594252,0.8666638,1,124.765854,71.568924,7.995747,213.8502512727313,-29.156833309666517,74.00276491613123,-36.27725201887165,0,6250.255,6245.316,6257.547,0.0048,0.0041,0.0022,6230.2323871957515,0,False,0.0065336227,False,3.9183878135816315,False,False,False,False,True
11,n,3204844780267292288,04 29 21.6,-02 49 47.1,0.673,6173,9.76,4.02,1.97,Conv.,3204844780267292288,0.673,3204844780267292288,0.16081959,0.0043144226,67.34008963907428,-2.829757560801688,7.095548618155463,0.016481686,430.5111,-13.779322516587637,-12.305880623711145,1.0109415,2602.4739,9.764847,2147.4883,1437020.7617399774,2075.6934,1.1872928,0,17,0,16,0.6666117,0.25600243,0.41060925,20.452593,0.35846114,1,104.88543,11.204736,3.7114205,197.7457642010703,-32.61182472776051,65.0213663897454,-24.325435119326606,0,6189.187,6183.702,6196.6226,0.0045,0.0039,0.0021,6216.945672559864,0,False,0.0043144226,False,4.019776702505624,False,False,False,False,True
12,n,2405544971274027904,23 21 22.3,-17 30 58.5,0.68,6139,9.222,4.024,1.44,Conv.,2405544971274027904,0.68,2405544971274027904,0.045227118,0.010818481,350.3430737569988,-17.516259992660807,9.104295148820826,0.020009195,455.00558,26.100511069538527,-4.102599327844416,1.0917506,1583.3739,9.233008,455.34518,2361997.1266471613,634.58386,1.1914102,0,0,0,0,0.6748009,0.25648975,0.41831112,13.277215,0.2789773,1,115.27506,16.65629,0.66250217,53.05766806510952,-67.11143723470101,344.17380815751017,-12.269379445213012,0,6122.2227,6120.1323,6125.1875,0.0009,0.0007,0.0004,6198.059907369614,0,False,0.010818481,False,4.029240027271998,False,False,False,False,True
13,n,3190206672727634816,04 01 28.8,-11 19 25.7,0.682,6324,9.92,4.059,2.26,Conv.,3190206672727634816,0.682,3190206672729522304,0.13962348,0.007317543,60.36999811554148,-11.323810243473869,6.846948090377835,0.024551999,278.8754,-7.447629276220555,-5.286916803682053,1.3059541,2684.0107,9.927168,1311.2196,1249127.9279734944,2073.5652,1.1934209,0,0,0,2,0.67614746,0.25535774,0.42078972,21.493961,0.40716362,1,91.17206,14.177917,4.0318317,202.95069373384894,-42.763863631160696,55.44419929494015,-31.277414591953264,0,6154.2754,6152.9346,6156.523,0.0009,0.0007,0.0004,6192.605774708582,0,False,0.007317543,False,4.104653069000241,True,False,False,False,True
14,n,5182223980765557248,03 18 22.8,-04 29 29.0,0.687,6105,9.788,4.054,1.29,Conv.,5182223980765557248,0.687,5182223980765557248,0.049801473,0.017837524,49.59494092284919,-4.491379085130608,7.197546833605529,0.020645468,348.626,-5.2871608223345214,-8.927883917546719,1.0729345,1076.0653,9.8055315,283.962,1400016.0677316943,413.84418,1.1913631,0,0,0,0,0.68460274,0.26163387,0.42296886,20.57961,0.466534,1,101.80125,nan,nan,186.6389126903179,-48.31039440352695,45.83669545044663,-21.95119966717874,0,6080.114,6074.322,6093.9316,0.0043,0.0037,0.002,6178.862485902937,0,False,0.017837524,False,4.09145399908663,False,False,False,False,True
15,n,2982998926174605824,05 10 30.1,-16 08 04.1,0.691,6081,10.646,3.97,1.7,Conv.,2982998926174605824,0.691,2982998926174605824,0.09100832,0.010112762,77.62530455915635,-16.134469995161272,4.779588817202707,0.014795208,323.04977,-9.204560583371142,-0.7035651215424601,1.0114734,1984.8175,10.655771,730.579,640592.1506645093,986.824,1.1899081,0,36,0,35,0.6902294,0.26589966,0.42432976,19.889683,0.55871004,1,91.5052,22.194242,5.4224715,216.92016986067992,-29.418747752548963,74.65766963141198,-38.91696073097531,0,6102.7295,6096.344,6112.745,0.0065,0.0055,0.003,6167.760939736226,0,False,0.010112762,False,4.052723937192903,False,False,False,False,True
16,n,2492898356897645184,02 18 04.2,-03 50 14.4,0.7,6075,9.453,4.126,2.67,Conv.,2492898356897645184,0.7,2492898356897645184,0.13871661,0.0062627792,34.51762994003037,-3.8373434807010423,8.657426000983707,0.017437138,496.49353,5.368537817850336,-10.443317633999307,1.0802199,4269.4165,9.459103,983.8616,1933649.431869449,1152.8654,1.1938176,0,0,0,0,0.68868065,0.26152897,0.42715168,20.475664,0.22425461,1,120.65531,7.700157,1.2854861,168.32040459179316,-58.85033057560632,30.904852422277063,-16.636616335125,0,6097.569,6094.199,6102.8604,0.0024,0.002,0.0011,6142.456447829499,0,False,0.0062627792,False,4.146046571225014,False,False,False,False,True
17,n,3256702490277205376,04 03 24.9,-00 46 45.2,0.701,6033,9.928,4.18,3.08,Conv.,3256702490277205376,0.701,3256702490277205376,0.13284102,0.005727768,60.85374706998036,-0.7792186491098191,7.0725835511535236,0.043951258,160.9188,-6.180348643832194,-7.29640530563694,2.2981374,3319.6753,9.933458,1028.5641,1250346.647582824,1573.965,1.1919049,0,0,0,0,0.69440174,0.266263,0.42813873,19.02658,0.9404482,1,93.25317,19.016628,2.6853151,191.40950081712026,-36.993937941441686,58.53600929866448,-21.091318256900678,0,6182.3613,6175.421,6190.1587,0.0231,0.0197,0.0106,6139.61836968069,0,False,0.005727768,False,4.18134876148366,True,False,False,False,True
18,n,5104477754084350464,03 15 18.8,-17 56 36.4,0.731,5993,9.606,4.279,2.55,Conv.,5104477754084350464,0.731,5104477754084350464,0.034502625,0.006673813,48.828300342441544,-17.94344709440582,8.555295341792776,0.016755838,510.58594,-2.6421336252942997,1.0595432839533685,1.0814754,3416.5657,9.613218,1325.341,1704424.3698937076,1830.5286,1.1946362,0,0,0,0,0.7232561,0.27898884,0.44426727,21.199299,0.30624577,1,144.79915,17.454868,2.6696305,205.09511574262243,-55.66399947277823,40.477743038649436,-34.577144822360744,0,6009.3193,5995.8613,6083.4326,0.0134,0.0114,0.0061,6052.367452783371,0,False,0.006673813,False,4.274393340701224,False,False,False,False,True
19,n,5147686052794315904,02 02 10.9,-16 34 03.4,0.746,5864,9.643,4.41,2.53,Conv.,5147686052794315904,0.746,5147686052794315904,0.08462072,0.004872322,30.545285925305723,-16.567596576604487,8.994767002549782,0.015230147,590.5896,8.885198197499156,0.8796865424607885,0.8658014,1784.3547,9.647762,486.8132,1662608.4034667958,816.878,1.1954793,0,0,0,0,0.73781013,0.28596878,0.45184135,18.77963,0.36719832,1,114.18968,21.758072,8.006113,183.749588370631,-70.51761095722983,21.99920935613356,-27.089508452132602,0,5933.656,5925.274,5946.951,0.0065,0.0055,0.003,6007.487907054937,0,False,0.004872322,False,4.417711888621906,False,False,False,False,True
20,n,3197608241410937216,04 32 01.8,-08 53 13.7,0.758,6418,10.494,4.476,2.85,Conv.,3197608241410937216,0.758,3197608241410937216,0.10992954,0.0010461807,68.00755280672328,-8.887136218146466,6.362078170455994,0.017055843,373.0146,-9.74310831607269,-3.854476818085588,1.2118053,3244.1455,10.495431,1230.9252,766581.8798570691,1744.2987,1.1962515,0,0,0,0,0.7515631,0.29263115,0.45893192,20.39039,0.34120786,1,123.98446,18.910114,3.9472544,204.51611444944245,-34.95471639997404,64.59604637169355,-30.407363040832557,0,5980.4106,5970.956,5989.545,0.0261,0.0221,0.0119,5971.135639707348,0,False,0.0010461807,False,4.5134259511162185,True,False,False,False,True
21,n,2489889607752127360,02 18 43.9,-04 00 56.0,0.759,6016,10.019,4.39,2.38,Conv.,2489889607752127360,0.759,2489889607752127360,0.08859249,-0.005124092,34.682968189358924,-4.015542398374189,7.528026999996185,0.017538216,429.23563,5.949998710012506,-9.139542167665947,0.8298273,699.4373,10.013373,208.92819,1191970.4930060338,286.9048,1.195855,0,1,0,1,0.7463198,0.2901783,0.45614147,16.601965,0.5954816,1,79.01235,20.342611,2.1973631,168.7859282367855,-58.88243742445101,31.003096727388648,-16.860475636572705,0,5858.6294,5855.0576,5864.5825,0.0023,0.002,0.0011,5968.091095701594,0,False,0.005124092,False,4.396779215244537,False,False,False,False,True
22,n,2346216668164370432,00 54 13.5,-22 53 07.8,0.764,5852,9.441,4.452,3.1,Conv.,2346216668164370432,0.764,2346216668164370432,0.060368814,0.0036497116,13.556133090997134,-22.885498811365032,10.113467428244542,0.017211894,587.58594,18.999471641816953,1.7944535028932749,0.8385864,1731.788,9.445084,589.8639,2020546.2505594438,726.12054,1.1967897,0,0,0,0,0.7546749,0.29381466,0.46086025,19.913914,0.22956096,1,156.92203,17.930141,3.2018166,131.5451259530481,-85.71056711883239,2.776571844261892,-26.276227563054487,0,5979.416,5923.3286,6037.569,0.0571,0.0485,0.0261,5952.837326879858,0,False,0.0036497116,False,4.4695840186587485,False,False,False,False,True
23,n,5129126330877050240,02 46 34.6,-18 54 17.5,0.766,5926,9.784,4.52,3.0,Conv.,5129126330877050240,0.766,5129126330877050240,0.046301886,0.0056447983,41.64412384615592,-18.90485093201562,8.952541414117913,0.016379928,546.5556,1.546814787199506,1.9083819096754424,0.7971199,1553.6924,9.789939,439.02475,1470685.5332533806,372.76245,1.1951611,0,0,0,0,0.7578373,0.2969942,0.4608431,21.399416,0.56870705,1,112.746254,22.041002,2.4201376,201.78895405005068,-62.335226347427295,32.356214040411906,-33.183854981328714,0,5842.548,5839.915,5847.191,0.0018,0.0015,0.0008,5946.72213882182,0,False,0.0056447983,False,4.549670620288936,False,False,False,False,True
25,n,2493286445846897664,02 15 46.4,-02 36 32.5,0.821,5761,9.916,4.813,3.84,Conv.,2493286445846897664,0.821,2493286450142650496,0.040756177,0.0009469986,33.943359719264194,-2.6090195858235368,9.547601684028084,0.019114604,499.4925,5.678987823768635,-12.681404905854558,0.9237072,1655.7124,9.917255,526.433,1340292.0821458935,780.2822,1.198581,0,0,0,0,0.80921555,0.32185745,0.4873581,21.625267,0.4941213,1,93.79995,13.990818,2.4573357,165.99603884861122,-58.2446786928387,30.78150156696068,-15.2862657999749,0,5836.3193,5819.912,5846.2603,0.0963,0.0811,0.0435,5776.785120874258,0,False,0.0009469986,False,4.816726863613248,False,False,False,False,True
27,n,2513568007268649728,02 14 47.2,+02 14 20.4,0.865,5617,10.473,5.025,4.3,Conv.,2513568007268649728,0.865,2513568007268649728,0.06656208,-0.004552841,33.696690556080625,2.2389856889573827,8.27294266507171,0.015832465,522.5303,6.337582396440373,-12.791765254031313,0.919182,921.9274,10.468627,230.16328,824938.4769106875,295.55273,1.2001963,0,0,0,0,0.86094284,0.34915733,0.5117855,19.783913,0.83029157,1,53.57224,17.495392,3.5414364,160.58881383231548,-54.422473670275,32.23147538421572,-10.642062360136725,0,5732.6714,5724.4883,5741.919,0.1066,0.0891,0.0476,5640.915259783288,0,False,0.004552841,False,5.056927048496631,False,False,False,False,True
28,n,5179904664065847040,03 09 03.7,-07 03 55.8,0.873,5621,10.382,4.979,4.78,Conv.,5179904664065847040,0.873,5179904664065847040,0.14268337,0.006562233,47.265259316966,-7.065502005680937,8.378938890269094,0.021412283,391.3146,-5.544782871453964,-8.369541896959063,1.6511863,831.42224,10.388142,307.92593,892961.0615442548,426.23712,1.2024492,0,0,0,0,0.86896133,0.35163403,0.5173273,21.273405,0.5693847,1,77.79622,9.981847,6.369239,187.73107417312647,-51.70238843171634,42.62661430733088,-23.753577377746268,0,5468.42,5462.371,5479.3613,0.0058,0.0048,0.0026,5616.438250888016,0,False,0.006562233,False,5.0040867471409864,True,False,False,False,True
29,n,5168681021169216896,03 29 30.3,-07 10 13.8,0.895,5478,10.827,5.204,5.32,Conv.,5168681021169216896,0.895,5168681021169216896,0.024160532,0.0009021759,52.376339300594594,-7.170512827016007,7.474563382740645,0.018118104,412.54666,-3.3699410067432636,-6.089146489315931,1.4877039,1769.8567,10.82747,533.1958,599949.3262937722,779.2173,1.2034955,0,1,0,0,0.8841238,0.35926342,0.5248604,20.634836,0.51906025,1,57.628002,14.180995,10.555318,192.28261053166824,-47.57130646849765,47.94277065307966,-25.28447757224065,0,5687.7627,5671.546,5698.067,0.0963,0.08,0.0427,5549.681259951723,0,False,0.0009021759,False,5.195398970590139,True,False,False,False,True
30,n,3253302456727341696,04 07 34.7,-02 04 33.2,0.901,5519,10.982,5.112,4.83,Conv.,3253302456727341696,0.901,3253302456727341696,0.07595898,0.0027484894,61.89449181555941,-2.0758851288864353,6.781476336400328,0.01713472,395.774,-6.610561728538623,-6.448013290300931,1.1815176,1955.8291,10.984553,661.8534,519658.3978439696,949.42975,1.2016664,0,18,0,17,0.8904743,0.36452198,0.52595234,19.64707,0.41832694,1,69.82311,12.814476,4.478502,193.48020699533612,-36.84185619060645,59.34619528172658,-22.573953319656244,0,5536.4854,5517.4062,5545.535,0.0676,0.0559,0.0298,5531.637060287645,0,False,0.0027484894,False,5.1411745903232084,False,False,False,False,True
31,n,3176016268285396864,04 21 35.2,-14 01 29.9,0.902,5455,11.335,5.263,5.11,Conv.,3176016268285396864,0.902,3176016268285396864,0.123293616,-0.0033779144,65.39683324012059,-14.024984360317752,6.098856965897951,0.023508195,259.43536,-8.09096740302318,-2.108461242348983,0.86738837,2465.7012,11.331843,852.5503,377257.91091819375,1188.9066,1.2021676,0,0,0,0,0.8884773,0.36293316,0.52554417,21.906609,0.61000115,1,47.06779,11.126073,5.790565,208.96540865809095,-39.471802523388746,60.46537385269075,-34.975781021207276,0,5562.9395,5549.491,5582.173,0.0822,0.0682,0.0364,5528.6371141463715,0,False,0.0033779144,False,5.258085616854007,False,False,False,False,True
32,n,2531732317316926336,01 15 31.7,-02 50 46.4,0.903,5567,10.841,5.21,4.87,Conv.,2531732317316926336,0.903,2531732317316926336,0.039729122,0.002491951,18.882289918197667,-2.8462337099516613,7.46037184255304,0.019842599,375.97757,13.024161758689115,-6.716062810798566,1.0189586,2434.8223,10.843671,925.8674,594087.8765899804,943.068,1.2048182,0,1,0,0,0.8941984,0.36379623,0.5304022,15.113013,0.50228167,1,58.75493,7.5093513,8.138554,137.31283748885522,-65.0431628259483,16.325663109927866,-10.02803935839479,0,5621.8267,5612.7666,5632.67,0.1341,0.1112,0.0593,5525.639337291178,0,False,0.002491951,False,5.2074732164060435,False,False,False,False,True
33,n,2495781619982992640,02 45 01.2,-02 25 46.3,0.921,5782,10.78,5.304,5.0,Conv.,2495781619982992640,0.921,2495781619982992640,0.111614354,0.00031471252,41.25516127257816,-2.429528328506016,8.09153564260306,0.01501177,539.01276,2.343654601925985,-9.087631253410073,0.960339,1196.9669,10.780679,288.9313,634460.9587483068,414.09488,1.2050931,0,0,0,0,0.9132118,0.37441635,0.5387955,18.078533,0.9343103,1,42.288776,nan,nan,175.54946431520153,-53.276869948280584,38.036331580946886,-17.51505702950755,0,5529.833,5516.177,5549.613,0.1089,0.0901,0.048,5472.070290186314,0,False,0.00031471252,False,5.320833506601495,False,False,False,False,True
34,n,2968825259219765120,05 29 28.5,-19 17 58.8,0.924,5635,12.032,5.264,5.21,Conv.,2968825259219765120,0.924,2968825259219765120,0.21305938,-0.0072422028,82.36886533518263,-19.299652010066815,4.430458116758583,0.010816807,409.5902,-9.886313443413917,-0.11179407433181833,0.95242906,1930.148,12.024609,603.8439,201373.56735940184,860.2542,1.2056376,0,0,0,1,0.9072008,0.3704815,0.5367193,20.00189,0.80743974,1,39.75957,11.643452,7.8469424,222.1514283862601,-26.406870673403333,80.2157273520633,-42.48009108937159,0,5534.0938,5525.16,5539.431,0.0992,0.0821,0.0438,5463.218000890123,0,False,0.0072422028,False,5.256851788654103,False,False,False,False,True
35,a,4844691297067063424,04 11 51.9,-37 56 23.0,0.927,5530,10.75,5.28,5.02,Conv.,4844691297067063424,0.927,4844691297067063424,0.1404863,0.0062942505,62.966383049912935,-37.93972822497289,8.099278403924245,0.010753243,753.19403,-11.060773286516675,12.346551282402876,0.9487417,1747.9316,10.75605,505.64597,651221.0829782215,710.22363,1.2071145,0,0,0,0,0.91758156,0.37510586,0.5424757,19.784569,0.3739142,1,72.087776,9.757287,4.2757936,240.54806503496462,-46.9299781436094,48.13208508580874,-57.51495162413464,0,5591.4077,5587.7256,5595.4395,0.152,0.1257,0.067,5454.388539844307,0,False,0.0062942505,False,5.298281747988753,False,False,False,False,True
36,n,2496200774431287424,02 30 58.8,-03 03 04.9,0.928,5448,10.415,5.328,5.45,Conv.,2496200774431287424,0.928,2496200774431287424,0.051361598,-0.0041151047,37.74513526963982,-3.051369940587762,9.673030701717968,0.022457324,430.72946,2.581031698159328,-13.577089066958555,1.4122934,1653.3954,10.411007,468.74823,892470.8897037681,779.93726,1.2039659,0,0,0,0,0.91748047,0.3778839,0.53959656,22.074924,0.3743355,1,76.43766,7.767814,3.795412,171.9009516157269,-56.14808774671066,34.350682157420415,-16.9773025001454,0,5586.5938,5572.216,5606.053,0.0837,0.069,0.0367,5451.450529641993,0,False,0.0041151047,False,5.338819758513239,True,False,False,False,True
37,n,4980826504625538048,00 38 12.2,-43 00 24.8,0.935,5580,10.317,5.401,5.24,Conv.,4980826504625538048,0.935,4980826504625538048,0.10828405,0.0040102005,9.550969876372525,-43.00689401656678,10.384198176399217,0.01579661,657.3688,21.49966106792103,15.396340547789015,0.9228543,2220.8494,10.3211565,772.15173,976651.3680106428,1116.6252,1.2086934,0,0,0,0,0.9263382,0.3787279,0.5476103,17.486528,0.28546456,1,111.08695,7.8672357,3.820355,311.6832784038539,-73.8957539743623,347.49072284623406,-42.38172897493051,0,5482.075,5476.8325,5494.314,0.1039,0.0857,0.0456,5430.957973134208,0,False,0.0040102005,False,5.403021340738388,False,False,False,False,True
38,n,4842810376267950464,03 47 56.3,-41 56 24.9,0.936,5355,10.762,5.383,5.7,Conv.,4842810376267950464,0.936,4842810376269515776,0.07656158,0.002281189,56.98454242473844,-41.94025449873313,8.419417970258827,0.011146124,755.3673,-7.776659111724344,15.4217676350252,0.9568498,2223.7817,10.764597,613.4404,647105.9631209113,868.286,1.2053683,0,0,0,0,0.9252062,0.38106632,0.54413986,18.489695,0.2758293,1,77.17278,7.9821157,6.235834,247.08683960568177,-51.25736033855484,37.08947618412071,-59.46390360458424,0,5530.282,5520.8726,5537.607,0.1326,0.1095,0.0583,5428.041138726756,0,False,0.002281189,False,5.391007289078216,False,False,False,False,True
41,n,3193528950192619648,03 57 04.0,-10 14 00.9,0.994,5270,11.297,5.534,5.54,Conv.,3193528950192619648,0.994,3193528950192619648,0.16572537,0.0007276535,59.266534693264155,-10.233593902578683,7.158819681758626,0.021114564,339.04654,-5.741876200323976,-1.6871280075891386,0.9590839,1679.6409,11.298187,682.2411,405317.5103880358,879.31976,1.2106193,0,0,0,0,0.97526264,0.4054823,0.56978035,21.359978,0.802863,1,46.02698,13.994505,9.927285,200.94734416590856,-43.229484126204305,54.51341330113312,-29.965145125831537,0,5396.414,5391.2676,5400.5986,0.1302,0.1065,0.0565,5263.893642931597,0,False,0.0007276535,False,5.572394373016662,False,False,False,False,True
42,n,3187547465200970368,04 46 12.3,-07 32 24.4,0.997,5425,11.733,5.519,5.43,Conv.,3187547465200970368,0.997,3187547465200970368,0.15099949,-0.0006828308,71.55124404584733,-7.5400989150035445,5.734627911148953,0.0205013,279.7202,-9.778538931225047,-4.616021430127716,1.4211043,1208.6031,11.732746,502.25348,273947.97138677933,678.04395,1.2177147,0,0,0,0,0.9822979,0.4032774,0.5790205,20.58069,0.62495184,1,42.391747,10.146815,5.3558784,204.99311709516377,-31.218986892955527,68.84267757489035,-29.634374255353325,0,5356.677,5339.662,5368.479,0.1458,0.1192,0.0635,5255.691799977759,0,False,0.0006828308,False,5.525272344976921,True,False,False,False,True
44,n,3205573756476323328,04 23 54.6,-02 33 43.4,1.029,5134,11.604,5.634,6.05,Conv.,3205573756476323328,1.029,3205573756476323328,0.12474693,-0.0063886642,65.97743922469262,-2.5620523133648603,6.534249219114206,0.019303963,338.49265,-7.122705216585492,-5.936027292335778,1.0758772,1244.5477,11.597537,427.01743,313269.7561479645,633.6119,1.2151341,0,0,0,1,1.0135269,0.42408943,0.5894375,19.236591,0.48869494,1,49.335217,8.661023,6.2629223,196.63555499952756,-33.641375860811294,63.60350627847861,-23.826797330133534,0,5266.4453,5257.3804,5280.063,0.1202,0.0977,0.0518,5170.10939075895,0,False,0.0063886642,False,5.673515513891475,False,False,False,False,True
47,n,3187477818011309568,04 47 58.2,-07 49 25.2,1.059,5205,11.994,5.818,7.02,Conv.,3187477818011309568,1.059,3187477818011309568,0.1583469,-0.0050992966,71.99232347807312,-7.823676432186308,5.898886310498813,0.015135096,389.74884,-10.45158142105023,-4.798250409957848,1.1316425,1985.6489,11.988686,694.4966,221568.82134650514,808.9607,1.2188514,0,0,0,0,1.0430031,0.43844128,0.6045618,20.099398,0.4632336,1,44.26807,nan,nan,205.5205723464138,-30.95924878057573,69.2943720835744,-29.977701649935533,0,5226.87,5222.143,5231.285,0.164,0.1327,0.0703,5093.140499074389,0,False,0.0050992966,False,5.842535738273767,False,False,False,False,True
48,n,3009905594911137664,05 26 30.0,-12 01 21.1,1.073,5352,12.576,5.905,6.5,Conv.,3009905594911137664,1.073,3009905594911137664,0.1763093,-0.0030736923,81.62504004148843,-12.022537941229558,4.629552356126964,0.011541526,401.12134,-10.854107030204538,-1.8433530446559367,0.9656783,1539.3542,12.573399,435.16132,129954.18258724442,624.9589,1.2176399,0,1,0,0,1.0594282,0.44944954,0.6099787,21.234396,0.7875273,1,35.680717,nan,nan,214.43070590505735,-24.220525488802775,79.96381152287684,-35.17049937626054,0,5204.942,5175.122,5211.9155,0.1761,0.1421,0.0752,5058.330093642017,0,False,0.0030736923,False,5.901093589818485,False,False,False,False,True
50,n,3243665031151732864,03 48 38.3,-06 41 52.6,1.082,5063,11.46,5.953,6.84,Conv.,3243665031151732864,1.082,3243665031151732864,0.123591095,0.000828743,57.159501629475606,-6.697935543592562,7.960867246893796,0.018300554,435.00693,-8.395633556169733,-8.673818765252893,1.0644094,1892.346,11.460781,608.72296,363116.2041602406,816.99457,1.2192274,0,0,0,0,1.0635157,0.45051575,0.6129999,21.83656,0.6088161,1,52.3729,13.111965,9.091811,195.31130344975762,-43.29808968547591,53.17078561095626,-26.03596261274195,0,5051.4727,5043.2046,5069.8726,0.0097,0.0077,0.0041,5036.327917415882,0,False,0.000828743,False,5.965583006467481,False,False,False,False,True
51,n,3192643431015406464,04 21 53.2,-08 43 16.1,1.088,5003,11.752,5.873,6.84,Conv.,3192643431015406464,1.088,3192643431015406464,0.1463314,-0.0060167313,65.47184261997437,-8.721138134418574,6.689843907867116,0.021072704,317.46487,-9.518496752197665,-6.629288164280938,1.3787751,1306.7594,11.745759,358.67825,280254.9914896448,543.3187,1.220383,0,0,0,0,1.0704479,0.45370102,0.6167469,21.383213,0.6611619,1,38.538486,6.9890165,9.774963,202.91428560376542,-37.10627331755885,61.78256213798314,-29.789189047015743,0,5080.12,5069.7393,5092.663,0.1273,0.1022,0.0543,5021.823641459695,0,False,0.0060167313,False,5.872838933426975,True,False,False,False,True
52,n,5029398079322118912,01 13 42.4,-31 11 39.6,1.088,5003,10.804,5.959,6.64,Conv.,5029398079322118912,1.088,5029398083618799488,0.1328388,-0.001115799,18.426476387962428,-31.194321760604943,10.832464759022468,0.016195472,668.85767,16.798011911380858,9.073406090644315,1.1370456,2713.868,10.803102,829.9539,669972.054600189,1127.1923,1.2222427,0,0,0,1,1.0754347,0.4550867,0.620348,20.00011,0.2564444,1,101.728485,9.119843,5.1610746,254.17095137670952,-83.66419498631015,2.9660061644986015,-35.64463545288301,0,4979.585,4971.339,4991.8687,0.0251,0.02,0.0106,5021.823641459695,0,False,0.001115799,False,5.976737963760321,False,False,False,False,True
53,n,2596395760081700608,22 39 53.5,-16 36 23.3,1.097,5065,11.508,5.994,6.97,Conv.,2596395760081700608,1.097,2596395760081700608,0.1505983,-0.007678032,339.9730414550058,-16.606475238814948,7.883309301033533,0.015010794,525.176,24.228668076447324,-4.528087789289288,0.8417271,1240.0284,11.500747,503.63535,352219.701991147,639.74896,1.2198478,0,0,0,0,1.0797119,0.45982647,0.61988544,11.04331,0.79751146,1,33.168995,6.0437746,4.7378325,45.140957347516846,-57.83432949580711,335.2648816909195,-7.56620305251079,0,5093.3955,5086.427,5100.637,0.128,0.1026,0.0542,5000.313147093784,0,False,0.007678032,False,5.984289559028387,False,False,False,False,True
54,n,2979827384884386176,04 58 02.5,-17 10 27.7,1.113,5032,12.317,6.033,6.34,Conv.,2979827384884386176,1.113,2979827384884386176,0.19424711,-0.015372276,74.51042979257132,-17.174368111145423,5.584610509597021,0.013269973,420.84564,-11.054099584508943,-0.17520905861751057,1.1277553,1578.3701,12.302076,477.95084,169602.852232702,623.5744,1.2238019,0,0,0,0,1.0909595,0.4631958,0.62776375,20.893412,0.5114466,1,49.269363,10.731199,13.860351,216.73753816884775,-32.57499574070784,70.6673582029136,-39.579754285295586,0,5121.5522,5115.9937,5126.9365,0.1736,0.1395,0.074,4962.800286095563,0,False,0.015372276,False,6.037040786128152,False,False,False,False,True
55,n,3196687812738993152,04 06 00.2,-06 53 50.0,1.128,4982,11.842,6.073,7.02,Conv.,3196687812738993152,1.128,3196687812738993152,0.15351406,-0.0072774887,61.50082293953691,-6.897214689927109,7.133751583026607,0.015444546,461.89453,-9.204332260729734,-7.062214414858509,1.0593916,1419.7572,11.834423,391.0119,262241.6920326317,569.25543,1.2237395,0,1,0,0,1.1054268,0.47214508,0.6332817,21.38289,0.6030814,1,43.675568,12.824804,14.266226,198.46563665645414,-39.686048228553176,57.81683250307718,-27.208206284659806,0,4978.74,4971.5244,4986.804,0.0802,0.0639,0.0338,4928.475349718658,0,False,0.0072774887,False,6.101012974834749,False,False,False,False,True
57,n,2402197409339616768,22 39 01.4,-18 52 55.7,1.142,4921,11.219,6.155,7.8,Conv.,2402197409339616768,1.142,2402197409339616768,0.19991212,-0.0034751892,339.75567564788514,-18.88213015828451,9.732902403678887,0.017516905,555.6291,33.565546863480094,-6.843197641515834,0.9236165,1407.2454,11.21514,508.81467,465971.33073948737,698.7793,1.2227161,0,0,0,0,1.1205301,0.48238754,0.6381426,13.346489,0.52912253,1,46.386826,10.759018,2.7340727,41.01535697867079,-58.53666815500446,334.2017027838807,-9.595093069115324,0,4887.982,4879.914,4896.571,0.0278,0.022,0.0116,4897.170057130381,0,False,0.0034751892,False,6.156352185338692,False,False,False,False,True
58,n,3013355999838366336,05 25 14.6,-10 25 49.4,1.159,4908,12.806,6.185,7.11,Conv.,3013355999838366336,1.159,3013355999838366336,0.17888583,-0.012434959,81.31088695309487,-10.430380624182385,4.766961849038924,0.014202111,335.6516,-11.288147148920169,-2.599183146703257,1.0004063,2451.0203,12.79383,749.9065,109752.01365647184,848.1604,1.2259628,0,0,0,0,1.1362286,0.48926258,0.646966,19.612442,2.405462,1,23.310476,nan,nan,212.70725284536096,-23.830602856345966,79.72936349932031,-33.56038661812938,0,4984.7925,4979.038,4990.5674,0.1604,0.1276,0.0674,4860.096055692935,0,False,0.012434959,False,6.185038298879011,False,False,False,False,True
62,n,5097262136011410944,03 58 54.7,-17 05 53.2,1.199,4899,11.649,6.311,7.58,Conv.,5097262136011410944,1.199,5097262136011410944,0.120490775,0.00011539459,59.72783002066607,-17.09811402698248,8.506978286212714,0.01635708,520.0793,-10.792412707524008,-0.6504430537868033,1.1126263,2018.1919,11.6492405,704.26,320813.1124029853,953.5901,1.2300944,0,2,0,1,1.1801729,0.5131979,0.666975,21.963217,0.3083953,1,50.269543,nan,nan,209.9526523836013,-45.69527847264541,53.04289859938554,-36.73400355246923,0,4886.785,4880.6055,4891.112,0.1332,0.1049,0.0551,4776.838909471977,0,False,0.00011539459,False,6.298117115192815,False,False,False,False,True
65,n,2484875735945832704,01 24 24.7,-03 16 39.0,1.222,4842,11.791,6.398,8.4,Conv.,2484875735945832704,1.222,2484875735945832704,0.11596489,-0.011971474,21.102780876354185,-3.2774867002390105,8.36791262390958,0.018915895,442.37463,12.460525677950109,-10.357135083924167,1.0124785,1575.2749,11.779138,540.2704,287822.6494249223,776.2373,1.2345281,0,55,0,53,1.2025576,0.5235033,0.67905426,15.800025,0.54964024,1,42.821342,nan,nan,142.6377834172401,-64.88012498092404,18.245424948754547,-11.270215666336833,0,4819.3306,4814.206,4824.662,0.124,0.0973,0.0511,4731.412611651494,0,False,0.011971474,False,6.392223295037638,False,False,False,False,True
66,n,2393862836322877952,23 40 37.5,-18 11 37.9,1.239,4734,11.485,6.472,7.7,Conv.,2393862836322877952,1.239,2393862836322877952,0.1862238,0.0006055832,355.1561567817785,-18.1938605003554,10.011937314570435,0.018648637,536.8723,28.605757576793746,-4.6657611904202,1.0080708,1585.7107,11.485858,478.129,378636.4187156686,707.9533,1.2326277,0,0,0,0,1.2195606,0.5360422,0.6835184,16.109732,0.44275853,1,54.591797,13.211196,3.8349826,57.944904135081465,-71.4106181672857,348.1976484811485,-14.74746863327834,0,4714.063,4707.3315,4720.825,0.0598,0.0467,0.0246,4698.940523320303,0,False,0.0006055832,False,6.4884485725470835,False,False,False,False,True
76,n,5129876953722430208,02 29 28.5,-20 12 16.8,1.334,4829,11.695,6.739,8.0,LM,5129876953722430208,1.334,5129876953722430208,0.17625104,-0.0012245178,37.368578085340715,-20.204656731621792,10.255356337660485,0.016305448,628.9527,2.9317677546055245,1.321909302433409,1.0607558,1480.4185,11.693619,579.9284,326767.42988028476,833.1549,1.2481784,0,19,0,20,1.3175812,0.5862608,0.7313204,21.645903,0.48722547,1,55.329506,16.097893,18.102434,201.0393870440501,-66.55614795214936,27.31519720793358,-32.91850380327408,0,4671.7144,4663.8677,4684.4907,0.1241,0.0954,0.0502,4533.358317714058,0,False,0.0012245178,False,6.748372550296303,False,False,False,False,True
77,n,2339984636258635136,23 56 53.7,-23 17 24.6,1.349,4545,11.475,6.765,8.35,LM,2339984636258635136,1.349,2339984636258635136,0.18783362,0.010980606,359.22381887426945,-23.29017655714533,11.370926104451838,0.019327015,588.3436,30.187665291245725,1.685135120766006,1.3723562,1385.6257,11.486065,492.1665,398610.4469092443,771.79224,1.2515031,0,0,0,0,1.3334045,0.5938635,0.73954105,15.519688,0.36100382,1,64.903,10.521707,7.947198,47.216381773865194,-77.08852625220187,349.5922440790141,-20.9658931887791,0,4571.9243,4568.783,4575.6104,0.0159,0.0121,0.0064,4509.4553334549055,0,False,0.010980606,False,6.765044096980816,True,False,False,False,True
83,n,3197607794734344320,04 31 51.6,-08 54 03.5,1.439,4440,13.133,7.059,8.02,LM,3197607794734344320,1.439,3197607794734344320,0.06551512,-0.009461403,67.96519283119757,-8.900962152600075,6.069172629791091,0.011993811,506.0254,-8.9573601545271,-4.607046748279391,1.0435967,1473.7798,13.123888,398.62973,91295.76970254033,541.74774,1.2607836,0,0,0,0,1.4240332,0.6469145,0.7771187,21.09585,0.97438866,2,33.230534,nan,nan,204.5079731934755,-34.998283957670765,64.54547854017471,-30.413745543085827,0,4535.9644,4527.9355,4545.8286,0.1927,0.1459,0.0769,4376.793663150995,0,False,0.009461403,False,7.039535468811064,False,False,False,False,True
