dr2_source_id,_2MASS,EPIC,CWW,NOMAD1,RA_ICRS,DE_ICRS,pmRA,pmDE,e_pmRA,Source,plx,e_plx,epsi,sepsi,Gmag,BP-RP,e_BP-RP,Jmag,Kmag,eJ-K,RVGaia,e_RVGaia,RV,o_RV,eRV,dRV,delTrv,Member,pBin,WBin,SpBin,rad,drad,f_drad,pmd,dplx,dcmd,AO,nmag,nrad,Teff,Mass,SpT,K2_PTF,Prot,r_Prot,sigmaLC,RvarLC,Bench,Notes,Cl,O19,SimbadName,_RA_icrs,_DE_icrs,dr2_bp_rp,dr3_source_id,angular_distance,magnitude_difference,ra,dec,parallax,parallax_error,parallax_over_error,pmra,pmdec,ruwe,phot_g_mean_flux_over_error,phot_g_mean_mag,phot_bp_mean_flux_over_error,phot_rp_mean_flux,phot_rp_mean_flux_over_error,phot_bp_rp_excess_factor,phot_bp_n_contaminated_transits,phot_bp_n_blended_transits,phot_rp_n_contaminated_transits,phot_rp_n_blended_transits,bp_rp,bp_g,g_rp,radial_velocity,radial_velocity_error,rv_method_used,rv_expected_sig_to_noise,vbroad,vbroad_error,l,b,ecl_lon,ecl_lat,non_single_star,teff_gspphot,teff_gspphot_lower,teff_gspphot_upper,azero_gspphot,ag_gspphot,ebpminrp_gspphot,Teff_Curtis20,nbhr_count,flag_nbhr_count,abs_magnitude_difference,flag_bad_gaiamatch,M_G,flag_ruwe_outlier,flag_possible_binary,flag_benchmark_period
4087732516937081088,J19164495-1717074,219208969,44,0727-1079875,289.18731999999994,-17.285523888888886,-1.86,-27.144,0.118,GaiaDR2 ,3.3374,0.0532,0.0,0.0,10.6879,0.759,0.002195,9.739,9.422,0.035,43.13,0.71,41.41,4.0,0.187,-0.088,1803.45,Yes,No ,No ,No,0.906,9.616, ,1.079,0.0858,-0.120762,No ,,,6381.0,1.347,F5,A_N,6.7004,K2  ,0.4667,0.8587000000000001,Yes,,1,O19,Gaia DR2 4087732516937081088,289.1873283333333,-17.28540722222222,0.759,4087732516937081088,0.21168917,0.0024909973,289.1873170736199,-17.285527715398327,3.3549027389019,0.015352845,218.51993,-1.746476696873826,-27.12416983627803,0.8246104,4438.2695,10.690387,1211.8156,640824.0346641993,3047.204,1.1949688,0.0,0.0,0.0,0.0,0.7549572,0.295619,0.4593382,42.08691,0.49953943,1.0,60.41929,7.139573,4.263337,20.08334350615357,-13.247028872886354,288.35984443696776,4.939166000737371,0,6383.239,6371.8003,6398.0156,0.2889,0.2477,0.1332,6314.216239524746,0,False,0.0024909973,False,3.318786443010941,False,False,True
4087799621507741312,J19151260-1705121,219296218,59,0729-1027237,288.80249,-17.086828055555554,-1.125,-26.862,0.123,GaiaDR2 ,3.394,0.0587,0.0,1.28e-15,10.9113,0.7565,0.001345,9.922,9.68,0.031,43.73,0.84,42.1905,8.0,0.743,0.702,2522.43,Yes,No ,No ,No,0.76,13.868, ,0.318,0.1424,0.126823,No ,,,6389.7,1.295,F5,A_N,5.9859,K2  ,0.7415000000000002,1.0295,Yes,,1,O19,Gaia DR2 4087799621507741312,288.802495,-17.08671222222222,0.7565,4087799621507741312,0.23064983,-0.0005283356,288.8024864820078,-17.086831808943284,3.340946298336392,0.014144641,236.19873,-1.0175711695499072,-26.930605319410468,0.7605557,6111.7646,10.910788,1346.4235,522266.73651898094,3605.304,1.1965549,0.0,0.0,0.0,0.0,0.7481432,0.29052067,0.45762253,42.87033,0.47118944,1.0,59.61052,10.040761,4.246734,20.11073968902336,-12.829976854907493,288.0198152495776,5.183961897798423,0,6052.32,6019.3765,6091.3394,0.1329,0.1133,0.0611,6320.08779119054,0,False,0.0005283356,False,3.5301350570807664,False,False,True
4088073876634320768,J19114731-1632485,219520438,60,0734-0813090,287.94714,-16.546956111111108,-0.486,-26.579,0.102,GaiaDR2 ,3.2355,0.047,0.0,0.0,11.004,0.7743,0.001836,10.087,9.707,,,,42.2054,6.0,0.44,0.705,2521.5,Yes,No ,No ,No,1.156,6.288, ,0.431,-0.0161,0.0496798,No ,,,6328.1,1.274,F5,A_N,5.5579,K2  ,0.2722,0.4766000000000001,Yes,,1,O19,Gaia DR2 4088073876634320768,287.94714222222217,-16.546841666666666,0.7743,4088073876634320768,0.23902212,0.0035858154,287.9471356484851,-16.546959668605066,3.185196455100961,0.020704297,153.84229,-0.3597725046111213,-26.60373122352169,0.9199982,3656.6145,11.007626,1869.3989,481527.2577031571,4383.392,1.1980355,0.0,0.0,0.0,0.0,0.7639799,0.29769802,0.4662819,,,,,,,20.258650750462987,-11.85994408925693,287.2721280197047,5.822673221008084,0,5817.845,5774.3105,5979.3403,0.0443,0.0375,0.0204,6277.023243387655,1,True,0.0035858154,False,3.523306698410753,False,True,True
4184157659469838592,J19152981-1551047,219774323,63,0741-0801005,288.87424,-15.851446111111107,-0.553,-26.958,0.11,GaiaDR2 ,3.1735,0.0625,0.0,0.0,11.2044,0.8384,0.00214,10.173,9.844,0.036,40.5,1.4,41.0146,10.0,0.641,-0.483,2472.53,Yes,No ,No ,No,0.575,7.848, ,0.493,-0.0781,-0.316181,No ,,,6111.6,1.23,G0,A_N,6.9079,K2  ,0.5472000000000001,0.7036000000000001,Yes,RHK favors x2 LS period. Weak hint of this in K2 timing period but inconclusive. Period is not fully trusted.,1,O19,Gaia DR2 4184157659469838592,288.8742425,-15.851329999999995,0.8384,4184157659469838592,0.2630356,-0.002626419,288.8742427652141,-15.851449371005668,3.223575330761625,0.025002273,128.93129,-0.6170224189588582,-27.057589752211896,1.0493166,3716.8237,11.201806,1358.6552,415784.4934786506,3162.651,1.2023535,0.0,0.0,0.0,0.0,0.8322706,0.33118916,0.50108147,40.685978,0.6182306,1.0,45.064106,8.4382105,3.229978,21.288583793585296,-12.372126888986244,288.2487160504988,6.400121723733516,0,6185.7256,6167.446,6200.1304,0.3929,0.334,0.1804,6102.572288617228,0,False,0.002626419,False,3.743495186234094,False,False,True
4088057521393630848,J19142816-1620023,219601739,79,0736-0789967,288.61734,-16.334098888888885,-0.902,-26.688,0.304,GaiaDR2 ,3.175,0.0966,0.0,0.0,12.1774,0.9255,0.00211,11.002,10.604,0.032,43.63,1.34,41.7512,16.0,0.111,0.251,2885.38,Yes,No ,No ,No,0.477,7.588, ,0.066,-0.0766,0.00118732,No ,,,5832.1,1.047,G2,A_N,16.8501,K2  ,0.3113000000000001,1.1299,Yes,Prot and RHK agree,1,O19,Gaia DR2 4088057521393630848,288.6173441666666,-16.333984166666664,0.9255,4088057521393630848,0.35879433,-0.008249283,288.6173445226792,-16.334103077990463,3.2786280376443107,0.016549222,198.11372,-0.7382078854012821,-26.773150903144085,0.9675969,4754.315,12.169149,854.2671,176719.173904518,2568.178,1.2065678,0.0,1.0,0.0,0.0,0.91166496,0.37220192,0.53946304,42.616158,0.6610942,1.0,23.166033,,,20.73397644433075,-12.352399170991584,287.94008186938584,5.9532122509560725,0,5687.5254,5681.3027,5694.161,0.2357,0.1959,0.105,5838.812516635493,0,False,0.008249283,False,4.747610141251361,False,False,True
4084645500601105536,J19180938-1752498,218933140,0,0721-1101590,289.53910999999994,-17.880653888888887,-1.509,-26.506,0.09,GaiaDR2 ,3.3137,0.0401,0.0,0.0,12.3593,0.9717,0.002759,11.113,10.736,0.033,43.87,1.84,,4.0,,2.37,,Yes,No ,No ,No,1.562,10.402, ,0.605,0.0621,-0.111451,   ,,,5691.2,1.017,G5,A_N,20.1605,K2  ,0.6900000000000002,1.6097000000000004,Yes,,1,O19,Gaia DR2 4084645500601105536,289.5391169444444,-17.880539999999996,0.9717,4084645500601105536,0.2601713,0.00023555756,289.53911209877964,-17.88065730509089,3.3963442617441584,0.013682101,248.23265,-1.6008245326002193,-26.557719768964567,0.9945892,3563.3186,12.359498,1334.632,153241.3394697048,2495.065,1.2259042,0.0,0.0,0.0,0.0,0.95509815,0.38005543,0.5750427,42.568295,1.174654,1.0,18.19274,,,19.670049633790324,-13.799453947225327,288.61433745294744,4.304896223362406,0,5636.555,5629.6343,5644.6187,0.2906,0.2404,0.1288,5695.678749477534,0,False,0.00023555756,False,5.014556548745926,False,False,True
4184146900561610880,J19152141-1600107,219722212,94,0739-0788572,288.83923,-16.003083055555553,-0.676,-26.241,0.108,GaiaDR2 ,3.1072,0.0617,0.0,0.0,12.7662,1.0351,0.002193,11.43,11.05,0.035,42.52,0.31,42.0819,12.0,0.117,0.588,2886.32,Yes,No ,No ,No,0.457,14.191, ,0.451,-0.1444,-0.0486956,No ,,,5506.5,0.954,G8,A_N,22.4733,K2  ,1.6604000000000003,5.8694000000000015,Yes,Prot and RHK agree,1,O19,Gaia DR2 4184146900561610880,288.8392330555555,-16.002969999999998,1.0351,4184146900561610880,0.24530832,-0.008864403,288.83923269210254,-16.003086532813224,3.2148408228382896,0.01904661,168.78809,-0.8159952172387137,-26.29470769489063,0.98061603,5161.7534,12.757327,1189.8152,108062.3953810235,2519.9224,1.2166289,0.0,0.0,0.0,0.0,1.020587,0.42696857,0.5936184,42.38991,1.3420287,1.0,12.480936,,,21.13331739768012,-12.405731366474653,288.1953936413245,6.254113210031034,0,5548.0474,5540.307,5562.747,0.2949,0.2408,0.1281,5502.928996202517,0,False,0.008864403,False,5.293124452117128,False,False,True
4088042888457322624,J19135496-1628553,219545563,0,0735-0800956,288.47903999999994,-16.48218194444444,-0.261,-26.623,0.092,GaiaDR2 ,3.2241,0.0386,0.0,0.0,12.7867,1.033,0.001612,11.522,11.047,0.033,46.39,1.81,41.6471,2.0,2.032,0.66,,Yes,No ,Yes,No,0.62,4.126, ,0.654,-0.0275,-0.017909,No ,,,5512.5,0.951,G8,A_N,21.9164,K2  ,1.7861000000000002,6.875200000000001,Yes,,1,O19,Gaia DR2 4088042888457322624,288.4790411111111,-16.4820675,1.033,4088042888457322624,0.2901161,-0.008272171,288.4790354404621,-16.482185916440766,3.314776853583297,0.017022869,194.72493,-0.3909272523012363,-26.663761325764792,0.9690764,4203.155,12.778392,1486.1848,105638.96838625315,2113.09,1.214343,0.0,0.0,0.0,0.0,1.0168142,0.4267578,0.5900564,43.64227,2.0085618,1.0,14.095411,,,20.539234350398083,-12.29465311430027,287.7888486015734,5.8232094631815485,0,5382.6914,5361.1367,5403.0186,0.2468,0.2013,0.1072,5509.191143217959,0,False,0.008272171,False,5.380663326032099,False,False,True
4087622153460553216,J19144383-1739427,219037489,0,0723-1086000,288.68263,-17.66201194444444,-0.512,-26.857,0.073,GaiaDR2 ,3.32,0.0304,0.0,0.0,13.0295,1.0894,0.002608,11.632,11.145,0.028,44.73,3.23,42.3366,2.0,0.752,1.011,,Yes,No ,No ,No,1.341,9.911, ,0.466,0.0684,-0.0249138,No ,,,5356.6,0.915,K0,A_Y,25.364,K2  ,1.9845000000000004,5.100500000000001,Yes,,1,O19,Gaia DR2 4087622153460553216,288.6826322222222,-17.661896388888888,1.0894,4087622153460553216,0.078420684,-0.012814522,288.6826280627367,-17.662015537774785,3.3447269857692543,0.015098241,221.5309,-0.5705636892714341,-26.85091576191761,0.95632386,3965.354,13.016722,1187.5157,86738.42333112631,1899.8405,1.21789,0.0,9.0,0.0,1.0,1.0700102,0.4556551,0.6143551,43.760826,2.3836179,2.0,11.708906,,,19.52571406950996,-12.966799884113868,287.83189557590333,4.628204796202303,0,5264.3667,5256.717,5272.957,0.2597,0.2099,0.1113,5344.967378098185,0,False,0.012814522,False,5.63852509620302,False,False,True
4087762371240557696,J19172705-1703472,219306354,0,0729-1031327,289.36274999999995,-17.063231944444443,-1.149,-25.664,0.081,GaiaDR2 ,3.1952,0.0339,0.0,0.0,13.0324,1.0766,0.002,11.665,11.207,0.033,42.34,2.35,,4.0,,0.84,,Yes,No ,No ,No,0.731,6.56, ,0.987,-0.0564,0.0298567,   ,13.6527,8.448,5391.3,0.915,K0,A_Y,22.5,K2  ,2.0866,6.574400000000002,Yes,,1,O19,Gaia DR2 4087762371240557696,289.3627552777777,-17.063121388888888,1.0766,4087762371240557696,0.09422446,-0.009335518,289.36274720787605,-17.06323512130032,3.27644340044346,0.018392414,178.14102,-1.1112434847476722,-25.72215190310951,0.83880615,2862.9805,13.02302,662.3897,85912.16888146328,1029.919,1.2179319,0.0,0.0,0.0,0.0,1.0594845,0.44922352,0.61026096,44.08864,1.9056152,2.0,12.581562,,,20.36277698060608,-13.30653934268905,288.55604970298504,5.137425334561575,0,5196.616,5176.236,5216.0864,0.1826,0.1474,0.0783,5381.462381907882,0,False,0.009335518,False,5.600033140913197,False,False,True
4088034161083427968,J19123785-1628037,219551103,0,0735-0798688,288.15775,-16.467838055555553,-0.601,-26.322,0.06,GaiaDR2 ,3.1963,0.0257,0.0,0.0,13.033,1.1032,0.002818,11.626,11.161,0.033,40.85,1.48,41.9834,2.0,1.181,0.13,,Yes,No ,No ,No,0.937,7.124, ,0.435,-0.0553,-0.074295,No ,,,5319.8,0.915,K0,A_Y,22.3673,K2  ,1.0378000000000005,5.891700000000001,Yes,,1,O19,Gaia DR2 4088034161083427968,288.1577527777777,-16.46772472222222,1.1032,4088034161083427968,0.09182938,-0.009770393,288.15774950418785,-16.467842092782238,3.224270132531341,0.015818398,203.83037,-0.572210772348813,-26.33178252128085,1.0341017,2867.876,13.023214,694.39825,87054.17006707005,1284.3124,1.2223917,0.0,0.0,0.0,0.0,1.0865202,0.46172714,0.62479305,41.649284,2.0656934,2.0,10.994601,,,20.419307022969942,-12.009375895633408,287.4834084204793,5.876159267149528,0,5308.654,5289.866,5323.687,0.3522,0.2849,0.1518,5306.18283915032,0,False,0.009770393,False,5.565371441596591,False,False,True
4087855902760478592,J19160578-1629228,219542557,0,0735-0804887,289.02408,-16.48979888888889,-0.997,-26.027,0.088,GaiaDR2 ,3.2081,0.0322,0.0,9.33e-16,13.0382,1.0816,0.004219,11.667,11.215,0.034,,,39.8241,1.0,,-1.676,0.0,Yes,No ,No ,No,0.125,3.979, ,0.602,-0.0435,0.0150585,No ,,,5377.7,0.914,K0,S_Y,21.8348,K2  ,2.5340000000000003,19.024400000000004,Yes,,1,O19,Gaia DR2 4087855902760478592,289.0240844444444,-16.489686944444443,1.0816,4087855902760478592,0.06873519,-0.016041756,289.02407986279377,-16.489802713524472,3.185568762561988,0.014775554,215.59724,-0.921834578827372,-26.08271747626271,0.9885257,1587.409,13.022112,442.27756,86237.47655023736,679.1472,1.2200251,0.0,0.0,0.0,0.0,1.062871,0.44941425,0.6134567,40.76409,2.653216,2.0,8.240718,,,20.757748998843148,-12.77184037263534,288.3088209722968,5.748483465071119,0,5258.027,5218.3115,5278.767,0.233,0.1886,0.1002,5367.148336853393,0,False,0.016041756,False,5.538046812932738,False,False,True
4184140406570650496,J19161757-1600177,219721519,99,0739-0790113,289.07321,-16.005055,-2.267,-28.932,0.182,GaiaDR2 ,3.9314,0.0911,0.472,51.1,13.08,1.1994,0.00246,11.515,10.94,0.029,41.0,2.25,43.6504,8.0,1.045,2.192,3239.56,Yes,No ,Yes,No,0.38,53.509, ,2.676,0.6798,-0.380079,No ,,,5077.0,0.908,K0,A_Y,22.3243,K2  ,1.7942000000000002,6.908700000000001,Yes,Prot and RHK agree,1,O19,Gaia DR2 4184140406570650496,289.0732202777777,-16.004930555555553,1.1994,4184140406570650496,0.20517954,-0.010191917,289.0732114060974,-16.00505937954573,3.8106506281369583,0.09814692,38.82598,-0.9547462276233976,-27.93626582792781,7.8502398,2573.596,13.069778,648.68854,87347.19581096715,1419.6665,1.2373729,0.0,1.0,0.0,0.0,1.1845989,0.50959396,0.67500496,42.175674,1.511172,2.0,14.179089,,,21.228768044272883,-12.610438511998842,288.41946613580865,6.22292195190913,0,5050.893,5034.538,5065.502,0.4057,0.3237,0.1741,5053.660650464053,0,False,0.010191917,False,5.97477410827516,True,True,True
4183968401721906048,J19175075-1606406,219683737,0,0738-0798147,289.46147999999994,-16.11143111111111,-0.757,-27.31,0.055,GaiaDR2 ,3.2697,0.0242,0.0,0.0,13.3128,1.1722,0.003397,11.841,11.306,0.033,42.71,2.16,42.0595,7.0,0.618,0.755,3987.61,Yes,No ,No ,No,0.46,2.933, ,0.705,0.0181,-0.0494795,   ,,,5143.1,0.876,K0,A_Y,21.9235,K2  ,2.5676000000000005,9.1352,Yes,,1,O19,Gaia DR2 4183968401721906048,289.4614833333333,-16.11131333333333,1.1722,4183968401721906048,0.0558032,-0.009569168,289.4614768138469,-16.111434541507062,3.280346163099255,0.015233506,215.33757,-0.7277916460588081,-27.301798178521626,1.1143421,2168.3362,13.30319,537.6366,69250.81788495625,797.1066,1.2277042,0.0,0.0,0.0,0.0,1.1571789,0.50082207,0.6563568,41.25575,2.1685956,2.0,12.881959,,,21.290986362896053,-12.993648449492843,288.7773296205048,6.068220829222588,0,4893.462,4819.942,4950.98,0.1414,0.1119,0.0594,5121.7541255052,0,False,0.009569168,False,5.882788609624505,False,False,True
4087714409360276864,J19133741-1707261,219280168,0,0728-1061312,288.4059,-17.124061944444442,-0.733,-25.496,0.103,GaiaDR2 ,3.348,0.0464,0.236,11.6,13.3283,1.248,0.003138,11.773,11.172,0.033,39.97,2.8,44.1235,4.0,1.498,2.768,349.98,Yes,No ,Yes,No,1.008,10.685, ,1.142,0.0964,-0.3027,   ,,,4963.9,0.874,K2,A_Y,22.6926,K2  ,1.3214,6.212700000000001,Yes,,1,O19,Gaia DR2 4087714409360276864,288.4059033333333,-17.12395222222222,1.248,4087714409360276864,0.08932392,-0.009596825,288.4058999429183,-17.12406567853982,3.254083569225019,0.03959188,82.19068,-0.6434540861576101,-25.276909459111245,3.007912,2514.198,13.318714,579.0435,70722.07089854362,909.0466,1.2427815,0.0,0.0,0.0,0.0,1.2259216,0.53121567,0.69470596,44.56221,3.8713937,2.0,8.501299,,,19.91300100453357,-12.501587343676814,287.63755012067634,5.195330998655485,0,4924.764,4910.682,4939.2417,0.3563,0.2813,0.15,4938.687430879322,0,False,0.009596825,False,5.8808576518862345,True,True,True
4088051783318575488,J19144049-1618344,219610822,0,0736-0790323,288.66873,-16.309673055555553,-0.721,-26.078,0.067,GaiaDR2 ,3.1572,0.0304,0.0,0.0,13.5202,1.2073,0.00228,12.001,11.423,0.033,,,,0.0,,,,Yes,No ,No ,,0.429,9.204, ,0.578,-0.0944,0.0320034,   ,,,5058.2,0.849,K2,A_Y,23.64,K2  ,1.9151,4.915500000000001,Yes,Background EB seen in K2 light curve; apparent Prot attributed to target star. See Appendix D.5,1,O19,Gaia DR2 4088051783318575488,288.6687333333333,-16.309560833333332,1.2073,4088051783318575488,0.050144512,-0.010937691,288.66872528507656,-16.309676763282848,3.16907987662616,0.016951155,186.95363,-0.6979098807354553,-25.987715367714323,1.0406749,3819.071,13.509241,1246.7598,58017.45226536004,1452.5645,1.2309445,0.0,0.0,0.0,0.0,1.1870356,0.51679325,0.6702423,45.205544,3.5575995,2.0,8.048412,,,20.7779587805026,-12.386785885129926,287.9923930844073,5.97113385313849,0,5010.6567,4908.7095,5034.057,0.3036,0.2406,0.1269,5034.386437366745,0,False,0.010937691,False,6.013907032707316,False,False,True
4087769075699852416,J19173541-1659580,219333882,0,0730-0981205,289.39757,-16.99958111111111,-1.842,-25.664,0.137,GaiaDR2 ,3.0319,0.0517,0.14,2.95,13.5601,1.2556,0.003342,11.96,11.371,0.032,,,39.6259,1.0,,-1.874,0.0,Yes,No ,Yes,No,0.687,22.33, ,1.334,-0.2197,-0.0971842,No ,,,4946.8,0.844,K2,A_Y,23.6,Both,2.327500000000001,12.095300000000002,Yes,Prot from K2 LS = 11.6 days and K2 ACF = 34.8 days but K2 Timing = 23 days and PTF = 24.5 days. We prefer the later two values. See Appendix D.4,1,O19,Gaia DR2 4087769075699852416,289.3975783333333,-16.999470555555554,1.2556,4087769075699852416,0.13112669,-0.007680893,289.39757081521395,-16.999584657365784,3.0795794230309315,0.034230288,89.96651,-1.6680447273690078,-25.838287887895337,1.7866398,1391.6023,13.552464,539.20575,57373.00831407333,697.9176,1.2464029,0.0,0.0,0.0,1.0,1.2356548,0.534318,0.70133686,42.858624,2.9476328,2.0,8.220709,,,20.436496038365323,-13.3102131818134,288.59765732700373,5.196101367741646,0,4901.3125,4890.7627,4912.6426,0.3356,0.2642,0.1403,4921.482810762897,0,False,0.007680893,False,5.994920577098919,True,True,True
4183934046291267200,J19163297-1621324,219592407,0,0736-0793397,289.13739,-16.359153888888887,-0.865,-27.259,0.079,GaiaDR2 ,3.247,0.0412,0.158,4.65,13.5966,1.2351,0.002419,12.137,11.495,0.037,,,,0.0,,,,Yes,No ,Yes,,0.053,0.175, ,0.638,-0.0046,0.0104885,   ,12.6538,14.55,4993.3,0.839,K2,S_Y,24.3397,K2  ,4.625000000000001,10.227700000000002,Yes,,1,O19,Gaia DR2 4183934046291267200,289.1373938888888,-16.359036666666665,1.2351,4183934046291267200,0.08849474,-0.013079643,289.13739243396896,-16.359157634308556,3.3854950680806914,0.032370534,104.5857,-0.9224891413457,-27.29108699983416,1.9729246,4889.911,13.583472,1088.3704,54673.57548984327,1401.1322,1.2317086,0.0,0.0,0.0,0.0,1.2120924,0.53207207,0.68002033,64.29153,4.3424625,2.0,7.2682495,,,20.92616937687694,-12.81550798412063,288.43429677631724,5.863801748780084,0,4949.355,4935.414,4962.213,0.2968,0.2341,0.1234,4968.367896951647,0,False,0.013079643,False,6.231583179205442,True,True,True
4087799655867454720,J19152010-1705038,219297228,0,0729-1027510,288.83374,-17.084498888888888,-1.426,-25.344,0.072,GaiaDR2 ,3.1981,0.0327,0.0,0.0,13.6086,1.2259,0.00236,12.112,11.564,0.037,,,,0.0,,,,Yes,No ,No ,,0.746,6.465, ,1.377,-0.0535,0.0547142,   ,14.0399,8.178,5014.6,0.837,K2,A_Y,23.12,Both,5.486600000000001,12.197000000000005,Yes,Target has a bright neighbor contaminating the K2 light curve. PTF resolves each star and validates the Prot.,1,O19,Gaia DR2 4087799655867454720,288.83374638888887,-17.08439,1.2259,4087799655867454720,0.028728316,-0.007905006,288.8337410645387,-17.084502129970197,3.197071894354121,0.017115487,186.79411,-1.4377879872470238,-25.37108131557178,0.9698723,2459.1958,13.600679,753.301,53645.70200915699,1026.7288,1.2306275,0.0,1.0,0.0,0.0,1.2053232,0.5287018,0.67662144,43.683758,2.0767243,2.0,10.313005,,,20.1257541791981,-12.856123731168031,288.0498644965704,5.182423163473805,0,4993.475,4981.48,5004.6997,0.3186,0.2517,0.1326,4989.9042821191415,0,False,0.007905006,False,6.124441410612082,False,False,True
4183911059625672320,J19195612-1609398,219665690,0,0738-0801231,289.98382,-16.161188055555552,-1.542,-26.951,0.1,GaiaDR2 ,3.2636,0.0415,0.0,0.0,13.8881,1.3418,0.002955,12.214,11.615,0.035,,,,0.0,,,,Yes,No ,No ,,0.92,4.76, ,0.708,0.012,-0.058917,   ,,,4763.4,0.802,K2,N_Y,24.6052,PTF ,6.6118000000000015,13.362200000000003,Yes,,1,O19,Gaia DR2 4183911059625672320,289.9838269444444,-16.16107194444444,1.3418,4183911059625672320,0.05361514,-0.010944366,289.98382131965894,-16.161192145987762,3.2584247653756333,0.020001011,162.91301,-1.5439045754336274,-26.91596003747754,1.0269963,2211.0022,13.877191,359.19098,43899.19231639027,1000.0084,1.2504218,0.0,16.0,0.0,20.0,1.3239899,0.5885534,0.73543644,46.95481,4.6609664,2.0,4.7377815,,,21.460873289066445,-13.469983730601724,289.27049768468027,5.951191187988671,0,4749.581,4734.937,4762.7773,0.3361,0.2603,0.1377,4740.554114030637,0,False,0.010944366,False,6.442229079445466,False,False,True
4184140994996369152,J19163732-1600050,219722781,107,0739-0790604,289.1555,-16.001523888888887,-1.603,-27.884,0.477,GaiaDR2 ,4.0067,0.2153,1.551,494.0,13.8936,1.4948,0.00364,12.015,11.353,0.033,,,41.3243,6.0,0.377,-0.176,1888.19,Yes,No ,Yes,No,0.388,58.287, ,1.436,0.7551,-0.528641,No ,,,4485.2,0.802,K4,A_Y,21.4947,K2  ,2.4530000000000003,12.140800000000002,Yes,,1,O19,Gaia DR2 4184140994996369152,289.1555072222222,-16.001403888888888,1.4948,4184140994996369152,1.8196337,0.03522873,289.15549650588565,-16.001528512124104,3.7733041056800816,0.18556269,20.33439,-1.0573905624947364,-27.37052749513151,11.015544,286.2418,13.928804,650.3801,46964.54536261687,1035.433,1.3383381,0.0,1.0,0.0,0.0,1.4831772,0.6228428,0.8603344,41.735756,2.6140358,2.0,10.420511,,,21.26624214448485,-12.680664374105008,288.4988100983317,6.216058783239783,0,4579.1006,4564.376,4589.4062,0.612,0.4664,0.2491,4476.451857810453,0,False,0.03522873,False,6.812413438293191,True,True,True
4087709049240821632,J19120965-1713379,219234791,0,0727-1070845,288.04022,-17.227339999999998,-1.012,-24.279,0.119,GaiaDR2 ,3.0177,0.0387,0.0,0.0,13.9896,1.3189,0.006854,12.322,11.696,0.035,,,,0.0,,,,Yes,No ,Yes,,1.347,24.728, ,2.346,-0.2339,0.118051,   ,,,4810.2,0.79,K2,N_Y,21.9122,PTF ,7.5889000000000015,9.540200000000002,Yes,,1,O19,Gaia DR2 4087709049240821632,288.0402244444444,-17.227235555555552,1.3189,4087709049240821632,0.084405035,-0.010932922,288.0402207042496,-17.22734378987553,3.044545421810162,0.022423329,135.7758,-0.9093335133294986,-24.235033014129595,1.138977,1570.929,13.978707,357.93906,39398.85851465914,575.3882,1.2435083,0.0,1.0,0.0,1.0,1.2949095,0.5753889,0.71952057,46.109035,3.4866426,2.0,6.821682,,,19.66656647065448,-12.228125340730116,287.276549012378,5.136497784592716,0,4753.0894,4739.428,4766.026,0.3043,0.2366,0.1249,4786.135107570047,0,False,0.010932922,False,6.396319602097893,False,False,True
4084650276604851200,J19175959-1746319,218984438,0,0722-1109169,289.49830999999995,-17.775668888888887,-4.159,-26.328,0.092,GaiaDR2 ,3.2878,0.0396,0.0,0.0,14.0045,1.4662,0.003551,12.17,11.466,0.035,,,,0.0,,,,Yes,No ,Yes,,1.45,8.708, ,3.257,0.0362,-0.333108,   ,,,4532.8,0.788,K4,N_Y,22.4026,PTF ,16.077400000000004,16.996900000000004,Yes,,1,O19,Gaia DR2 4084650276604851200,289.49832888888886,-17.775555555555552,1.4662,4084650276604851200,0.12988651,-0.013807297,289.4983066972393,-17.775673231007293,3.308717034041313,0.04210208,78.587975,-4.238074586978438,-26.93740461509365,1.9244922,2195.989,13.990722,511.33627,41391.25762321654,824.717,1.261601,0.0,0.0,0.0,0.0,1.4471521,0.66205406,0.7850981,46.820274,5.438102,2.0,6.7300987,,,19.751846523028316,-13.720596740539865,288.5897602822058,4.414121271683734,0,4630.5693,4620.978,4640.3896,0.5688,0.4348,0.2308,4521.018081043412,1,True,0.013807297,False,6.589019839056185,True,True,True
4084751706554608000,J19174370-1719478,219189038,0,0726-1077227,289.43209999999993,-17.33010694444444,-1.046,-25.563,0.06,GaiaDR2 ,3.2045,0.0262,0.0,0.0,14.0832,1.3013,0.025316,12.229,11.605,0.035,,,,0.0,,,,Yes,No ,No ,,1.005,6.989, ,1.068,-0.0471,0.27039,   ,,,4847.1,0.779,K2,N_Y,25.2252,PTF ,10.521700000000004,17.982900000000004,Yes,,1,O19,Gaia DR2 4084751706554608000,289.43210472222216,-17.329996944444442,1.3013,4084751706554608000,0.085028954,-0.0109882355,289.4320992629702,-17.330110677173828,3.219439898390032,0.021171061,152.06795,-0.9978788110096372,-25.50884223366149,0.8932849,1367.016,14.072667,277.40192,40766.713141278575,114.001236,1.3706847,0.0,14.0,0.0,22.0,1.3702917,0.5197563,0.8505354,43.691166,3.672447,2.0,5.114489,,,20.141826349780548,-13.47803767368476,288.5864404344984,4.864120991283032,0,4730.525,4708.337,4743.8066,0.2924,0.2245,0.1169,4822.366201893313,2,True,0.0109882355,False,6.611568731613417,False,True,True
4087825563110796672,J19143400-1641294,219462497,0,0733-0832614,288.64171,-16.691666111111108,-1.175,-26.786,0.065,GaiaDR2 ,3.2667,0.0266,0.0,0.0,14.1787,1.4025,0.007684,12.395,11.745,0.035,,,,0.0,,,,Yes,No ,No ,,0.545,3.545, ,0.307,0.0151,0.0369177,   ,,,4646.0,0.767,K4,A_Y,23.7574,K2  ,2.3057000000000003,5.062700000000001,Yes,,1,O19,Gaia DR2 4087825563110796672,288.64171527777773,-16.691550555555555,1.4025,4087825563110796672,0.0622465,-0.011912346,288.64170885578426,-16.691670065315932,3.27861452786873,0.022746999,144.13394,-1.160940049755144,-26.68033341913745,1.159276,1990.7153,14.166804,216.36012,34758.16934796102,520.44037,1.2694075,0.0,2.0,0.0,1.0,1.3836365,0.61208534,0.77155113,39.530865,3.7731214,2.0,5.2683053,,,20.41204075597099,-12.524345584468088,287.91746770146585,5.595590118252238,0,,,,,,,4627.830347186981,1,True,0.011912346,False,6.745256108411809,False,True,True
4183944182414043136,J19172940-1611577,219651610,108,0738-0797617,289.37254,-16.199488888888887,-0.946,-26.775,0.071,GaiaDR2 ,3.3023,0.0304,0.0,8.4e-16,14.3257,1.476,0.004036,12.474,11.767,0.031,,,42.1535,5.0,1.712,0.654,1886.25,Yes,No ,No ,No,0.337,5.242, ,0.155,0.0507,-0.0411415,No ,,,4516.3,0.75,K4,S_Y,20.5619,Both,4.737700000000001,20.334600000000005,Yes,Featured in Table 1 and Figures 3 and 4 in the PDF version,1,O19,Gaia DR2 4183944182414043136,289.3725441666666,-16.19937361111111,1.476,4183944182414043136,0.04376941,-0.011171341,289.372540886235,-16.199492801293374,3.311088616078463,0.02143227,154.49081,-0.88573686101001,-26.769872739499306,1.0807347,1962.3488,14.314538,535.3231,30827.54429327141,546.7682,1.259651,0.0,1.0,0.0,1.0,1.4650869,0.6760969,0.78899,41.952877,3.313491,2.0,6.517917,,,21.172140583656347,-12.953163440299036,288.68041869479623,5.992303659961885,0,4567.7495,4553.124,4582.7773,0.433,0.3285,0.1725,4505.525537863341,0,False,0.011171341,False,6.914392022595521,False,False,True
4087858819031214336,J19153354-1625368,219566703,101,0735-0803984,288.88976,-16.427024999999997,-1.264,-27.732,0.21,GaiaDR2 ,3.1707,0.0849,0.438,23.2,14.455,1.6051,0.00487,12.52,11.736,0.036,,,39.8743,4.0,1.673,-1.626,819.76,Yes,No ,Yes,No,0.206,7.653, ,1.163,-0.0809,-0.274165,No ,,,4319.0,0.735,K5,A_Y,22.9984,K2  ,4.621400000000001,13.402600000000003,Yes,,1,O19,Gaia DR2 4087858819031214336,288.8897655555555,-16.426905555555553,1.6051,4087858819031214336,0.19183616,0.004676819,288.889758954556,-16.427028790861264,3.254932671825181,0.06136671,53.04069,-1.424053866392121,-27.610422916476832,2.725544,1043.1025,14.459654,355.09396,28833.38312110304,333.31772,1.2990861,0.0,1.0,0.0,0.0,1.5969172,0.7354202,0.8614969,43.689545,4.9150167,2.0,3.8925812,,,20.76055501472668,-12.628568119956492,288.1886354883585,5.827456798192956,0,4333.796,4326.726,4341.645,0.4818,0.3582,0.19,4320.839211504475,0,False,0.004676819,False,7.02236390252064,True,True,True
4087776153806172672,J19170381-1658104,219346771,0,0730-0980236,289.26589,-16.969698888888885,0.992,-25.879,0.107,GaiaDR2 ,3.3242,0.0417,0.0,0.0,14.5219,1.6633,0.003089,12.535,11.741,0.044,,,47.0008,1.0,,5.501,0.0,Yes,No ,Yes,SB1-Long,0.611,7.804, ,2.047,0.0726,-0.356749,   ,,,4241.7,0.728,K5,A_N,19.1,K2  ,2.1265000000000005,2.7204000000000006,Yes,Prot not visually obvious. Derived by timing pairs of dips. See Appendix D.4,1,O19,Gaia DR2 4087776153806172672,289.26588555555554,-16.9695875,1.6633,4087776153806172672,0.062015653,-0.013996124,289.2658920002668,-16.96970239351972,3.298783686326195,0.027342472,120.646866,0.6955889103528385,-25.702118742748617,1.1196907,3466.7217,14.507885,805.73083,27710.12245700426,1163.8448,1.2873753,0.0,0.0,0.0,0.0,1.6504745,0.7838888,0.86658573,44.049995,5.5014973,2.0,4.8369317,,,20.41031759763828,-13.183314226165454,288.47627570957985,5.242373331662772,0,4350.6255,4343.285,4357.7417,0.5075,0.374,0.1993,4247.141067123567,0,False,0.013996124,False,7.09965417001667,False,False,True
4087838104415873920,J19164975-1638577,219479319,0,0733-0836417,289.20732,-16.649498055555554,-0.634,-26.213,0.099,GaiaDR2 ,3.1916,0.0412,0.056,0.315,14.9409,1.7002,0.005331,12.905,12.13,0.035,,,41.9976,1.0,,0.498,0.0,Yes,No ,No ,No,0.289,5.741, ,0.497,-0.06,-0.0280628,No ,,,4196.0,0.681,K7,A_Y,20.0173,K2  ,3.4648000000000008,5.619500000000001,Yes,,1,O19,Gaia DR2 4087838104415873920,289.20732277777773,-16.649385,1.7002,4087838104415873920,0.04864836,-0.01558876,289.207320879329,-16.649501670155967,3.243500380041413,0.028455043,113.98683,-0.7345612920933924,-26.198980077605025,1.022185,2783.6233,14.925262,410.2578,19096.726847018712,879.92773,1.2892908,0.0,2.0,0.0,1.0,1.6933432,0.8135786,0.87976456,57.355736,10.949439,2.0,2.963322,,,20.684736165152444,-12.998301073710254,288.4627868542492,5.567168387181581,0,4404.4272,4387.3438,4439.5903,0.7208,0.5318,0.2813,4202.759915329104,0,False,0.01558876,False,7.480332216934855,False,False,True
4183947102991940608,J19170393-1608069,219675090,0,0738-0796976,289.26638999999994,-16.13537111111111,-1.419,-26.548,0.093,GaiaDR2 ,3.2686,0.0422,0.0,0.0,15.3196,1.8413,0.006264,13.147,12.358,0.035,,,40.25,2.0,0.099,-1.25,0.0,Yes,No ,No ,No,0.304,2.326, ,0.51,0.017,0.024044,   ,,,4042.1,0.64,K7,S_N,17.9,K2  ,17.669000000000004,6.048200000000001,Yes,K2 light curve noise is abnormally high. Smoothed version shows evidence for 17.9 day period. See Appendix D.6,1,O19,Gaia DR2 4183947102991940608,289.26639638888884,-16.135256666666663,1.8413,4183947102991940608,0.07339142,-0.015493393,289.26638543273185,-16.135374793730644,3.273680557025807,0.030780865,106.35441,-1.3357212402767833,-26.59144544601317,0.96483314,2556.7737,15.3040695,258.26456,14248.879876091649,732.21826,1.3146125,0.0,0.0,0.0,0.0,1.8510399,0.91041374,0.94062614,42.512077,6.4006205,2.0,3.9692771,,,21.1878133755194,-12.833693829431168,288.58732770854124,6.069349886323906,0,4275.014,4266.344,4331.8574,0.9185,0.665,0.3565,4045.6955693104974,0,False,0.015493393,False,7.879251014322634,False,False,True
4183867079159884672,J19175045-1637260,219489683,0,0733-0837963,289.46025,-16.624023055555554,-1.195,-26.047,0.096,GaiaDR2 ,3.3069,0.0468,0.0,1.62e-15,15.375,1.877,0.007157,13.182,12.317,0.035,,,41.8,1.0,,0.3,0.0,Yes,No ,No ,No,0.44,5.906, ,0.64,0.0553,-0.00535297,   ,,,4007.7,0.634,K7,A_Y,19.1114,K2  ,6.027400000000001,17.658700000000003,Yes,Appears to fall in the Kepler intermediate period gap. See Figure 18 in Appendix D.6,1,O19,Gaia DR2 4183867079159884672,289.4602552777777,-16.62391083333333,1.877,4183867079159884672,0.08083679,-0.019141197,289.46024887034486,-16.624026976055454,3.2728479609030043,0.030659601,106.7479,-1.0857820557577944,-26.22477132230552,1.0291002,2290.8997,15.355813,319.99213,13631.10459746561,983.08685,1.3137385,0.0,0.0,0.0,0.0,1.8693581,0.9251127,0.94424534,,,,,,,20.812758067550305,-13.207658315408654,288.7075199385307,5.560353674862474,0,4246.042,4237.2144,4250.107,0.8984,0.6486,0.3489,4008.457266365911,0,False,0.019141197,False,7.930442180260439,False,False,True
4087824807196545664,J19142085-1644558,219439085,0,0732-0863942,288.5869,-16.749011944444444,-1.494,-25.26,0.405,GaiaDR2 ,3.3976,0.1906,1.164,96.9,15.5517,2.0406,0.007211,13.143,12.291,0.038,,,42.3,1.0,,0.8,0.0,Yes,No ,Yes,No,0.622,13.95, ,1.481,0.146,-0.236245,   ,,,3867.1,0.616,M0,A_Y,19.7648,K2  ,3.927400000000001,5.722600000000001,Yes,,1,O19,Gaia DR2 4087824807196545664,288.5869066666666,-16.74890333333333,2.0406,4087824807196545664,0.44789287,0.03395462,288.5869015351232,-16.749015447209523,2.8829552464481587,0.15073016,19.126596,-1.1178989562952593,-25.769984868805743,3.8987453,378.48483,15.585686,419.218,12670.20044932454,675.583,1.4588319,0.0,2.0,0.0,0.0,2.0348768,0.9401283,1.0947485,,,,,,,20.33612271967673,-12.500878796828074,287.8578091228619,5.545409515203955,0,,,,,,,3848.050280189462,0,False,0.03395462,False,7.884875233334153,True,True,True
4084617394338908672,J19155492-1746148,218986703,0,0722-1105594,288.97883999999993,-17.77092611111111,-0.567,-28.766,0.161,GaiaDR2 ,3.6547,0.0679,0.19,1.92,15.8266,2.1041,0.011788,13.434,12.584,0.039,,,40.7,1.0,,-0.8,0.0,Yes,No ,Yes,No,1.391,34.988, ,2.171,0.4031,-0.128081,   ,,,3818.3,0.587,M0,A_Y,22.5664,K2  ,3.4922000000000004,8.046300000000002,Yes,,1,O19,Gaia DR2 4084617394338908672,288.9788425,-17.77080222222222,2.1041,4084617394338908672,0.09977492,-0.01841259,288.9788359600975,-17.77092985860262,3.606927565201128,0.041379485,87.167046,-0.4361944049392412,-29.054768390942016,1.0029255,1591.9373,15.808185,301.3263,9699.400519605437,606.12616,1.3490298,0.0,1.0,0.0,0.0,2.1205244,1.0933733,1.0271511,,,,,,,19.544904748480395,-13.268672717558896,288.0985198210973,4.483855840317673,0,3898.0444,3894.143,3902.1104,0.8367,0.5822,0.3276,3790.278646665254,0,False,0.01841259,False,8.593871727950335,False,False,True
4088060892960421248,J19133215-1617120,219619241,0,0737-0790774,288.38395999999995,-16.286806944444443,-0.474,-27.398,0.23,GaiaDR2 ,3.3611,0.0958,0.149,0.881,16.2221,2.2064,0.009849,13.766,12.843,0.04,,,,0.0,,,,Yes,No ,No ,,0.714,10.985, ,0.892,0.1095,-0.0166893,   ,14.703,13.842,3743.8,0.547,M1,A_Y,21.6887,K2  ,8.431900000000002,11.811200000000005,Yes,,1,O19,Gaia DR2 4088060892960421248,288.3839622222222,-16.286689166666665,2.2064,4088060892960421248,0.017996356,-0.02236557,288.38396354887215,-16.2868110827612,3.303622604370345,0.058508534,56.463943,-0.6149365522962449,-27.41537193039082,1.0557739,1411.7218,16.199697,148.90991,6935.189278815128,516.5802,1.362008,0.0,1.0,0.0,1.0,2.209466,1.1550179,1.0544481,,,,,,,20.68095718945502,-12.129413460987188,287.7227196576724,6.02854906181369,0,3837.815,3832.0613,3843.6765,0.9099,0.6267,0.3578,3703.157380197579,1,True,0.02236557,False,8.79464963962377,False,True,True
4087770239621640704,J19173100-1657159,219353203,0,0730-0981082,289.37918,-16.954553055555554,-1.369,-26.468,0.228,GaiaDR2 ,3.2982,0.0888,0.093,0.306,16.2387,2.203,0.010102,13.752,12.841,0.042,,,,0.0,,,,Yes,No ,No ,,0.639,5.828, ,0.48,0.0466,0.00968742,   ,,,3746.2,0.546,M1,A_Y,21.8097,K2  ,8.513500000000002,17.178100000000004,Yes,Used as a reference star for EPIC 219616992 in Figure 17 of Appendix D.5,1,O19,Gaia DR2 4087770239621640704,289.3791861111111,-16.954439166666663,2.203,4087770239621640704,0.02545744,-0.020023346,289.3791799802311,-16.954556387402807,3.3492130761222176,0.060106643,55.72118,-1.2373777535932025,-26.78948541112556,1.052159,1155.3186,16.218714,108.131226,6870.8508544966935,318.44073,1.3706069,0.0,1.0,1.0,0.0,2.2207508,1.1574059,1.063345,,,,,,,20.47098273746634,-13.275421291703635,288.5861462651191,5.243064373551452,0,3798.6387,3792.265,3806.9685,0.8199,0.5629,0.3243,3705.9252521962408,1,True,0.020023346,False,8.843427651017125,False,True,True
