ID,GaiaDR2,CLHW,RA_ICRS,DE_ICRS,__B-V_0,Vmag,__V-Ks_0,Prot,e_Prot,P90,Class,Binary,_RA_icrs,_DE_icrs,Teff_Mamajek,dr2_bp_rp,dr2_source_id,dr3_source_id,angular_distance,magnitude_difference,ra,dec,parallax,parallax_error,parallax_over_error,pmra,pmdec,ruwe,phot_g_mean_flux_over_error,phot_g_mean_mag,phot_bp_mean_flux_over_error,phot_rp_mean_flux,phot_rp_mean_flux_over_error,phot_bp_rp_excess_factor,phot_bp_n_contaminated_transits,phot_bp_n_blended_transits,phot_rp_n_contaminated_transits,phot_rp_n_blended_transits,bp_rp,bp_g,g_rp,radial_velocity,radial_velocity_error,rv_method_used,rv_expected_sig_to_noise,vbroad,vbroad_error,l,b,ecl_lon,ecl_lat,non_single_star,teff_gspphot,teff_gspphot_lower,teff_gspphot_upper,azero_gspphot,ag_gspphot,ebpminrp_gspphot,Teff_Curtis20,nbhr_count,flag_nbhr_count,M_G,flag_ruwe_outlier,flag_camd_outlier,flag_rverror_outlier,flag_possible_binary,flag_benchmark_period
615023.0,5339393292496121856,38427,167.21753999999999,-58.84441999999999,1.102,15.517,2.581,10.4707,0.3513,0.0207,1,0,167.21753999999999,-58.84441999999999,4689.788755260104,1.3708467,5339393292496121856,5339393292501472768,0.07340101,-0.015609741,167.2174453659632,-58.844383422478124,2.096867979644967,0.024899978,84.21164,-9.911254896438379,5.155043041033591,0.94382334,3364.8735,15.172483,495.23706,13436.594782894656,976.6718,1.2475271,2,0,0,1,1.3611498,0.615839,0.7453108,4.927515,7.911405,2,2.4507554,-1,-1,289.990347463006,1.4260012478001258,205.01024881218996,-56.16885015731192,0,4587.887,4571.914,4604.6875,0.1992,0.1526,0.0799,4497.3354,0,False,6.780338883339343,False,False,False,False,True
614028.0,5339394873021033600,42959,167.19216999999998,-58.805499999999995,0.962,14.979,2.222,8.9009,0.2568,0.021,2,0,167.19216999999998,-58.805499999999995,5004.2688543188015,1.2216702,5339394873021033600,5339394873021033600,0.057223257,-0.0111961365,167.1920597993279,-58.805465904890745,2.137693544290455,0.020974701,101.91771,-10.581536986856038,5.011833693765075,1.0145509,2429.4768,14.738667,538.46454,18921.146192838845,731.3908,1.2373092,0,41,0,39,1.2070904,0.5239506,0.6831398,-4.0647936,8.073645,2,3.6450286,-1,-1,289.96321292407794,1.4568466803275675,204.94463929086126,-56.15008005668583,0,4849.493,4833.2354,4860.749,0.1853,0.1458,0.0769,4759.7163,0,False,6.388393762915179,False,False,False,False,True
607456.0,5340146801547783168,72253,167.03203999999997,-58.712579999999996,1.425,16.894,3.416,11.6002,0.448,0.02,2,0,167.03203999999997,-58.712579999999996,4037.1766887808417,1.7682867,5340146801547783168,5340146801547783168,0.050507087,-0.01994896,167.03193520393413,-58.712565696918546,2.0723359110342416,0.04031845,51.399197,-10.652619643253475,5.315578402771228,0.9302841,1966.6625,16.28831,168.12772,5660.493280908434,434.046,1.3102813,0,0,0,0,1.7915239,0.8689747,0.92254925,nan,nan,-1,nan,-1,-1,289.8506618499161,1.5103999598014732,204.72153073433137,-56.14118236069926,0,4310.202,4302.526,4318.8594,0.7536,0.5475,0.2935,4006.7676,0,False,7.8706098615472655,False,False,False,False,True
nan,5340146973346422400,75186,167.01711999999998,-58.72663999999999,0.864,14.437,1.949,7.7074,0.274,0.041,1,0,167.01711999999998,-58.72663999999999,5279.149486450417,1.0859747,5340146973346422400,5340146973346422400,0.050818067,-0.011857033,167.01702864751553,-58.726611444852445,2.0702502174688404,0.016989792,121.8526,-10.72082102473796,4.7864603882768755,0.9414919,2356.6409,14.264432,447.8752,27521.283037042198,981.97284,1.2191305,0,1,0,0,1.0706444,0.45493603,0.61570835,12.396437,5.5819726,2,3.6066353,-1,-1,289.8489770195225,1.4944515378194354,204.7290981071619,-56.156655566720595,0,5151.185,5136.825,5163.793,0.1723,0.1388,0.0736,5061.133,0,False,5.844546148103008,False,False,False,False,True
nan,5338640470625323264,91700,166.93699999999998,-59.00835999999999,1.349,16.48,3.165,12.1241,0.3113,0.0275,2,0,166.93699999999998,-59.00835999999999,4225.849841444232,1.6715736,5338640470625323264,5338640470625323264,0.034161177,-0.01654625,166.93689799300176,-59.00830687195709,2.046936509275926,0.03593774,56.95785,-10.638590284927133,5.065460172083108,0.9372131,2560.1587,15.968784,414.8797,7244.081435175279,641.44415,1.2832696,0,2,0,2,1.6789885,0.8081417,0.87084675,nan,nan,-1,nan,-1,-1,289.92029487378863,1.2187972659306452,205.02976925998294,-56.38730105869985,0,4425.6836,4413.9204,4436.3257,0.6507,0.4803,0.254,4109.6104,0,False,7.524306193123959,False,False,False,False,True
nan,5338642772728010880,100275,166.89220999999998,-58.91949999999999,1.352,16.602,3.167,12.734,1.582,0.0192,2,0,166.89220999999998,-58.91949999999999,4224.314209856432,1.6913071,5338642772728010880,5338642772728010880,0.045096166,-0.018867493,166.89211043754926,-58.919482281348685,2.0576021039414627,0.036226947,56.797558,-10.17456504139883,4.86853793953304,0.95002276,2302.9758,16.059546,379.91156,6757.2417696014545,655.9,1.2923073,0,2,0,1,1.7076015,0.8215275,0.88607407,nan,nan,-1,nan,-1,-1,289.86441877650896,1.291614735504702,204.88781286197965,-56.3399728531898,0,4418.258,4411.096,4425.9727,0.7231,0.5321,0.2816,4088.0625,0,False,7.626352493565797,False,False,False,False,True
nan,5340158140262144256,102441,166.8755,-58.51299999999999,0.661,13.537,1.619,5.6298,0.0875,0.021,1,0,166.8755,-58.51299999999999,5677.799257197285,0.8870573,5340158140262144256,5340158140262144256,0.06017879,-0.010246277,166.87539252060083,-58.512969679825005,2.0999431958600177,0.013511151,155.42297,-9.94240847344379,5.295394284288567,0.95171744,2270.9146,13.352955,712.7189,58403.15068733427,935.9049,1.203257,0,1,0,0,0.87606525,0.35491562,0.52114964,9.355291,3.458369,2,9.764231,-1,-1,289.69785502661324,1.6625633908862323,204.36778967945813,-56.05426274940285,0,5653.6123,5626.313,5699.318,0.1264,0.1053,0.0564,5616.601,0,False,4.963992599937734,False,False,False,False,True
nan,5340150374960612096,103456,166.87232999999998,-58.642529999999994,0.96,14.872,2.273,8.2882,0.0894,0.0306,1,0,166.87232999999998,-58.642529999999994,4956.9985035108675,1.2017202,5340150374960612096,5340150374960612096,0.059677187,-0.010576248,166.8722242375485,-58.64250276766686,2.120793207974592,0.020715157,102.378815,-10.586029916456747,5.308025081022548,0.9189298,1998.8307,14.624854,389.5859,20768.217787305435,737.8903,1.2303969,0,2,0,0,1.188942,0.51848507,0.6704569,8.09714,6.159081,2,3.0787263,-1,-1,289.7468838803807,1.5426484139719419,204.52697759727792,-56.148598045032955,0,4913.023,4902.233,4922.837,0.2065,0.1629,0.0859,4799.9805,0,False,6.257345707135936,False,False,False,False,True
nan,5338646586659199360,112775,166.82799999999997,-58.81741999999999,0.723,13.785,1.588,6.1783,0.1329,0.022,1,0,166.82799999999997,-58.81741999999999,5719.816838950336,0.9364538,5338646586659199360,5338646586659199360,0.060730007,-0.00730896,166.82789182188685,-58.817398666075235,2.076081451626428,0.015523817,133.73524,-10.316995925143322,5.788435297837847,0.9827636,1674.6953,13.65462,362.7449,45257.222539653034,590.7117,1.2086031,0,0,0,1,0.92259884,0.37665462,0.5459442,-0.49907735,5.3063636,2,6.181047,-1,-1,289.7939934333597,1.3726477107674588,204.7164196759367,-56.290101399773384,0,5366.372,5339.973,5433.7817,0.0438,0.036,0.0193,5468.0996,0,False,5.240842112279726,False,False,False,False,True
nan,5338644147117395328,113128,166.82791999999998,-58.95005999999999,1.322,16.569,3.227,13.0016,1.442,0.0231,2,0,166.82791999999998,-58.95005999999999,4178.447255715115,1.6824522,5338644147117395328,5338644147117395328,0.056616154,-0.016674042,166.8278476184142,-58.9500035138598,2.070344522320369,0.037670817,54.958843,-10.433673906124982,6.116950587590644,1.0028782,2193.3352,16.013363,317.4272,6955.8321085413,590.8288,1.2831601,1,1,0,1,1.6811733,0.8098335,0.8713398,nan,nan,-1,nan,-1,-1,289.8457932153275,1.2505729973759632,204.88355021470647,-56.384979404183774,0,4412.898,4402.701,4421.7905,0.6415,0.473,0.2504,4097.7183,0,False,7.593575992706063,False,False,False,False,True
nan,5340151951168504448,117093,166.80320999999998,-58.56857999999999,0.796,14.263,1.888,7.4053,0.0713,0.028,1,0,166.80320999999998,-58.56857999999999,5346.668742336625,1.0363159,5340151951168504448,5340151951168504448,0.05980921,-0.01511097,166.80310335890806,-58.56855534897362,2.0636859936073972,0.017258415,119.575645,-10.073528651269042,5.265040562121801,0.9583928,1819.03,14.071206,557.38043,32178.38958285569,824.7042,1.2151666,0,0,0,0,1.0203619,0.42814064,0.59222126,6.461576,7.0676856,2,3.7644317,-1,-1,289.6848303841774,1.5966574186558375,204.38828496165337,-56.120462028514986,0,5243.2773,5228.899,5258.795,0.1312,0.1066,0.0567,5187.9795,0,False,5.64442417578366,False,False,False,False,True
nan,5338643631721180160,119186,166.79749999999999,-58.98452999999999,1.002,15.118,2.452,8.3342,0.2382,0.019,1,0,166.79749999999999,-58.98452999999999,4798.519131219744,1.255786,5338643631721180160,5338643631721180160,0.05308868,-0.010852814,166.79741635211442,-58.98446949978224,2.105903766602748,0.021841098,96.41932,-10.707269174517709,5.108716583389707,1.0034101,2465.9504,14.822452,434.35345,17743.571330996467,803.65,1.2386376,0,1,0,1,1.2429991,0.54584026,0.6971588,-5.182281,8.166433,2,4.263979,-1,-1,289.8448253912351,1.212716866117134,204.90689404126124,-56.42057667178942,0,4722.707,4678.2793,4748.15,0.1279,0.0996,0.0524,4693.8984,0,False,6.4396441983214014,False,False,False,False,True
nan,5340157934103590784,120087,166.78753999999998,-58.53493999999999,0.651,13.543,1.583,5.7008,0.3693,0.025,1,0,166.78753999999998,-58.53493999999999,5726.673638181859,0.8833399,5340157934103590784,5340157934103590784,0.05917081,-0.012849808,166.78743857756913,-58.53491729628788,2.1238949423195987,0.014479227,146.68565,-10.53940805542011,5.97392313092389,0.9120843,2244.3599,13.380472,529.92377,56782.59242125984,832.3229,1.201814,0,23,0,0,0.8720846,0.35396957,0.51811504,0.55911636,3.1798613,2,9.357883,-1,-1,289.66414169167723,1.624417618994101,204.33583943299809,-56.10193702961603,0,5496.486,5477.0547,5521.8516,0.0214,0.0177,0.0095,5627.959,0,False,5.016137336848857,False,False,False,False,True
nan,5340149756485184512,123294,166.77295999999998,-58.657529999999994,1.304,16.337,3.078,11.9567,0.5113,0.047,1,0,166.77295999999998,-58.657529999999994,4293.015244618313,1.6246767,5340149756485184512,5340149756485184512,0.059190392,-0.01422596,166.77283872675605,-58.657512260777125,2.14237000144456,0.032638766,65.63882,-10.406900955238674,5.745357853480324,1.0158015,2372.6167,15.845523,327.1307,7992.828770235986,852.5448,1.2762647,0,3,0,4,1.6402912,0.7859125,0.8543787,nan,nan,-1,nan,-1,-1,289.7051399705649,1.5086255776392432,204.47901675575224,-56.195352595571016,0,4449.343,4407.494,4460.1523,0.6153,0.4564,0.2407,4162.2666,0,False,7.499995273044572,False,False,False,False,True
nan,5338637928004227840,123324,166.77653999999998,-58.99349999999999,0.842,14.402,2.026,7.1269,0.3272,0.021,1,0,166.77653999999998,-58.99349999999999,5197.382795023113,1.0939436,5338637928004227840,5338637928004227840,0.06640905,-0.01269722,166.7764533907936,-58.99343941694883,2.0653270236716685,0.017942704,115.10678,-11.166628169964925,5.74939532013068,0.9698042,1905.9474,14.199994,508.31918,29363.132371161086,644.2309,1.2226387,0,0,0,0,1.077755,0.45615005,0.6216049,3.6358678,5.6682096,2,5.6306806,-1,-1,289.83839412470746,1.2002364574902682,204.9043107758735,-56.43454315941026,0,5049.49,5037.427,5061.1323,0.1371,0.1102,0.059,5041.5913,0,False,5.774938225126579,False,False,False,False,True
nan,5340169788214923136,125919,166.75736999999998,-58.507749999999994,0.701,13.777,1.674,5.6718,0.5847,0.0213,2,0,166.75736999999998,-58.507749999999994,5605.309579399563,0.9300623,5340169788214923136,5340169788214923136,0.07280732,-0.008290291,166.75726696934248,-58.50772873325165,2.066468889962105,0.0142491935,145.02357,-10.6510066254334,5.251055639777896,0.9668827,1773.6187,13.607268,406.8484,47125.3027058227,523.515,1.2074816,0,0,0,0,0.9168825,0.3743744,0.5425081,3.4160264,4.376279,2,7.559684,-1,-1,289.6389892803853,1.6432672855964692,204.2816696846713,-56.093305308143975,0,5559.38,5466.1,5590.1094,0.0903,0.0745,0.0398,5487.012,0,False,5.183412690936976,False,False,False,False,True
nan,5340151440112463360,128008,166.74782999999996,-58.61243999999999,1.194,15.77,2.839,9.8212,0.2783,0.0205,1,0,166.74782999999996,-58.61243999999999,4480.743448428534,1.4670143,5340151440112463360,5340151440112463360,0.042670257,-0.011597633,166.7477206429717,-58.612439344387795,2.088645170352885,0.02702028,77.29917,-10.580749406116354,5.180905001626082,0.94537973,1637.4219,15.409936,300.40793,11262.25296034291,581.25964,1.2618155,0,4,0,0,1.4658937,0.6747904,0.79110336,nan,nan,-1,nan,-1,-1,289.6754466154675,1.544976908919713,204.40579553886775,-56.17207316997351,0,4466.354,4444.265,4484.3774,0.2762,0.2083,0.1094,4357.76,0,False,7.009259281707193,False,False,False,False,True
nan,5338637378248240768,131583,166.73320999999999,-59.04082999999999,1.334,16.325,3.132,12.3472,0.6494,0.0309,1,0,166.73320999999999,-59.04082999999999,4251.243797394266,1.6322107,5338637378248240768,5338637378248240768,0.07667411,-0.0066251755,166.73311079774868,-59.04078725944693,2.222451854164291,0.03379052,65.771454,-11.11861958857516,5.244307346920294,0.9977031,1259.3488,15.815416,218.16605,8352.388737704263,403.60956,1.2949933,0,27,0,27,1.647028,0.77498055,0.8720474,nan,nan,-1,nan,-1,-1,289.83641009440885,1.1479324615257727,204.93555391734114,-56.483956109268355,0,4318.7124,4298.5054,4344.1724,0.537,0.3961,0.2102,4153.6465,0,False,7.549578143332113,False,False,False,False,True
nan,5340161576236740480,136896,166.70103999999998,-58.62818999999999,0.892,14.561,1.998,7.5786,0.5601,0.018,1,0,166.70103999999998,-58.62818999999999,5226.689118123006,1.1100788,5340161576236740480,5340161576236740480,0.06841104,-0.012151718,166.70094227722987,-58.62819441473792,2.096678834314968,0.017359663,120.77877,-10.668302627508266,4.243415716643732,1.004596,2289.6482,14.353413,795.2272,25678.967594275997,879.8545,1.2219665,0,4,0,1,1.0995808,0.47011948,0.6294613,10.635781,7.5752416,2,4.4851413,-1,-1,289.6592129210839,1.520931507711143,204.39404934725798,-56.200336167758934,0,5031.7607,5020.652,5044.1763,0.1298,0.1039,0.0551,5002.761,0,False,5.9610721835359985,False,False,False,False,True
nan,5340161090862579712,143715,166.66403999999997,-58.666169999999994,0.867,14.453,1.999,8.0823,0.6592,0.0203,2,0,166.66403999999997,-58.666169999999994,5225.634318715982,1.096137,5340161090862579712,5340161090862579712,0.063221894,-0.009822845,166.66392881571784,-58.66615325539226,2.101746161471651,0.017414322,120.69067,-9.702304478677117,5.207218645903468,1.1585696,2542.1348,14.24661,662.34534,28219.837313555665,571.55304,1.2238739,0,1,0,1,1.0839224,0.45882225,0.62510014,-1.4601207,4.44576,2,3.9665396,-1,-1,289.6564094206783,1.4784591245175098,204.4167149136826,-56.24099263324209,0,5098.504,5084.925,5111.8335,0.1456,0.1169,0.062,5036.2686,0,False,5.859511002381776,False,False,False,False,True
nan,5338638683918409600,144412,166.66278999999997,-58.97885999999999,1.082,15.397,2.532,10.1515,0.5347,0.017,1,0,166.66278999999997,-58.97885999999999,4730.658353729581,1.3487625,5338638683918409600,5338638683918409600,0.06854314,-0.01593399,166.66266886502441,-58.97879839005793,2.0641987716119514,0.023476059,87.927826,-10.233051758522791,5.024944220715186,1.0229026,2281.5535,15.068316,620.39606,14637.555499082353,776.5104,1.2439343,0,0,1,0,1.3368006,0.60270786,0.7340927,nan,nan,-1,nan,-1,-1,289.7787089578314,1.1907120584115614,204.81004849973496,-56.4651622821205,0,4564.749,4549.7456,4578.6357,0.1257,0.0964,0.0506,4532.3037,0,False,6.64207403600564,False,False,False,False,True
729159.0,5338611574082373120,145764,166.65703999999997,-59.17821999999999,1.037,15.191,2.404,9.2557,0.294,0.016,2,0,166.65703999999997,-59.17821999999999,4840.023322757763,1.2908344,5338611574082373120,5338611574082373120,0.051406957,-0.013037682,166.6569004247084,-59.17818743488773,2.1286488911878485,0.020470465,103.98634,-10.645000128566995,4.653425123382443,1.0285349,3206.364,14.894782,461.76678,16871.506267048164,960.75854,1.2465913,0,42,0,40,1.2733822,0.5586109,0.7147713,7.43156,5.217281,2,3.3899133,-1,-1,289.85435772294153,1.0062014896691127,205.060046821588,-56.60925541811011,0,4729.455,4717.9956,4741.5986,0.2018,0.157,0.0826,4630.0884,0,False,6.5353022307591875,False,False,False,False,True
nan,5340160957761692800,146112,166.65137,-58.69241999999999,0.786,14.148,1.812,6.9734,0.0868,0.027,1,0,166.65137,-58.69241999999999,5434.47175144943,1.0088148,5340160957761692800,5340160957761692800,0.07228659,-0.008774757,166.65126263343245,-58.69239698278632,2.092371359015498,0.0155214835,134.80486,-10.520056557044988,6.230157914708434,0.90545845,1825.7727,13.960544,534.30743,35354.094127546785,474.66034,1.2160498,0,0,0,1,0.99748325,0.4137354,0.58374786,11.437701,6.2687736,2,5.7057457,-1,-1,289.6606727462207,1.4517398178327816,204.44112548652032,-56.264406075653255,0,5405.2256,5393.7188,5415.969,0.1963,0.1606,0.0855,5261.9614,0,False,5.563737465745184,False,False,False,False,True
nan,5340163981418477440,146813,166.64616999999998,-58.529059999999994,1.259,16.143,3.003,11.3567,0.3769,0.022,2,0,166.64616999999998,-58.529059999999994,4351.43782547447,1.5557652,5340163981418477440,5340163981418477440,0.023122642,-0.01705265,166.64604637420774,-58.5290301455889,2.0134821209744858,0.030781334,65.41244,-10.308061926273643,5.59203554931727,1.027277,2699.9978,15.693412,406.04413,8945.678903289117,682.72784,1.2699224,0,0,0,0,1.5541649,0.7296152,0.8245497,nan,nan,-1,nan,-1,-1,289.5939110212519,1.6008778135060575,204.2332337093739,-56.148967537457246,0,4495.467,4485.719,4503.3267,0.4277,0.3199,0.1684,4243.6367,0,False,7.213150714965575,False,False,False,False,True
nan,5338658921806764672,149663,166.63241999999997,-58.81157999999999,0.995,14.983,2.311,8.6528,0.1174,0.022,1,0,166.63241999999997,-58.81157999999999,4922.4480206699345,1.2100725,5338658921806764672,5338658921806764672,0.07630505,-0.01034832,166.63234380204707,-58.811551685950775,2.0917562700057366,0.02116376,98.8367,-10.504470721324015,5.590066087985625,0.9339253,2702.2114,14.694779,485.0018,19656.10230651829,645.1885,1.23726,0,26,0,9,1.2002792,0.5196514,0.6806278,7.950377,7.01356,2,3.4263978,-1,-1,289.69852414602485,1.3383278287418956,204.57832834555794,-56.356613193410226,0,4867.748,4858.6177,4877.118,0.1954,0.1538,0.081,4782.9653,0,False,6.297334793309215,False,False,False,False,True
nan,5340164874771895296,149841,166.62917,-58.49618999999999,0.717,13.777,1.689,6.0673,0.1505,0.023,1,0,166.62917,-58.49618999999999,5585.987616901222,0.9357815,5340164874771895296,5340164874771895296,0.06348506,-0.010341644,166.62906245588695,-58.49617641490599,2.090008467411038,0.013987252,149.42238,-9.954972992706152,5.38860304699073,0.87869036,2585.05,13.612207,629.2726,46909.192539318086,1032.8892,1.2054031,0,0,0,1,0.9211626,0.37870598,0.5424566,-0.512173,3.6159503,2,6.801573,-1,-1,289.5728224878101,1.6275927329168658,204.18082162006291,-56.13149465587893,0,5539.3643,5514.863,5602.435,0.1454,0.1202,0.0642,5470.089,0,False,5.21294764074495,False,False,False,False,True
nan,5338659127965237632,151683,166.62145999999998,-58.779579999999996,0.787,14.099,1.739,6.2718,0.5762,0.0212,2,0,166.62145999999998,-58.779579999999996,5522.931238058379,1.0012379,5338659127965237632,5338659127965237632,0.07343264,-0.014056206,166.62134531917084,-58.7795584170765,2.1051054521082513,0.016909186,124.49479,-10.206749493907788,5.335772482322598,0.9207527,2157.1826,13.959886,576.0761,35202.030521179775,470.7238,1.214807,0,21,0,0,0.98713493,0.40872574,0.5784092,4.7518606,3.2842264,2,6.4154706,-1,-1,289.68069131902007,1.3654977845542449,204.53065118556836,-56.33769275406479,0,5415.9336,5406.956,5424.6167,0.1871,0.1532,0.0817,5282.796,0,False,5.576254877473726,False,False,False,False,True
nan,5338659883879549696,154778,166.60557999999997,-58.72196999999999,0.79,14.074,1.789,5.7422,0.1423,0.026,1,0,166.60557999999997,-58.72196999999999,5461.893477147756,0.9988136,5338659883879549696,5338659883879549696,0.06584686,-0.012554169,166.6054581058034,-58.721958866490745,2.086485962877504,0.016521286,126.29077,-10.778913255328211,5.294685560916512,0.928939,1679.1405,13.903183,404.8089,37022.44393104459,531.4207,1.2121793,0,3,0,2,0.98809147,0.41164112,0.57645035,5.402617,4.277366,2,6.977607,-1,-1,289.6504297723772,1.41520101866007,204.44752770358232,-56.30218579635164,0,5458.3486,5448.418,5468.417,0.2303,0.1887,0.1006,5289.499,0,False,5.500260319805664,False,False,False,False,True
nan,5340164290656319232,155755,166.59917,-58.54082999999999,0.732,13.884,1.672,5.9405,0.0998,0.0173,1,0,166.59917,-58.54082999999999,5607.900153047007,0.95680714,5340164290656319232,5340164290656319232,0.058931563,-0.008260727,166.5990487821045,-58.54080455860375,2.0629816973404194,0.014931099,138.16678,-10.975639192768936,4.8348016134483425,0.90672755,1952.7814,13.744938,557.7851,41978.03580406945,786.30896,1.2079647,0,1,0,0,0.94447994,0.3898821,0.55459785,5.08191,6.458238,2,5.106552,-1,-1,289.57598696133283,1.5803980894680263,204.2162505697936,-56.17448238171573,0,5338.8945,5320.111,5361.787,0.0659,0.054,0.0289,5408.5723,0,False,5.317414771496551,False,False,False,False,True
nan,5340164359375784576,159620,166.57924999999997,-58.53763999999999,0.722,13.919,1.752,5.7242,0.7162,0.0263,2,0,166.57924999999997,-58.53763999999999,5506.870414644545,0.96440697,5340164359375784576,5340164359375784576,0.06492235,-0.009080887,166.57913076642492,-58.53760299039649,2.095353187582846,0.016131924,129.88861,-11.561806924797574,4.781241680712332,1.1281037,1983.9703,13.739268,577.2434,42538.900730122274,730.82263,1.2129492,0,23,0,18,0.9546919,0.3913536,0.5633383,-1.6008612,4.877192,2,6.8031926,-1,-1,289.56516688937165,1.5792440818129252,204.19882665645193,-56.179407061095546,0,5243.332,5211.641,5262.9595,0.0303,0.0247,0.0133,5386.64,0,False,5.34555448833186,False,False,False,False,True
nan,5340162710108101376,161238,166.57025,-58.58832999999999,0.738,13.946,1.71,6.6012,0.0823,0.025,1,0,166.57025,-58.58832999999999,5559.253020216781,0.9603882,5340162710108101376,5340162710108101376,0.06051833,-0.01215744,166.57016079730334,-58.588296489126314,2.0723255198650476,0.014835733,139.68474,-10.397243381116795,5.0818464657534825,0.9906856,2057.894,13.769059,521.9064,41076.16907354745,864.3028,1.2088277,0,0,0,0,0.94392014,0.38878155,0.5551386,8.62127,4.831627,2,6.3265324,-1,-1,289.5808597623965,1.5308123438496235,204.25616085157,-56.21908580519285,0,5393.9023,5378.662,5406.045,0.0925,0.076,0.0406,5398.218,0,False,5.351349057180894,False,False,False,False,True
nan,5338657616137080960,166304,166.54274999999998,-58.82663999999999,0.709,13.783,1.647,6.004,0.1015,0.033,1,0,166.54274999999998,-58.82663999999999,5640.570188979795,0.9294691,5338657616137080960,5338657616137080960,0.06072353,-0.012969971,166.54267036742354,-58.82661770755951,2.102931708969773,0.014883895,141.28906,-10.62998657160094,4.7929348993363226,0.9457238,2464.2268,13.605344,610.579,47174.156947622694,844.1544,1.206824,0,2,0,1,0.9163952,0.37468624,0.54170895,4.7225556,3.2354457,2,8.877228,-1,-1,289.66177967540585,1.3061862727164726,204.5373631295331,-56.39983366156832,0,5573.2256,5566.34,5581.039,0.112,0.0924,0.0493,5488.778,0,False,5.219469666406303,False,False,False,False,True
nan,5338660811592507648,168536,166.52920999999998,-58.673829999999995,0.943,14.858,2.191,8.7817,0.6494,0.0216,1,0,166.52920999999998,-58.673829999999995,5033.5459276963575,1.1876974,5338660811592507648,5338660811592507648,0.07062187,-0.011684418,166.52910472774826,-58.673812465677756,2.0902780644670513,0.020743283,100.76891,-10.952235314437585,5.279006361773751,0.95808,2292.7424,14.602309,161.43811,21185.662558837907,477.46902,1.2377611,5,0,1,1,1.1687737,0.49925518,0.6695185,-2.6900356,8.622719,2,3.723194,-1,-1,289.59497158099185,1.443802470908565,204.33577649451198,-56.29533532710631,0,4864.6147,4852.8247,4877.354,0.1326,0.1047,0.0553,4829.0933,0,False,6.203329542308111,False,False,False,False,True
nan,5338648476445366656,168745,166.52953999999997,-59.043859999999995,0.596,13.231,1.419,4.2815,0.0347,0.0262,1,0,166.52953999999997,-59.043859999999995,5964.161549805402,0.8254452,5338648476445366656,5338648476445366656,0.07091128,-0.012096405,166.5294683962659,-59.04382201534953,2.077432360400113,0.011716008,177.31572,-10.854754404610768,4.689158860663695,0.9621808,2185.5034,13.118972,915.4552,70364.98770304007,1119.3046,1.198063,0,1,0,1,0.8149557,0.3254881,0.48946762,4.5478296,3.1424441,2,10.908535,-1,-1,289.74127777343404,1.1039315507033876,204.80408744911395,-56.55961105261927,0,5658.4746,5646.2705,5674.0156,0.0113,0.0094,0.0051,5806.7637,0,False,4.706606286606146,False,False,False,False,True
nan,5340168173306731136,169086,166.52499999999998,-58.44832999999999,1.454,17.672,nan,13.2807,0.2678,0.0387,1,0,166.52499999999998,-58.44832999999999,nan,2.0630016,5340168173306731136,5340168173306731136,0.10621322,-0.018157959,166.52488402598755,-58.448296883295626,2.2006051893490763,0.061719224,35.6551,-11.003040538822152,4.931683803948808,1.0654205,1191.1152,16.964851,81.77016,3425.982134218311,56.49773,1.3948001,0,2,0,1,2.0731945,1.0192757,1.0539188,nan,nan,-1,nan,-1,-1,289.5038541610458,1.650117278572021,204.05081435665724,-56.134859578500446,0,3895.83,3845.2913,3974.4019,0.5572,0.3898,0.2191,3730.4414,0,False,8.67756204316681,False,False,False,False,True
nan,5340164496814686592,171990,166.50812,-58.541329999999995,1.126,15.636,nan,10.127,0.3361,0.025,2,0,166.50812,-58.541329999999995,nan,1.4041309,5340164496814686592,5340164496814686592,0.09125602,-0.011929512,166.50804305858026,-58.54128704938523,2.0982975694890875,0.02543024,82.5119,-9.896993149639712,5.661088487951602,1.0241095,1997.8905,15.264498,492.0303,12514.440890774049,786.73395,1.2515653,0,22,0,1,1.3958282,0.63569736,0.7601309,nan,nan,-1,nan,-1,-1,289.5325194615769,1.5612152606805954,204.15550433961195,-56.20785155156545,0,4589.3184,4580.2773,4598.9424,0.2689,0.2051,0.1074,4446.828,0,False,6.873833144842234,False,False,False,False,True
nan,5338650538029838336,172714,166.50549999999998,-58.95288999999999,0.81,14.233,1.853,7.0756,0.1089,0.0272,1,0,166.50549999999998,-58.95288999999999,5386.579818551009,1.0198193,5338650538029838336,5338650538029838336,0.06473028,-0.009114265,166.50541173918234,-58.952866600177465,2.1109855788718517,0.016174955,130.5095,-10.670770620414645,5.01824170646639,0.9932119,2246.4502,14.0217285,484.316,33418.89339675216,564.7999,1.2108941,0,1,0,0,1.0090027,0.42518997,0.5838127,5.660863,3.549005,2,7.2133703,-1,-1,289.69395854957054,1.1825966588641048,204.67238853262916,-56.50347332107742,0,5286.455,5274.1064,5298.4517,0.1515,0.1232,0.0655,5232.0547,0,False,5.64415484787202,False,False,False,False,True
nan,5338660261836641280,173132,166.50221,-58.70980999999999,1.262,16.215,3.009,12.0072,0.9463,0.033,1,0,166.50221,-58.70980999999999,4346.747505126827,1.5706139,5338660261836641280,5338660261836641280,0.12608042,-0.012277603,166.502117700642,-58.7097875044124,2.0947111134461505,0.032954466,63.563805,-10.163389015101432,5.52955037887297,0.998176,2479.998,15.725542,171.2208,8795.039437184318,476.24088,1.279277,0,0,0,0,1.5739164,0.7356758,0.8382406,nan,nan,-1,nan,-1,-1,289.59630149780173,1.4052136582841166,204.36288925431467,-56.330898182210646,0,4405.733,4398.838,4416.434,0.4555,0.3393,0.1789,4225.6113,0,False,7.331162752756253,False,False,False,False,True
514157.0,5340174461139178112,176486,166.48207999999997,-58.380559999999996,1.488,17.98,3.983,14.1119,0.609,0.0252,1,0,166.48207999999997,-58.380559999999996,3671.7363096085974,2.069107,5340174461139178112,5340174461139178112,0.09812656,-0.013475418,166.48199071567728,-58.38052439247089,2.041579127777347,0.0644448,31.679499,-10.591872337003593,4.210257330862274,1.0504922,1020.71906,17.139818,78.24219,2875.163302272065,390.6809,1.3644698,0,1,0,1,2.1158066,1.0772285,1.038578,nan,nan,-1,nan,-1,-1,289.4564082150723,1.7034900666523158,203.93744531030416,-56.10164101415569,0,3746.9263,3736.8381,3758.5127,0.6534,0.4529,0.2571,3725.2754,0,False,8.689649276651718,False,False,False,False,True
514049.0,5340176625802764672,176801,166.47986999999998,-58.285109999999996,0.909,14.745,2.177,7.8962,0.0443,0.0201,2,0,166.47986999999998,-58.285109999999996,5046.910816990996,1.1580954,5340176625802764672,5340176625802764672,0.050863322,-0.011588097,166.4797796258241,-58.285100594306655,2.083836325666064,0.018214589,114.40479,-11.027126832835208,5.4328687663810875,0.98778224,2620.019,14.502099,537.4567,22832.878383007657,840.1309,1.2274879,0,2,0,2,1.142314,0.49170876,0.6506052,10.805928,7.17887,2,4.8189487,-1,-1,289.41757383107495,1.7906700033802407,203.81750743663582,-56.03363645337729,0,4971.849,4963.041,4981.007,0.1668,0.1325,0.07,4892.7847,0,False,6.096417059320377,False,False,False,False,True
513484.0,5340168448184315264,179259,166.46582999999998,-58.42002999999999,1.002,15.169,2.34,9.8657,0.0835,0.0274,1,0,166.46582999999998,-58.42002999999999,4896.436453483072,1.2672281,5340168448184315264,5340168448184315264,0.03945455,-0.013279915,166.4657169924024,-58.420007171408876,2.0887301703927093,0.021821702,95.718025,-11.083601104538147,5.0593493103456115,0.96516824,2926.633,14.8754425,528.66864,16881.971671553256,1259.7968,1.2350174,0,1,0,0,1.2490091,0.5529041,0.696105,-1.3557541,8.985535,2,3.4917333,-1,-1,289.46420337044805,1.6638556133468632,203.97556304709298,-56.135992970968516,0,4721.771,4710.84,4732.699,0.1346,0.1048,0.0552,4672.6685,0,False,6.474854204357367,False,False,False,False,True
nan,5340165836844450048,179416,166.46520999999998,-58.55355999999999,0.87,14.571,2.059,8.3808,0.3968,0.025,1,0,166.46520999999998,-58.55355999999999,5163.4397294971395,1.1074476,5340165836844450048,5340165836844450048,0.057676528,-0.011722565,166.46509848883062,-58.553532641334456,2.095484165740837,0.0176134,118.97102,-11.306137506119317,4.912391909159976,0.9855834,2496.101,14.341302,796.7447,25914.018285334478,939.9031,1.2227347,1,0,0,0,1.0920639,0.46482086,0.62724304,-7.590315,6.341131,2,3.5896845,-1,-1,289.5167754188125,1.5411058767575125,204.14187103377833,-56.23223641118147,0,5071.7437,5060.8657,5082.452,0.1529,0.1225,0.0649,5009.03,0,False,5.947723835486446,False,False,False,False,True
nan,5338648820042750720,181036,166.45654,-59.017779999999995,1.106,15.465,2.564,10.1988,0.2243,0.023,2,0,166.45654,-59.017779999999995,4703.914232910489,1.3640823,5338648820042750720,5338648820042750720,0.05942841,-0.014398575,166.45646013398388,-59.01774897582515,2.093024963745139,0.021922702,95.47295,-10.613069002979122,4.756434771289186,0.9992391,2883.173,15.1411495,514.27515,13782.915888016661,977.9258,1.2452911,0,0,0,0,1.3558302,0.6142235,0.7416067,nan,nan,-1,nan,-1,-1,289.69645390243716,1.1130288338121173,204.72231190000014,-56.5674113585093,0,4554.459,4533.4497,4575.274,0.1515,0.1159,0.0608,4507.927,0,False,6.745021562118595,False,False,False,False,True
nan,5340165905563911680,182379,166.44707999999997,-58.55610999999999,1.11,15.512,2.664,10.1965,0.4988,0.023,1,0,166.44707999999997,-58.55610999999999,4621.551429669519,1.3799009,5340165905563911680,5340165905563911680,0.05122265,-0.014726639,166.44701400769276,-58.55606395782305,2.0923998815804516,0.02327796,89.887596,-10.406940180324543,5.658257502442316,1.0220655,2432.8762,15.154768,398.4663,13720.095115186426,937.0913,1.2514999,0,0,0,0,1.3657122,0.61544704,0.7502651,nan,nan,-1,nan,-1,-1,289.5091113575562,1.5350462345449125,204.13284828425498,-56.24061907717859,0,4581.4844,4503.1836,4602.415,0.2027,0.1552,0.0813,4483.3613,0,False,6.7579914239946355,False,False,False,False,True
nan,5338660399275946496,183650,166.44007999999997,-58.72363999999999,0.799,14.385,1.964,7.6701,0.1698,0.0235,1,0,166.44007999999997,-58.72363999999999,5262.927241444698,1.0525694,5338660399275946496,5338660399275946496,0.053544734,-0.010196686,166.43999009187795,-58.72360597801016,2.061237255853518,0.017106188,120.49658,-10.484489874799863,4.474921681157586,0.93799657,2980.337,14.142386,684.55475,30342.13122188639,817.1848,1.2148745,1,1,0,1,1.0394669,0.43986034,0.5996065,5.191604,3.403644,2,6.4176683,-1,-1,289.5721338009494,1.379758007605252,204.33859663949605,-56.36330955874354,0,5225.699,5213.813,5237.4688,0.1634,0.1323,0.0702,5145.493,0,False,5.713026354062201,False,False,False,False,True
nan,5338649743409734144,184727,166.43366999999998,-58.95971999999999,1.101,15.526,2.49,10.6999,0.2803,0.02,1,0,166.43366999999998,-58.95971999999999,4766.095238898735,1.3639822,5338649743409734144,5338649747760368384,0.080458924,-0.015800476,166.4335651549204,-58.95968539424483,2.1158933786056724,0.024565777,86.13175,-10.195172621849663,5.823033623608638,0.9912184,2798.7056,15.170291,394.90247,13451.612340671421,709.25977,1.2488635,0,6,0,6,1.3546629,0.61033154,0.74433136,5.5655107,10.464024,2,2.110005,-1,-1,289.6626227328658,1.1616746942345029,204.6331589911555,-56.53430997064431,0,4524.4395,4511.5767,4539.031,0.108,0.0826,0.0433,4508.086,0,False,6.797759844471219,False,False,False,False,True
nan,5338660364915795968,186143,166.42445999999998,-58.72513999999999,1.105,15.457,2.569,10.3226,0.4565,0.021,2,0,166.42445999999998,-58.72513999999999,4699.753889070382,1.347229,5338660364915795968,5338660364915795968,0.04744813,-0.0104055405,166.42436313559892,-58.72510738104917,2.083861555700245,0.023532998,88.55062,-10.52866130365799,5.598203713034569,0.97009075,2758.2996,15.102797,404.83002,14250.854339455918,897.05963,1.2485042,0,0,0,0,1.3410788,0.60157585,0.7395029,nan,nan,-1,nan,-1,-1,289.5652778412042,1.3751650645212814,204.33000194685383,-56.37004831303643,0,4596.33,4558.729,4619.712,0.175,0.1343,0.0704,4534.796,0,False,6.697140867643711,False,False,False,False,True
nan,5338649060560828672,188826,166.40837,-59.04035999999999,0.909,14.601,2.074,8.0286,0.1208,0.037,1,0,166.40837,-59.04035999999999,5148.217083903663,1.1313972,5338649060560828672,5338649060560828672,0.08384786,-0.013896942,166.40829463802532,-59.040337765784436,2.1317175198711213,0.017350284,122.863556,-10.809608979119574,5.262688617113032,0.97143626,1963.2782,14.384717,427.1277,25117.410978454824,754.20715,1.2234223,0,1,0,1,1.1152534,0.47849464,0.6367588,3.6878986,9.432014,2,5.6197667,-1,-1,289.6826422987001,1.082468805129654,204.7190648240608,-56.600898789936764,0,5025.108,5015.922,5033.5317,0.1591,0.127,0.0671,4952.9106,0,False,6.028365260280346,False,False,False,False,True
nan,5338663526012037376,190221,166.39945999999998,-58.680859999999996,0.733,14.001,1.751,6.4265,0.2222,0.019,1,0,166.39945999999998,-58.680859999999996,5508.100957549026,0.9693613,5338663526012037376,5338663526012037376,0.0522583,-0.019516945,166.39935120788277,-58.6808358870776,2.0574590842749547,0.0147418585,139.5658,-10.18974780273134,5.816636510605671,0.9782876,1516.5378,13.806339,335.9649,39857.851996281745,383.08557,1.2098168,0,0,0,0,0.9527683,0.3930397,0.5597286,11.117832,3.747255,2,6.1680036,-1,-1,289.53578740806057,1.4106560935931742,204.25743156233204,-56.34741041330214,0,5398.4287,5384.982,5412.251,0.1122,0.0922,0.0492,5372.4224,0,False,5.37299530071229,False,False,False,False,True
nan,5338650022633674368,192746,166.38395999999997,-58.952279999999995,0.801,14.164,1.844,7.1136,0.1803,0.0191,2,0,166.38395999999997,-58.952279999999995,5396.985942843661,1.01795,5338650022633674368,5338650022633674368,0.07774704,-0.012236595,166.3838550277731,-58.95225452570649,2.0751318140903954,0.015817665,131.19078,-10.47189339498941,5.209400130553232,0.89330703,2874.465,13.960292,667.0322,35283.86922814027,1077.603,1.2112924,0,0,0,0,1.002017,0.42068005,0.581337,-0.6596,2.892432,2,7.692604,-1,-1,289.6361368566656,1.15833185894244,204.59056045290524,-56.54698959998754,0,5355.192,5343.3657,5406.8345,0.1234,0.1004,0.0533,5237.106,0,False,5.545520305834124,False,False,False,False,True
nan,5338664277577565056,193086,166.38182999999998,-58.62696999999999,0.631,13.488,1.524,5.2012,0.1155,0.021,1,0,166.38182999999998,-58.62696999999999,5809.275905850165,0.8783264,5338664277577565056,5338664277577565056,0.05689373,-0.011815071,166.38173203973344,-58.62692935214859,2.1246510284179663,0.012400723,171.33282,-10.319307899281187,4.845692197688179,1.0323839,3590.6565,13.339563,901.2905,58923.24070921915,1195.3567,1.2020689,0,0,0,0,0.8698797,0.3524952,0.5173845,6.888138,4.379083,2,8.641715,-1,-1,289.50597464920776,1.4565001619602895,204.17777398553224,-56.31516607754499,0,5708.7153,5700.3037,5719.456,0.1027,0.0856,0.0458,5643.3203,0,False,4.97600140902798,False,False,False,False,True
nan,5338664281926278272,195000,166.37004,-58.618219999999994,0.922,14.722,2.127,9.0693,0.5303,0.018,1,0,166.37004,-58.618219999999994,5095.410359641468,1.1490965,5338664281926278272,5338664281926278272,0.07317665,-0.013791084,166.36995659786473,-58.6181812841892,2.1281181274089387,0.017205603,123.6875,-10.214387736719555,5.549138589827006,0.9180173,864.7402,14.428814,190.00397,24309.7340223113,294.25665,1.225391,0,8,0,2,1.133337,0.48796844,0.6453686,5.399045,7.485245,2,4.8776174,-1,-1,289.4968713465145,1.4620951114056533,204.15885376317442,-56.31316653909384,0,5014.7656,4997.213,5030.747,0.1971,0.1573,0.0835,4912.7544,0,False,6.068792589701566,False,False,False,False,True
nan,5340166936356024704,195463,166.36736999999997,-58.52046999999999,0.742,14.003,1.746,6.4334,0.5215,0.025,1,0,166.36736999999997,-58.52046999999999,5514.2661265356855,0.9850817,5340166936356024704,5340166936356024704,0.048845943,-0.014054298,166.36728427998602,-58.52045096500735,2.081451008684577,0.013801294,150.81564,-11.156845181144991,5.001819267465663,0.9865864,2967.2913,13.802761,608.9246,40279.227465528005,966.22,1.2109079,0,0,0,0,0.9692793,0.4017105,0.5675688,5.6121173,3.693648,2,7.3504014,-1,-1,289.45676778512563,1.551235302975252,204.03446876391496,-56.24399396200124,0,5300.026,5286.4263,5310.767,0.0937,0.0767,0.041,5327.835,0,False,5.394592044438408,False,False,False,False,True
nan,5338663624745103232,196197,166.36262,-58.68335999999999,1.472,17.444,3.681,15.047,0.7194,0.0334,2,0,166.36262,-58.68335999999999,3852.1315591356242,1.870553,5338663624745103232,5338663624745103232,0.032513753,-0.023677826,166.36253001017025,-58.68332725215854,2.0222747578976175,0.050962463,39.681652,-9.953611874301728,5.469904220088682,0.99179685,1605.8654,16.734602,108.18761,3971.210296024612,323.96695,1.3378602,0,30,0,27,1.9570284,0.97301483,0.98401356,nan,nan,-1,nan,-1,-1,289.5192044834224,1.4007724593847108,204.23582406135895,-56.362549640856976,0,3710.366,3694.8894,3732.3337,0.3398,0.2386,0.1312,3904.6846,0,False,8.263802779556183,False,False,False,False,True
nan,5338655107875129088,196603,166.35995999999997,-58.856939999999994,0.919,14.717,2.07,7.3119,0.5552,0.0221,1,0,166.35995999999997,-58.856939999999994,5152.264123346035,1.1515846,5338655107875129088,5338655107875129088,0.06939467,-0.012872696,166.35985740936323,-58.856925357243334,2.0960812850385326,0.018758377,111.74108,-10.499463986085534,4.9275538193680575,0.9359484,2479.4534,14.494283,630.20184,22895.545668803123,875.46204,1.2252675,0,15,0,16,1.134676,0.48891163,0.64576435,11.497261,6.757513,2,4.2722,-1,-1,289.58690269400745,1.2409049748721752,204.45345030474536,-56.48766324702155,0,4992.7295,4984.2617,5003.8315,0.1742,0.1386,0.0733,4907.21,0,False,6.101323324335018,False,False,False,False,True
nan,5338661773665473536,197774,166.35303999999996,-58.732859999999995,0.698,13.753,1.615,6.1151,0.0905,0.0333,2,0,166.35303999999996,-58.732859999999995,5683.173330806826,0.92163086,5338661773665473536,5338661773665473536,0.06464458,-0.010609627,166.35294336847917,-58.73283869829637,2.077826674850457,0.014346098,144.83568,-10.896749287393819,5.2695786913135265,0.92154455,1770.2377,13.58013,487.8749,48103.54903395029,626.408,1.2051169,1,0,0,0,0.9105396,0.37286282,0.5376768,1.256781,7.416881,2,6.900002,-1,-1,289.5343077085637,1.3533572620666618,204.29182238590136,-56.40147201356616,0,5637.7773,5613.019,5675.5356,0.1327,0.1098,0.0586,5512.1123,0,False,5.168176210318951,False,False,False,False,True
nan,5338662082902968320,198986,166.34545999999997,-58.722919999999995,0.66,13.44,1.529,5.8408,0.0536,0.024,1,0,166.34545999999997,-58.722919999999995,5802.153593770027,0.8712225,5338662082902968320,5338662082902968320,0.07401781,-0.011377335,166.34535601054543,-58.72289256200971,2.083250329959867,0.012983719,160.45097,-10.515140527260188,5.084349165207435,1.0308639,2816.5122,13.2812,1061.505,61870.51464978056,1244.738,1.201268,0,0,0,0,0.85925484,0.34724045,0.5120144,4.21772,2.2997267,2,11.515163,-1,-1,289.52673901220004,1.3609193619558486,204.274175576168,-56.39710532499651,0,5680.0586,5662.9,5741.008,0.1093,0.0912,0.0489,5665.1323,0,False,4.874907705357135,False,False,False,False,True
nan,5338662117262713088,199296,166.34349999999998,-58.70035999999999,0.988,15.043,2.407,9.2837,0.875,0.0172,2,0,166.34349999999998,-58.70035999999999,4837.410114800304,1.253603,5338662117262713088,5338662117262713088,0.059412234,-0.015703201,166.34341413661835,-58.70032389254443,2.1771342253107706,0.020918401,104.07747,-9.203560624230358,4.942025499162115,1.107546,2393.378,14.760468,500.97586,18868.55192556821,675.0473,1.2423577,0,1,0,1,1.2472534,0.5453348,0.7019186,10.481178,6.9380164,2,3.7644098,-1,-1,289.5168411793379,1.3812282495828698,204.24440158709925,-56.38165444584435,0,4845.8926,4823.1445,4893.9,0.2103,0.1643,0.0867,4697.9937,0,False,6.449893554876265,False,False,False,False,True
508355.0,5340223011445710592,200147,166.33887,-58.27907999999999,0.836,14.4,2.042,6.9279,0.1379,0.0284,2,0,166.33887,-58.27907999999999,5180.846542233079,1.092967,5340223011445710592,5340223011445710592,0.044087064,-0.010697365,166.3387877874115,-58.27907784488856,2.0819421043701274,0.016843608,123.60429,-11.163026894293603,6.155543929120806,1.029706,2676.275,14.166711,651.99146,30206.66700304853,1007.5162,1.2210251,2,0,0,0,1.0749369,0.4558649,0.61907196,17.586878,5.3554425,2,6.602271,-1,-1,289.3471056545608,1.7668002622810381,203.71426135407742,-56.080618650065865,0,5100.839,5085.561,5124.913,0.1698,0.1366,0.0729,5043.982,0,False,5.759054094957937,False,False,False,False,True
nan,5338649335438748544,200419,166.33616999999998,-59.009359999999994,0.707,13.818,1.663,6.5521,0.0524,0.024,1,0,166.33616999999998,-59.009359999999994,5619.599965706338,0.93962765,5338649335438748544,5338649335438748544,0.054155096,-0.010169029,166.33608537129302,-59.009350559325284,2.0950678445062674,0.012749983,164.31926,-10.653911411368112,4.956202898633877,0.9036093,2670.7295,13.661178,606.10474,44969.50140250124,998.11255,1.207145,0,0,0,2,0.92482376,0.3792467,0.54557705,6.257873,2.8447402,2,8.577936,-1,-1,289.6362223892219,1.0961551630645054,204.6314648384496,-56.604940313628205,0,5526.5674,5498.5264,5575.1963,0.15,0.1239,0.0662,5458.7456,0,False,5.267168091555565,False,False,False,False,True
709052.0,5338622844077708416,206309,166.29828999999998,-59.20768999999999,1.157,15.925,2.828,10.2523,0.1125,0.038,1,0,166.29828999999998,-59.20768999999999,4489.4974035180885,1.4615326,5338622844077708416,5338622844077708416,0.03930243,-0.0031347275,166.29818182657615,-59.207642611210524,2.083536746124542,0.024564605,84.81866,-10.465768241381939,5.09316880009455,0.9696796,1053.5673,15.503311,242.0642,10357.161513919531,362.77216,1.2653068,0,2,0,1,1.4639978,0.6704807,0.7935171,nan,nan,-1,nan,-1,-1,289.69724989317575,0.9064838193468006,204.8603022583853,-56.75953325039086,0,4479.8477,4470.7646,4489.023,0.3487,0.2632,0.1385,4365.2227,0,False,7.097316978525402,False,False,False,False,True
nan,5338665411451709440,210916,166.27070999999998,-58.566669999999995,0.981,15.123,2.383,8.7796,0.4306,0.023,2,0,166.27070999999998,-58.566669999999995,4858.391359892783,1.2367697,5338665411451709440,5338665411451709440,0.070906915,-0.012619019,166.2706172438889,-58.56665216445201,2.0821440575076546,0.02276393,91.466805,-10.001089799791256,5.345944275169834,1.1828912,2580.0554,14.839286,556.80444,17559.181444213315,864.21686,1.2495167,0,37,0,25,1.2317371,0.5290861,0.702651,14.211692,6.2184277,2,3.47926,-1,-1,289.42885520854423,1.4887792671569036,204.0271750213927,-56.31227956803169,0,4756.4854,4746.255,4766.4443,0.1621,0.1268,0.0671,4730.1367,0,False,6.431839719472206,False,False,False,False,True
nan,5338662838817123328,216025,166.23578999999998,-58.697309999999995,1.377,17.09,3.458,12.9182,0.4445,0.0293,1,0,166.23578999999998,-58.697309999999995,4006.6445814802255,1.7221603,5338662838817123328,5338662838817123328,0.056923553,-0.010175705,166.23572041804564,-58.69728201478666,2.122738257192464,0.043195505,49.142574,-10.125272054680595,5.578128236177906,0.99064946,1727.1934,16.452003,83.57262,4946.546345807771,425.0494,1.3257524,3,3,0,0,1.8100243,0.87016106,0.9398632,nan,nan,-1,nan,-1,-1,289.46429112437346,1.361739133581385,204.16819296236636,-56.41854865296333,0,3760.0977,3722.6343,3887.562,0.1681,0.1196,0.0656,4054.9272,0,False,8.086485714400744,False,False,False,False,True
nan,5338656310466146176,216917,166.22941999999998,-58.78688999999999,0.672,13.562,1.573,4.8498,0.031,0.0401,1,0,166.22941999999998,-58.78688999999999,5740.453728067425,0.89599323,5338656310466146176,5338656310466146176,0.056377437,-0.010778427,166.22932743545553,-58.78684176584571,2.104894505037938,0.013100035,160.67854,-10.90713868401608,5.565980915355114,0.9613671,2300.88,13.414476,723.00525,55391.97680629844,850.1414,1.2042975,0,0,0,1,0.8832321,0.35803413,0.525198,6.6150193,3.4375808,2,10.654849,-1,-1,289.49699060345756,1.2782929537134744,204.27719557599235,-56.48490529441424,0,5713.4717,5677.5054,5786.181,0.1824,0.1521,0.0814,5589.3706,0,False,5.030628066466642,False,False,False,False,True
209456.0,5338652633973662464,217503,166.22449999999998,-58.95627999999999,0.783,14.169,1.858,6.4304,0.0863,0.014,1,0,166.22449999999998,-58.95627999999999,5380.824255504316,1.014638,5338652633973662464,5338652633973662464,0.056501582,-0.009772301,166.22439768690498,-58.956237032413064,2.0568077147226864,0.014377351,143.05887,-10.721044761838595,5.253246371872225,0.9552271,2385.905,13.979021,435.37042,34704.37002346799,826.48676,1.2126456,0,0,0,0,1.0008783,0.41879272,0.5820856,6.0064745,3.6803918,2,7.034875,-1,-1,289.5622637960372,1.1219518746283952,204.4892517348481,-56.60752639836191,0,5359.4917,5351.9414,5367.9307,0.1429,0.1162,0.0617,5246.09,0,False,5.5449895353867085,False,False,False,False,True
nan,5338663074989306880,218328,166.22011999999998,-58.68216999999999,0.556,13.027,1.373,3.8954,0.0706,0.017,2,0,166.22011999999998,-58.68216999999999,6035.248740665169,0.7844219,5338663074989306880,5338663074989306880,0.112699896,-0.010771751,166.2200403036015,-58.6821369139982,2.098074646811604,0.014062273,149.19882,-10.666801958817075,5.311018772023877,1.0206764,2772.4104,12.898137,870.0601,84601.81720113062,1044.1462,1.1942073,0,0,0,1,0.7768078,0.3081169,0.46869087,5.818376,2.8889914,2,11.046669,-1,-1,289.45077197256916,1.3723744098235209,204.13852792775205,-56.4134007223472,0,5995.598,5982.2397,6009.2466,0.0834,0.0706,0.0379,5933.5166,0,False,4.507241771462528,False,False,False,False,True
nan,5338628955767765248,220450,166.20511999999997,-59.01852999999999,0.7,13.752,1.6,5.1715,0.0578,0.026,1,0,166.20511999999997,-59.01852999999999,5703.451432385566,0.93887615,5338628955767765248,5338628955767765248,0.06781589,-0.0165596,166.2050752746873,-59.01849316877169,2.0758832339485473,0.01327835,156.33592,-10.735484690143544,5.558599419507665,0.98055524,1753.045,13.634329,496.66226,46196.64351231236,652.95807,1.2095624,0,1,0,0,0.9253197,0.37736034,0.5479593,1.9318626,7.0559254,2,8.529402,-1,-1,289.5779911275989,1.0608971629331492,204.55587536494093,-56.65883178112522,0,5544.92,5529.1016,5582.7275,0.1555,0.1286,0.0688,5460.967,0,False,5.2203434486472915,False,False,False,False,True
nan,5338653424247618176,224914,166.17592,-58.951029999999996,0.761,13.999,1.692,6.6486,0.4936,0.0302,1,0,166.17592,-58.951029999999996,5582.145873039224,0.9770899,5338653424247618176,5338653424247618176,0.07669205,-0.009138107,166.1758465616702,-58.9509902176581,2.08664262617664,0.014814634,140.8501,-9.684400055850181,5.329320378601308,0.9754627,1513.7458,13.834728,402.2898,39052.09431291884,530.2862,1.2109857,0,1,0,0,0.965188,0.3992443,0.5659437,-1.2181101,4.586332,2,6.1880794,-1,-1,289.53720793566526,1.1167612924312948,204.4501517994035,-56.621367666374155,0,5438.87,5422.9463,5457.2607,0.1837,0.1508,0.0805,5350.4165,0,False,5.431968615739391,False,False,False,False,True
501927.0,5340217067210233088,226823,166.16482999999997,-58.35891999999999,0.788,14.15,1.849,5.9299,0.0733,0.0261,2,0,166.16482999999997,-58.35891999999999,5391.19748048646,1.0059834,5340217067210233088,5340217067210233088,0.045139812,-0.009669304,166.16476707176923,-58.358891573683735,2.0990086248997315,0.014610038,143.66893,-10.977184752761247,5.006274476702802,0.95287293,2256.7285,13.960944,537.3247,35094.07595879463,597.52026,1.2110358,0,0,0,0,0.9898205,0.4136877,0.5761328,6.679304,3.9738464,2,6.7992797,-1,-1,289.2950987223113,1.6571610744660017,203.6954239311383,-56.20150250834989,0,5366.0806,5355.527,5376.929,0.1717,0.1403,0.0747,5269.7314,0,False,5.571015291306502,False,False,False,False,True
nan,5338710083450231936,227407,166.15849999999998,-58.65699999999999,0.9,14.609,2.102,8.5783,0.4625,0.014,2,0,166.15849999999998,-58.65699999999999,5120.132851940557,1.1218815,5338710083450231936,5338710083450231936,0.059216596,-0.011834145,166.1584406846034,-58.65698963308818,2.0562924879991904,0.018548844,110.85825,-10.638881940572324,4.77409609812943,1.0201246,2168.0205,14.386626,526.3075,25030.796947569892,694.11847,1.2237148,0,4,0,0,1.1097527,0.4748354,0.63491726,8.557103,5.2695503,2,5.0218263,-1,-1,289.41135013724534,1.3826278041477569,204.06533518521385,-56.41776700871906,0,5079.166,5068.4785,5087.365,0.1884,0.1506,0.0795,4974.957,0,False,5.9520506884213376,False,False,False,False,True
nan,5338711767077009664,227686,166.15682999999999,-58.61777999999999,1.085,15.244,2.455,9.552,0.4327,0.0252,1,0,166.15682999999999,-58.61777999999999,4795.945990651089,1.3259563,5338711767077009664,5338711767077009664,0.056448977,-0.01354599,166.15676228562737,-58.61775366570984,2.1197852226935057,0.020577466,103.01488,-9.839284258328124,5.190545201193281,1.0448709,2081.116,14.970654,384.93256,15897.626698396896,590.6021,1.2440622,0,4,0,2,1.3127289,0.58664036,0.7260885,14.569379,7.955928,2,2.6572006,-1,-1,289.3948488944269,1.4182381371958457,204.01471086292366,-56.39027981223248,0,4681.987,4670.5244,4692.81,0.2116,0.1636,0.0858,4569.7173,0,False,6.602112835455964,False,False,False,False,True
nan,5338710113471162880,229419,166.14378999999997,-58.669329999999995,0.703,13.613,1.618,5.8053,0.124,0.032,1,0,166.14378999999997,-58.669329999999995,5679.14138307622,0.90321827,5338710113471162880,5338710113471162880,0.04635368,-0.0075445175,166.14371757702315,-58.66931373422284,2.103492036892385,0.012588431,167.09723,-10.257748785754025,5.2010285342860065,1.0216687,1999.3723,13.438995,584.6216,54379.39340529859,797.8222,1.2039235,0,0,0,1,0.8944082,0.36472225,0.529686,0.6940056,5.0909615,2,8.782543,-1,-1,289.40926328371256,1.3682694947710465,204.07098795672326,-56.43193530646604,0,5694.367,5673.6914,5710.7495,0.1916,0.1595,0.0853,5567.4663,0,False,5.0536997226505065,False,False,False,False,True
nan,5338654278895693056,229422,166.14236999999997,-58.86899999999999,1.223,15.923,2.848,10.8101,0.5338,0.022,2,0,166.14236999999997,-58.86899999999999,4473.5892510861395,1.5056581,5338654278895693056,5338654278895693056,0.07226153,-0.013573647,166.14229540185698,-58.86895179688588,2.0931139587452816,0.029304156,71.4272,-10.555577517849375,5.326735383871422,1.1082082,2754.2493,15.509452,573.257,10442.193310969216,914.2419,1.2697054,0,26,0,0,1.5008259,0.6922903,0.8085356,nan,nan,-1,nan,-1,-1,289.4885057152578,1.1850219594332143,204.32317298984947,-56.57506339985466,0,4481.021,4468.105,4491.192,0.3734,0.2808,0.1474,4306.59,0,False,7.113416236001337,False,False,False,False,True
nan,5338703623819395712,231488,166.12824999999998,-58.72513999999999,1.459,17.613,3.919,14.1011,0.5355,0.035,2,0,166.12824999999998,-58.72513999999999,3706.593623266587,1.9477949,5338703623819395712,5338703623819395712,0.16986173,-0.02993393,166.128190166759,-58.72511060654235,2.1831169135595045,0.057054773,38.263527,-10.137592725419221,5.670183984538268,1.0072013,1033.3849,16.931854,119.05884,3371.8771167183677,283.1727,1.3404154,0,20,0,20,2.038722,1.0350838,1.0036383,nan,nan,-1,nan,-1,-1,289.4242114632486,1.3139091350139165,204.13111160247726,-56.477482370752305,0,3869.6082,3858.8909,3879.5415,0.5873,0.4104,0.2315,3831.8555,0,False,8.627239219662066,False,False,False,False,True
nan,5338709602413876224,232138,166.12378999999999,-58.68982999999999,0.952,14.894,2.2,9.2879,0.6502,0.02,2,0,166.12378999999999,-58.68982999999999,5025.001716983021,1.1865864,5338709602413876224,5338709602413876224,0.05440372,-0.01078701,166.12373886983306,-58.689806582038415,2.099606040889427,0.018500842,113.48705,-10.255993670508582,4.984912826612139,0.94281214,2888.866,14.628786,540.8577,20562.981353958457,834.2837,1.2294723,0,0,0,0,1.172514,0.5089083,0.6636057,2.3890936,5.3157597,2,3.9158976,-1,-1,289.40795063279825,1.3453328113906176,204.08344634333818,-56.45385306957798,0,4890.3145,4879.1694,4906.643,0.1442,0.1138,0.0599,4831.423,0,False,6.239475155185655,False,False,False,False,True
nan,5338627753176720640,232510,166.11811999999998,-59.060219999999994,0.94,14.853,2.215,9.065,0.1575,0.0212,2,0,166.11811999999998,-59.060219999999994,5010.842526864555,1.1891756,5338627753176720640,5338627753176720640,0.06525768,-0.0131492615,166.118055630688,-59.06019957793033,2.06081601591469,0.016978202,121.380104,-9.57044549055633,5.490369815670111,0.9979819,2406.8953,14.610419,642.48914,20939.747053394767,901.90485,1.2308031,0,1,0,0,1.1729822,0.50802994,0.6649523,-6.009558,6.111472,2,5.1400933,-1,-1,289.5536353022097,1.004767742095331,204.55133514507986,-56.71996531001781,0,4931.6035,4922.318,4939.689,0.1989,0.1574,0.0831,4825.9937,0,False,6.180615377736682,False,False,False,False,True
nan,5338654317601235328,233617,166.11141999999998,-58.87996999999999,1.389,16.992,3.505,12.3598,0.6896,0.0253,2,0,166.11141999999998,-58.87996999999999,3972.945876271221,1.7975292,5338654317601235328,5338654317601235328,0.061391823,-0.020109177,166.1113439666601,-58.879954008410145,2.1188324812941834,0.04184857,50.63094,-9.893603137081326,4.981292563361448,0.97148854,2279.925,16.382565,188.86775,5221.494684105062,537.8351,1.305034,0,2,0,2,1.8363142,0.9071579,0.9291563,nan,nan,-1,nan,-1,-1,289.47824853597916,1.168533790275968,204.3164702402972,-56.59412644864828,0,4325.078,4318.563,4330.1147,0.8752,0.6348,0.3402,3976.9482,0,False,8.013047654504842,False,False,False,False,True
nan,5338713347625048576,234766,166.10595999999998,-58.527609999999996,0.915,14.725,2.165,8.6321,0.1194,0.0292,1,0,166.10595999999998,-58.527609999999996,5058.43979516337,1.1685581,5338713347625048576,5338713347625048576,0.069025174,-0.010094643,166.10589673933225,-58.52758108252576,2.0766111928946214,0.016427845,126.40801,-10.498672180166633,5.442897018754245,0.94049317,2656.494,14.483489,627.873,23330.26683829029,974.59326,1.2286034,0,39,0,38,1.152463,0.4970703,0.65539265,9.781354,5.1806707,2,4.419916,-1,-1,289.33442037284686,1.4902469138279992,203.8668701573999,-56.34413340798519,0,4959.985,4946.2803,4971.2134,0.1885,0.1497,0.0793,4869.9155,0,False,6.070264989175223,False,False,False,False,True
nan,5338711182961430912,239730,166.06946,-58.61366999999999,0.942,14.718,2.036,7.8798,0.261,0.0194,2,0,166.06946,-58.61366999999999,5187.030058907929,1.1468563,5338711182961430912,5338711182961430912,0.06993638,-0.011202812,166.06938569770804,-58.61364989949197,2.0713761913288646,0.01698837,121.92906,-10.424687039471301,4.827074309333273,0.963463,2906.4814,14.496116,404.57184,22874.393613699693,787.62915,1.2285281,2,1,2,0,1.1292362,0.48264217,0.64659405,2.1945636,5.549842,2,4.8094177,-1,-1,289.35149982008164,1.4037669341561556,203.95063532385154,-56.41909643300245,0,4987.8423,4977.7593,4998.6807,0.1541,0.1226,0.0648,4917.7715,0,False,6.0774105850158975,False,False,False,False,True
nan,5338713244545818624,244398,166.03616999999997,-58.51552999999999,1.23,16.157,2.946,11.7062,0.2186,0.0311,1,0,166.03616999999997,-58.51552999999999,4396.13509181731,1.547945,5338713244545818624,5338713244545818624,0.07711337,-0.015206337,166.03612016059583,-58.51551867116657,2.0894608292489996,0.027280021,76.59308,-10.097421790787335,4.742977069933056,1.0205066,1833.4275,15.668364,325.83524,9137.612840430094,646.086,1.2690076,0,1,0,0,1.5499973,0.7274475,0.8225498,nan,nan,-1,nan,-1,-1,289.2961934061487,1.4866757957247567,203.8045339094506,-56.360869565993006,0,4486.36,4481.444,4491.4116,0.4152,0.3105,0.1631,4253.2705,0,False,7.268534740739259,False,False,False,False,True
nan,5338704173574662400,248688,166.00224999999998,-58.734579999999994,1.094,15.604,2.63,10.138,0.3203,0.0194,2,0,166.00224999999998,-58.734579999999994,4649.367081830996,1.3785267,5338704173574662400,5338704173574662400,0.06307552,-0.013708115,166.00219664364826,-58.73456140660737,2.0685854159357158,0.022763848,90.87151,-10.109157786869288,5.27070485657087,0.96182394,2808.3403,15.234528,594.7188,12767.784918368434,992.487,1.250504,0,2,0,1,1.3733969,0.6214762,0.7519207,nan,nan,-1,nan,-1,-1,289.36808678681723,1.2790077573693048,204.05841081214976,-56.52998641471833,0,4635.458,4626.7046,4644.9365,0.1962,0.1499,0.0786,4485.4526,0,False,6.8128948802403535,False,False,False,False,True
nan,5338716783598913280,250633,165.99092,-58.45188999999999,1.355,16.758,3.341,13.7452,0.9061,0.0262,2,0,165.99092,-58.45188999999999,4092.5550085785135,1.7553463,5338716783598913280,5338716783598913280,0.070587374,-0.022190094,165.99084476562982,-58.45186257185392,2.0642380179700353,0.03784138,54.549755,-11.040441978771137,5.110100246085499,0.9430675,1387.2327,16.201115,183.90051,6107.9346237581985,448.4593,1.3136618,0,1,0,0,1.7620964,0.844141,0.9179554,nan,nan,-1,nan,-1,-1,289.2489136532009,1.5354448415286204,203.69388359600129,-56.33167744515455,0,4170.3223,4162.6714,4179.699,0.551,0.4002,0.215,4020.088,0,False,7.774913516437023,False,False,False,False,True
nan,5338675173964923008,254032,165.95825,-59.01593999999999,0.774,14.028,1.733,5.8144,0.6109,0.0232,2,0,165.95825,-59.01593999999999,5530.389779853095,0.9857445,5338675173964923008,5338675173964923008,0.03952436,-0.015886307,165.95818574672654,-59.015931985322865,2.067054800678139,0.014078734,146.82106,-10.681377637634933,5.188257535240275,0.9447374,1521.1001,13.85689,520.3491,38309.83065218788,596.7197,1.2102928,0,1,0,0,0.9698925,0.40262222,0.5672703,9.47209,4.097498,2,7.5268464,-1,-1,289.46051878447565,1.012274400636637,204.38801606464727,-56.74639546768818,0,5299.9062,5261.313,5320.251,0.0885,0.0725,0.0388,5325.9614,0,False,5.43364967757431,False,False,False,False,True
nan,5338677647866075264,258606,165.92261999999997,-58.94649999999999,0.951,14.971,2.309,8.6496,0.3691,0.0513,2,0,165.92261999999997,-58.94649999999999,4924.253083166919,1.2415705,5338677647866075264,5338677647866075264,0.06835885,-0.011074066,165.92256370580122,-58.94648028973868,2.1436094917377586,0.017396016,123.22416,-10.925672422708931,5.281911848676514,1.0334846,4307.8696,14.678858,833.77374,20115.728018449667,1340.9781,1.2372785,0,1,0,0,1.2256832,0.535882,0.6898012,2.5588226,5.054467,2,5.3236327,-1,-1,289.4157227506846,1.0684391931701027,204.27519104376682,-56.709936559055755,0,4863.1406,4849.8955,4873.2427,0.2776,0.2183,0.1157,4720.886,0,False,6.3345861603364995,False,False,False,False,True
nan,5338702249429222144,260416,165.91011999999998,-58.803889999999996,1.006,15.104,2.32,9.1962,0.28,0.0202,2,0,165.91011999999998,-58.803889999999996,4914.343694746838,1.2668734,5338702249429222144,5338702249429222144,0.051173236,-0.009478569,165.91005806380258,-58.80387649586443,2.045272591439112,0.021142354,96.73817,-10.2915256455847,4.49723286842865,1.0052465,2704.268,14.8331175,530.74194,17661.357317203365,571.1659,1.2417622,0,0,0,0,1.2511749,0.5483923,0.70278263,9.732593,10.189199,2,3.2290301,-1,-1,289.3522776948578,1.1963216650587187,204.08465710819834,-56.61291854555931,0,4738.637,4726.1772,4750.037,0.1665,0.1299,0.0685,4673.3164,0,False,6.386873477248198,False,False,False,False,True
nan,5338705200028286464,271497,165.81795999999997,-58.79635999999999,0.729,13.766,1.586,6.2554,0.0599,0.025,1,0,165.81795999999997,-58.79635999999999,5722.556956564551,0.9336786,5338705200028286464,5338705200028286464,0.050421413,-0.01482296,165.81790884334782,-58.79632169646353,2.0745292095400254,0.013004064,159.52931,-10.066093697683463,5.328127412576413,0.9588799,1873.7957,13.635989,503.18582,45913.00885135697,745.77704,1.2059752,0,0,0,0,0.92107105,0.3781376,0.54293346,4.8281193,3.2705524,2,9.076235,-1,-1,289.3055498261875,1.1839436591358368,204.01315847902228,-56.64100549898193,0,5453.116,5425.4297,5521.4062,0.0938,0.0775,0.0415,5476.3,0,False,5.220586959696323,False,False,False,False,True
808256.0,5338705444884865024,280475,165.73774999999998,-58.76988999999999,0.774,14.025,1.748,6.7703,0.1015,0.033,2,0,165.73774999999998,-58.76988999999999,5511.797682888867,0.9959221,5338705444884865024,5338705444884865024,0.04485918,-0.00269413,165.73771725512546,-58.76986202603319,2.083895406298272,0.014436841,144.34566,-10.22703526019673,5.273615045141131,0.9444438,1320.2317,13.855441,325.20047,38769.198386527016,338.48325,1.2158481,0,0,1,1,0.9857273,0.4069643,0.578763,6.0904875,5.2474327,2,6.7629786,-1,-1,289.25682057178676,1.1912896885951234,203.9255207484479,-56.651291062774334,0,5491.847,5479.142,5502.4243,0.2402,0.1971,0.1051,5297.519,0,False,5.4498206800001014,False,False,False,False,True
