Seq,f_Seq,Source,RA_ICRS,DE_ICRS,GBP-GRP,Teff,Gmag,gmag_lc,Prot,Note,dr2_source_id,dr2_bp_rp,dr3_source_id,angular_distance,magnitude_difference,ra,dec,parallax,parallax_error,parallax_over_error,pmra,pmdec,ruwe,phot_g_mean_flux_over_error,phot_g_mean_mag,phot_bp_mean_flux_over_error,phot_rp_mean_flux,phot_rp_mean_flux_over_error,phot_bp_rp_excess_factor,phot_bp_n_contaminated_transits,phot_bp_n_blended_transits,phot_rp_n_contaminated_transits,phot_rp_n_blended_transits,bp_rp,bp_g,g_rp,radial_velocity,radial_velocity_error,rv_method_used,rv_expected_sig_to_noise,vbroad,vbroad_error,l,b,ecl_lon,ecl_lat,non_single_star,teff_gspphot,teff_gspphot_lower,teff_gspphot_upper,azero_gspphot,ag_gspphot,ebpminrp_gspphot,Teff_Curtis20,nbhr_count,flag_nbhr_count,abs_magnitude_difference,flag_bad_gaiamatch,M_G,flag_ruwe_outlier,flag_camd_outlier,flag_rverror_outlier,flag_possible_binary,flag_pass_author_quality,flag_benchmark_period
1, ,3198972700981234048,04 22 31.5,-07 33 03.2,0.432,7187,8.903,2.802,0.52,Warm ,3198972700981234048,0.432,3198972700981234048,0.06049137,0.0076990128,65.63128230883834,-7.550894923656239,6.22792095511195,0.019378984,321.375,-9.881476401065889,-7.486483841095714,0.9219642,4167.9204,8.910613,1710.0841,2790413.7691525253,2768.2249,1.1750604,0,31,0,39,0.42652702,0.14963818,0.27688885,21.804201,0.5452734,1,103.62712,55.159496,3.1517916,201.71569335516816,-36.418958385092964,62.21317635426412,-28.66973608591326,0,7144.6743,7137.7944,7153.085,0.0053,0.0048,0.0026,,0,False,0.0076990128,False,2.882328519284849,False,True,False,True,True,False
2, ,5181474045115843072,03 10 47.3,-06 34 29.8,0.446,7161,8.562,2.954,0.87,Warm ,5181474045115843072,0.446,5181474045115843072,0.08867749,0.00910759,47.697095503511306,-6.57493616943283,7.627479922634417,0.032717958,233.12825,-0.6899400232333391,-6.378080886049671,1.0805563,1543.2336,8.571576,525.40466,3849951.16634986,847.7522,1.1769592,0,0,0,0,0.4427185,0.15540028,0.28731823,20.571976,1.1880543,1,124.93564,47.85376,2.2540338,187.49685817140067,-51.06745407578371,43.230894621281664,-23.41036326056492,0,7082.03,7076.208,7088.3228,0.0027,0.0024,0.0013,,0,False,0.00910759,False,2.983481484210218,False,True,False,True,True,False
3, ,2516948215250061568,02 20 22.6,+05 52 59.1,0.597,6622,9.183,3.534,0.82,Warm ,2516948215250061568,0.597,2516948215250061568,0.04759673,0.008004189,35.094028468870754,5.883069113773628,7.4763805247308435,0.0161747,462.22684,4.000975787460032,-16.951409762700447,1.0280943,4529.29,9.191337,2226.681,2354341.1654600273,2530.4116,1.1874206,0,0,0,0,0.59006023,0.21694565,0.3731146,20.343233,0.96469086,1,92.377556,,,159.3033803090701,-50.60006434985665,34.79036942922456,-7.66870665900692,0,6471.7227,6469.119,6477.2534,0.0015,0.0013,0.0007,6395.302029929903,0,False,0.008004189,False,3.559793619375993,False,False,False,False,True,True
4, ,3245408684793798528,04 02 15.4,-05 53 48.2,0.604,6573,9.425,3.513,0.56,Conv.,3245408684793798528,0.604,3245408684793798528,0.051749606,0.007320404,60.56418522436799,-5.8967199476378225,6.632036463518333,0.0155225545,427.25162,-6.644970692981356,-5.999653411210981,1.0224341,5206.9336,9.432089,2664.0469,1892017.768508176,3427.8027,1.1875308,0,0,0,0,0.5966511,0.22014427,0.3765068,18.664766,1.2836393,1,121.4704,106.29611,5.0917687,196.7293122631281,-39.98565246365254,57.041271479457336,-26.0306415417877,0,6557.9077,6547.6196,6568.4756,0.0408,0.0356,0.0192,6381.3857057575315,0,False,0.007320404,False,3.5403233786184387,False,False,False,False,True,True
5, ,6628071944405827712,22 36 31.1,-21 35 06.0,0.647,6320,8.967,3.835,0.94,Conv.,6628071944405827712,0.647,6628071944405827712,0.10788646,0.016515732,339.1297480751391,-21.5849863304466,9.36720960178012,0.019966273,469.15164,31.417762535803362,-4.96099969615711,1.055121,2191.8816,8.983912,731.42737,2929213.2372871386,1004.0591,1.1912917,0,0,0,0,0.6431875,0.2402935,0.40289402,12.541101,0.65710557,1,128.90627,,,35.72854804889584,-58.87199029022387,332.60559017817866,-11.87356444105054,0,6312.3027,6260.416,6416.042,0.0308,0.0266,0.0143,6283.985004619898,0,False,0.016515732,False,3.8419636587716504,False,False,False,False,True,True
6, ,2988966044497883392,05 22 51.9,-11 47 47.8,0.648,6487,10.345,3.688,0.79,Conv.,2988966044497883392,0.648,2988966044497883392,0.08795536,0.0030508041,80.71605886642537,-11.796596698945713,4.816677439696265,0.015068171,319.65906,-11.406141502153373,-2.0953563155414345,0.98537344,2769.9673,10.34771,1138.1562,832663.4431900028,1478.7861,1.189631,0,1,0,0,0.6423836,0.24139595,0.40098763,21.46924,1.501721,1,117.77238,97.449104,10.617998,213.79791536131367,-24.935342135065756,78.90129528667714,-34.87887589557365,0,6250.773,6246.3755,6258.588,0.0035,0.003,0.0016,6281.506341938118,0,False,0.0030508041,False,3.761447474368879,False,False,False,False,True,True
7, ,2456987757379368064,01 32 34.4,-12 51 09.7,0.654,6259,9.043,3.865,1.24,Conv.,2456987757379368064,0.654,2456987757379368064,0.06714218,0.009000778,23.143395450819426,-12.852693670616276,9.291217772171613,0.017618971,527.34174,12.332484520946464,-3.968697189411056,1.0601606,4505.695,9.051681,1918.6986,2757403.1150665237,2877.496,1.1912253,0,0,0,0,0.6477051,0.2426691,0.40503597,21.771322,0.61782366,1,137.98537,47.060093,3.274541,158.94553430859207,-72.78129116539202,16.354887445324497,-20.886158595961806,0,6244.836,6243.084,6247.778,0.0011,0.0009,0.0005,6266.457292917554,0,False,0.009000778,False,3.892043761906713,False,False,False,False,True,True
8, ,3186195241994234880,04 43 02.6,-07 53 54.5,0.655,6206,9.999,3.766,1.71,Conv.,3186195241994234880,0.655,3186195241994234880,0.08110915,0.0060796738,70.7608024305935,-7.898487176000749,5.855857231744291,0.02379901,246.05466,-9.819656813154266,-4.750623399564564,1.2842388,3479.2983,10.004718,1975.8512,1145553.995627385,2139.9683,1.1900767,0,0,0,0,0.64847183,0.24411106,0.40436077,20.701023,0.7175701,1,93.600174,26.274773,3.2421381,204.94709775817321,-32.07946970933475,67.88929711963455,-29.872899342608115,0,6226.4326,6222.1577,6234.9463,0.0035,0.003,0.0016,6263.920282038284,0,False,0.0060796738,False,3.842670226332068,True,False,False,False,True,True
9, ,2988096919213031808,05 02 35.2,-12 31 20.4,0.661,6387,10.28,3.869,0.91,Conv.,2988096919213031808,0.661,2988096919213031808,0.09265205,0.003320694,75.64684513726742,-12.522332343848435,5.280088599241718,0.013967156,378.03604,-9.843529867998646,-4.194394943822424,0.80994177,2025.9867,10.283725,802.6408,887236.4322656203,1147.2114,1.1889763,0,0,0,0,0.65376186,0.2478342,0.40592766,19.113035,1.2874334,1,100.57589,50.870075,7.6274095,212.23298255207672,-29.74700733470968,72.79329774418831,-35.108200177789236,0,6304.2236,6298.8647,6310.903,0.0183,0.0158,0.0085,6248.531695881875,0,False,0.003320694,False,3.8969308348676233,False,False,False,False,True,True
10, ,2987729922847457280,05 07 09.2,-13 34 07.7,0.668,6240,10.156,3.896,0.97,Conv.,2987729922847457280,0.668,2987729922847457280,0.14483155,0.0065336227,76.78824153084906,-13.568798165443004,5.639923786698072,0.01606074,351.16217,-12.330787089447805,-2.8758912762878204,1.1341764,2318.4526,10.162022,1018.7111,995467.963591879,1374.4406,1.1889441,0,0,0,0,0.66055965,0.25136566,0.409194,21.594252,0.8666638,1,124.765854,71.568924,7.995747,213.8502512727313,-29.156833309666517,74.00276491613123,-36.27725201887165,0,6250.255,6245.316,6257.547,0.0048,0.0041,0.0022,6230.2323871957515,0,False,0.0065336227,False,3.9183878135816315,False,False,False,False,True,True
11, ,3204844780267292288,04 29 21.6,-02 49 47.1,0.673,6173,9.76,4.02,1.97,Conv.,3204844780267292288,0.673,3204844780267292288,0.16081959,0.0043144226,67.34008963907428,-2.829757560801688,7.095548618155463,0.016481686,430.5111,-13.779322516587637,-12.305880623711145,1.0109415,2602.4739,9.764847,2147.4883,1437020.7617399774,2075.6934,1.1872928,0,17,0,16,0.6666117,0.25600243,0.41060925,20.452593,0.35846114,1,104.88543,11.204736,3.7114205,197.7457642010703,-32.61182472776051,65.0213663897454,-24.325435119326606,0,6189.187,6183.702,6196.6226,0.0045,0.0039,0.0021,6216.945672559864,0,False,0.0043144226,False,4.019776702505624,False,False,False,False,True,True
12, ,2405544971274027904,23 21 22.3,-17 30 58.5,0.68,6139,9.222,4.024,1.44,Conv.,2405544971274027904,0.68,2405544971274027904,0.045227118,0.010818481,350.3430737569988,-17.516259992660807,9.104295148820826,0.020009195,455.00558,26.100511069538527,-4.102599327844416,1.0917506,1583.3739,9.233008,455.34518,2361997.1266471613,634.58386,1.1914102,0,0,0,0,0.6748009,0.25648975,0.41831112,13.277215,0.2789773,1,115.27506,16.65629,0.66250217,53.05766806510952,-67.11143723470101,344.17380815751017,-12.269379445213012,0,6122.2227,6120.1323,6125.1875,0.0009,0.0007,0.0004,6198.059907369614,0,False,0.010818481,False,4.029240027271998,False,False,False,False,True,True
13, ,3190206672727634816,04 01 28.8,-11 19 25.7,0.682,6324,9.92,4.059,2.26,Conv.,3190206672727634816,0.682,3190206672729522304,0.13962348,0.007317543,60.36999811554148,-11.323810243473869,6.846948090377835,0.024551999,278.8754,-7.447629276220555,-5.286916803682053,1.3059541,2684.0107,9.927168,1311.2196,1249127.9279734944,2073.5652,1.1934209,0,0,0,2,0.67614746,0.25535774,0.42078972,21.493961,0.40716362,1,91.17206,14.177917,4.0318317,202.95069373384894,-42.763863631160696,55.44419929494015,-31.277414591953264,0,6154.2754,6152.9346,6156.523,0.0009,0.0007,0.0004,6192.605774708582,0,False,0.007317543,False,4.104653069000241,True,False,False,False,True,True
14, ,5182223980765557248,03 18 22.8,-04 29 29.0,0.687,6105,9.788,4.054,1.29,Conv.,5182223980765557248,0.687,5182223980765557248,0.049801473,0.017837524,49.59494092284919,-4.491379085130608,7.197546833605529,0.020645468,348.626,-5.2871608223345214,-8.927883917546719,1.0729345,1076.0653,9.8055315,283.962,1400016.0677316943,413.84418,1.1913631,0,0,0,0,0.68460274,0.26163387,0.42296886,20.57961,0.466534,1,101.80125,,,186.6389126903179,-48.31039440352695,45.83669545044663,-21.95119966717874,0,6080.114,6074.322,6093.9316,0.0043,0.0037,0.002,6178.862485902937,0,False,0.017837524,False,4.09145399908663,False,False,False,False,True,True
15, ,2982998926174605824,05 10 30.1,-16 08 04.1,0.691,6081,10.646,3.97,1.7,Conv.,2982998926174605824,0.691,2982998926174605824,0.09100832,0.010112762,77.62530455915635,-16.134469995161272,4.779588817202707,0.014795208,323.04977,-9.204560583371142,-0.7035651215424601,1.0114734,1984.8175,10.655771,730.579,640592.1506645093,986.824,1.1899081,0,36,0,35,0.6902294,0.26589966,0.42432976,19.889683,0.55871004,1,91.5052,22.194242,5.4224715,216.92016986067992,-29.418747752548963,74.65766963141198,-38.91696073097531,0,6102.7295,6096.344,6112.745,0.0065,0.0055,0.003,6167.760939736226,0,False,0.010112762,False,4.052723937192903,False,False,False,False,True,True
16, ,2492898356897645184,02 18 04.2,-03 50 14.4,0.7,6075,9.453,4.126,2.67,Conv.,2492898356897645184,0.7,2492898356897645184,0.13871661,0.0062627792,34.51762994003037,-3.8373434807010423,8.657426000983707,0.017437138,496.49353,5.368537817850336,-10.443317633999307,1.0802199,4269.4165,9.459103,983.8616,1933649.431869449,1152.8654,1.1938176,0,0,0,0,0.68868065,0.26152897,0.42715168,20.475664,0.22425461,1,120.65531,7.700157,1.2854861,168.32040459179316,-58.85033057560632,30.904852422277063,-16.636616335125,0,6097.569,6094.199,6102.8604,0.0024,0.002,0.0011,6142.456447829499,0,False,0.0062627792,False,4.146046571225014,False,False,False,False,True,True
17, ,3256702490277205376,04 03 24.9,-00 46 45.2,0.701,6033,9.928,4.18,3.08,Conv.,3256702490277205376,0.701,3256702490277205376,0.13284102,0.005727768,60.85374706998036,-0.7792186491098191,7.0725835511535236,0.043951258,160.9188,-6.180348643832194,-7.29640530563694,2.2981374,3319.6753,9.933458,1028.5641,1250346.647582824,1573.965,1.1919049,0,0,0,0,0.69440174,0.266263,0.42813873,19.02658,0.9404482,1,93.25317,19.016628,2.6853151,191.40950081712026,-36.993937941441686,58.53600929866448,-21.091318256900678,0,6182.3613,6175.421,6190.1587,0.0231,0.0197,0.0106,6139.61836968069,0,False,0.005727768,False,4.18134876148366,True,False,False,False,True,True
18, ,5104477754084350464,03 15 18.8,-17 56 36.4,0.731,5993,9.606,4.279,2.55,Conv.,5104477754084350464,0.731,5104477754084350464,0.034502625,0.006673813,48.828300342441544,-17.94344709440582,8.555295341792776,0.016755838,510.58594,-2.6421336252942997,1.0595432839533685,1.0814754,3416.5657,9.613218,1325.341,1704424.3698937076,1830.5286,1.1946362,0,0,0,0,0.7232561,0.27898884,0.44426727,21.199299,0.30624577,1,144.79915,17.454868,2.6696305,205.09511574262243,-55.66399947277823,40.477743038649436,-34.577144822360744,0,6009.3193,5995.8613,6083.4326,0.0134,0.0114,0.0061,6052.367452783371,0,False,0.006673813,False,4.274393340701224,False,False,False,False,True,True
19, ,5147686052794315904,02 02 10.9,-16 34 03.4,0.746,5864,9.643,4.41,2.53,Conv.,5147686052794315904,0.746,5147686052794315904,0.08462072,0.004872322,30.545285925305723,-16.567596576604487,8.994767002549782,0.015230147,590.5896,8.885198197499156,0.8796865424607885,0.8658014,1784.3547,9.647762,486.8132,1662608.4034667958,816.878,1.1954793,0,0,0,0,0.73781013,0.28596878,0.45184135,18.77963,0.36719832,1,114.18968,21.758072,8.006113,183.749588370631,-70.51761095722983,21.99920935613356,-27.089508452132602,0,5933.656,5925.274,5946.951,0.0065,0.0055,0.003,6007.487907054937,0,False,0.004872322,False,4.417711888621906,False,False,False,False,True,True
20, ,3197608241410937216,04 32 01.8,-08 53 13.7,0.758,6418,10.494,4.476,2.85,Conv.,3197608241410937216,0.758,3197608241410937216,0.10992954,0.0010461807,68.00755280672328,-8.887136218146466,6.362078170455994,0.017055843,373.0146,-9.74310831607269,-3.854476818085588,1.2118053,3244.1455,10.495431,1230.9252,766581.8798570691,1744.2987,1.1962515,0,0,0,0,0.7515631,0.29263115,0.45893192,20.39039,0.34120786,1,123.98446,18.910114,3.9472544,204.51611444944245,-34.95471639997404,64.59604637169355,-30.407363040832557,0,5980.4106,5970.956,5989.545,0.0261,0.0221,0.0119,5971.135639707348,0,False,0.0010461807,False,4.5134259511162185,True,False,False,False,True,True
21, ,2489889607752127360,02 18 43.9,-04 00 56.0,0.759,6016,10.019,4.39,2.38,Conv.,2489889607752127360,0.759,2489889607752127360,0.08859249,-0.005124092,34.682968189358924,-4.015542398374189,7.528026999996185,0.017538216,429.23563,5.949998710012506,-9.139542167665947,0.8298273,699.4373,10.013373,208.92819,1191970.4930060338,286.9048,1.195855,0,1,0,1,0.7463198,0.2901783,0.45614147,16.601965,0.5954816,1,79.01235,20.342611,2.1973631,168.7859282367855,-58.88243742445101,31.003096727388648,-16.860475636572705,0,5858.6294,5855.0576,5864.5825,0.0023,0.002,0.0011,5968.091095701594,0,False,0.005124092,False,4.396779215244537,False,False,False,False,True,True
22, ,2346216668164370432,00 54 13.5,-22 53 07.8,0.764,5852,9.441,4.452,3.1,Conv.,2346216668164370432,0.764,2346216668164370432,0.060368814,0.0036497116,13.556133090997134,-22.885498811365032,10.113467428244542,0.017211894,587.58594,18.999471641816953,1.7944535028932749,0.8385864,1731.788,9.445084,589.8639,2020546.2505594438,726.12054,1.1967897,0,0,0,0,0.7546749,0.29381466,0.46086025,19.913914,0.22956096,1,156.92203,17.930141,3.2018166,131.5451259530481,-85.71056711883239,2.776571844261892,-26.276227563054487,0,5979.416,5923.3286,6037.569,0.0571,0.0485,0.0261,5952.837326879858,0,False,0.0036497116,False,4.4695840186587485,False,False,False,False,True,True
23, ,5129126330877050240,02 46 34.6,-18 54 17.5,0.766,5926,9.784,4.52,3.0,Conv.,5129126330877050240,0.766,5129126330877050240,0.046301886,0.0056447983,41.64412384615592,-18.90485093201562,8.952541414117913,0.016379928,546.5556,1.546814787199506,1.9083819096754424,0.7971199,1553.6924,9.789939,439.02475,1470685.5332533806,372.76245,1.1951611,0,0,0,0,0.7578373,0.2969942,0.4608431,21.399416,0.56870705,1,112.746254,22.041002,2.4201376,201.78895405005068,-62.335226347427295,32.356214040411906,-33.183854981328714,0,5842.548,5839.915,5847.191,0.0018,0.0015,0.0008,5946.72213882182,0,False,0.0056447983,False,4.549670620288936,False,False,False,False,True,True
24, ,5070969209513725568,02 38 36.5,-25 15 07.6,0.775,5852,9.435,4.462,5.69,Slow ,5070969209513725568,0.775,5070969209513725568,0.09621488,0.00641346,39.65225463698327,-25.252105257454115,10.110089846799786,0.014034196,720.3897,0.8717472862708606,6.206367539233298,0.98801357,3921.949,9.440966,633.95233,2079741.278707333,333.89938,1.2225646,0,30,0,30,0.7635603,0.27546692,0.48809338,20.783308,0.3576562,1,75.16133,,,214.5527526861947,-65.92997649895105,27.326841615621987,-38.387402611471686,0,5855.71,5853.5854,5858.308,0.0009,0.0007,0.0004,5919.1182438724045,0,False,0.00641346,False,4.46474072804495,False,True,False,True,True,False
25, ,2493286445846897664,02 15 46.4,-02 36 32.5,0.821,5761,9.916,4.813,3.84,Conv.,2493286445846897664,0.821,2493286450142650496,0.040756177,0.0009469986,33.943359719264194,-2.6090195858235368,9.547601684028084,0.019114604,499.4925,5.678987823768635,-12.681404905854558,0.9237072,1655.7124,9.917255,526.433,1340292.0821458935,780.2822,1.198581,0,0,0,0,0.80921555,0.32185745,0.4873581,21.625267,0.4941213,1,93.79995,13.990818,2.4573357,165.99603884861122,-58.2446786928387,30.78150156696068,-15.2862657999749,0,5836.3193,5819.912,5846.2603,0.0963,0.0811,0.0435,5776.785120874258,0,False,0.0009469986,False,4.816726863613248,False,False,False,False,True,True
26, ,3197753548744455168,04 33 55.4,-08 19 27.9,0.827,5648,10.892,4.799,3.96,Conv.,3197753548744455168,0.827,3197753548744455168,0.1489511,0.0003900528,68.48064907151293,-8.32441654154033,6.085983872402807,0.017989075,338.31555,-9.353650459772625,-4.974085726473286,1.1305995,1867.0721,10.892343,453.64453,547978.639910854,665.303,1.199513,0,0,0,0,0.8162384,0.3248825,0.4913559,20.360008,0.42285526,1,84.828125,14.763431,5.8853955,204.16666586989808,-34.28184199271627,65.24018936058017,-29.93266057111727,0,5667.0923,5664.5137,5697.651,0.0021,0.0018,0.001,5758.180032983226,1,True,0.0003900528,False,4.813996553253119,False,False,False,True,True,False
27, ,2513568007268649728,02 14 47.2,+02 14 20.4,0.865,5617,10.473,5.025,4.3,Conv.,2513568007268649728,0.865,2513568007268649728,0.06656208,-0.004552841,33.696690556080625,2.2389856889573827,8.27294266507171,0.015832465,522.5303,6.337582396440373,-12.791765254031313,0.919182,921.9274,10.468627,230.16328,824938.4769106875,295.55273,1.2001963,0,0,0,0,0.86094284,0.34915733,0.5117855,19.783913,0.83029157,1,53.57224,17.495392,3.5414364,160.58881383231548,-54.422473670275,32.23147538421572,-10.642062360136725,0,5732.6714,5724.4883,5741.919,0.1066,0.0891,0.0476,5640.915259783288,0,False,0.004552841,False,5.056927048496631,False,False,False,False,True,True
28, ,5179904664065847040,03 09 03.7,-07 03 55.8,0.873,5621,10.382,4.979,4.78,Conv.,5179904664065847040,0.873,5179904664065847040,0.14268337,0.006562233,47.265259316966,-7.065502005680937,8.378938890269094,0.021412283,391.3146,-5.544782871453964,-8.369541896959063,1.6511863,831.42224,10.388142,307.92593,892961.0615442548,426.23712,1.2024492,0,0,0,0,0.86896133,0.35163403,0.5173273,21.273405,0.5693847,1,77.79622,9.981847,6.369239,187.73107417312647,-51.70238843171634,42.62661430733088,-23.753577377746268,0,5468.42,5462.371,5479.3613,0.0058,0.0048,0.0026,5616.438250888016,0,False,0.006562233,False,5.0040867471409864,True,False,False,False,True,True
29, ,5168681021169216896,03 29 30.3,-07 10 13.8,0.895,5478,10.827,5.204,5.32,Conv.,5168681021169216896,0.895,5168681021169216896,0.024160532,0.0009021759,52.376339300594594,-7.170512827016007,7.474563382740645,0.018118104,412.54666,-3.3699410067432636,-6.089146489315931,1.4877039,1769.8567,10.82747,533.1958,599949.3262937722,779.2173,1.2034955,0,1,0,0,0.8841238,0.35926342,0.5248604,20.634836,0.51906025,1,57.628002,14.180995,10.555318,192.28261053166824,-47.57130646849765,47.94277065307966,-25.28447757224065,0,5687.7627,5671.546,5698.067,0.0963,0.08,0.0427,5549.681259951723,0,False,0.0009021759,False,5.195398970590139,True,False,False,False,True,True
30, ,3253302456727341696,04 07 34.7,-02 04 33.2,0.901,5519,10.982,5.112,4.83,Conv.,3253302456727341696,0.901,3253302456727341696,0.07595898,0.0027484894,61.89449181555941,-2.0758851288864353,6.781476336400328,0.01713472,395.774,-6.610561728538623,-6.448013290300931,1.1815176,1955.8291,10.984553,661.8534,519658.3978439696,949.42975,1.2016664,0,18,0,17,0.8904743,0.36452198,0.52595234,19.64707,0.41832694,1,69.82311,12.814476,4.478502,193.48020699533612,-36.84185619060645,59.34619528172658,-22.573953319656244,0,5536.4854,5517.4062,5545.535,0.0676,0.0559,0.0298,5531.637060287645,0,False,0.0027484894,False,5.1411745903232084,False,False,False,False,True,True
31, ,3176016268285396864,04 21 35.2,-14 01 29.9,0.902,5455,11.335,5.263,5.11,Conv.,3176016268285396864,0.902,3176016268285396864,0.123293616,-0.0033779144,65.39683324012059,-14.024984360317752,6.098856965897951,0.023508195,259.43536,-8.09096740302318,-2.108461242348983,0.86738837,2465.7012,11.331843,852.5503,377257.91091819375,1188.9066,1.2021676,0,0,0,0,0.8884773,0.36293316,0.52554417,21.906609,0.61000115,1,47.06779,11.126073,5.790565,208.96540865809095,-39.471802523388746,60.46537385269075,-34.975781021207276,0,5562.9395,5549.491,5582.173,0.0822,0.0682,0.0364,5528.6371141463715,0,False,0.0033779144,False,5.258085616854007,False,False,False,False,True,True
32, ,2531732317316926336,01 15 31.7,-02 50 46.4,0.903,5567,10.841,5.21,4.87,Conv.,2531732317316926336,0.903,2531732317316926336,0.039729122,0.002491951,18.882289918197667,-2.8462337099516613,7.46037184255304,0.019842599,375.97757,13.024161758689115,-6.716062810798566,1.0189586,2434.8223,10.843671,925.8674,594087.8765899804,943.068,1.2048182,0,1,0,0,0.8941984,0.36379623,0.5304022,15.113013,0.50228167,1,58.75493,7.5093513,8.138554,137.31283748885522,-65.0431628259483,16.325663109927866,-10.02803935839479,0,5621.8267,5612.7666,5632.67,0.1341,0.1112,0.0593,5525.639337291178,0,False,0.002491951,False,5.2074732164060435,False,False,False,False,True,True
33, ,2495781619982992640,02 45 01.2,-02 25 46.3,0.921,5782,10.78,5.304,5.0,Conv.,2495781619982992640,0.921,2495781619982992640,0.111614354,0.00031471252,41.25516127257816,-2.429528328506016,8.09153564260306,0.01501177,539.01276,2.343654601925985,-9.087631253410073,0.960339,1196.9669,10.780679,288.9313,634460.9587483068,414.09488,1.2050931,0,0,0,0,0.9132118,0.37441635,0.5387955,18.078533,0.9343103,1,42.288776,,,175.54946431520153,-53.276869948280584,38.036331580946886,-17.51505702950755,0,5529.833,5516.177,5549.613,0.1089,0.0901,0.048,5472.070290186314,0,False,0.00031471252,False,5.320833506601495,False,False,False,False,True,True
34, ,2968825259219765120,05 29 28.5,-19 17 58.8,0.924,5635,12.032,5.264,5.21,Conv.,2968825259219765120,0.924,2968825259219765120,0.21305938,-0.0072422028,82.36886533518263,-19.299652010066815,4.430458116758583,0.010816807,409.5902,-9.886313443413917,-0.11179407433181833,0.95242906,1930.148,12.024609,603.8439,201373.56735940184,860.2542,1.2056376,0,0,0,1,0.9072008,0.3704815,0.5367193,20.00189,0.80743974,1,39.75957,11.643452,7.8469424,222.1514283862601,-26.406870673403333,80.2157273520633,-42.48009108937159,0,5534.0938,5525.16,5539.431,0.0992,0.0821,0.0438,5463.218000890123,0,False,0.0072422028,False,5.256851788654103,False,False,False,False,True,True
35,a,4844691297067063424,04 11 51.9,-37 56 23.0,0.927,5530,10.75,5.28,5.02,Conv.,4844691297067063424,0.927,4844691297067063424,0.1404863,0.0062942505,62.966383049912935,-37.93972822497289,8.099278403924245,0.010753243,753.19403,-11.060773286516675,12.346551282402876,0.9487417,1747.9316,10.75605,505.64597,651221.0829782215,710.22363,1.2071145,0,0,0,0,0.91758156,0.37510586,0.5424757,19.784569,0.3739142,1,72.087776,9.757287,4.2757936,240.54806503496462,-46.9299781436094,48.13208508580874,-57.51495162413464,0,5591.4077,5587.7256,5595.4395,0.152,0.1257,0.067,5454.388539844307,0,False,0.0062942505,False,5.298281747988753,False,False,False,False,True,True
36, ,2496200774431287424,02 30 58.8,-03 03 04.9,0.928,5448,10.415,5.328,5.45,Conv.,2496200774431287424,0.928,2496200774431287424,0.051361598,-0.0041151047,37.74513526963982,-3.051369940587762,9.673030701717968,0.022457324,430.72946,2.581031698159328,-13.577089066958555,1.4122934,1653.3954,10.411007,468.74823,892470.8897037681,779.93726,1.2039659,0,0,0,0,0.91748047,0.3778839,0.53959656,22.074924,0.3743355,1,76.43766,7.767814,3.795412,171.9009516157269,-56.14808774671066,34.350682157420415,-16.9773025001454,0,5586.5938,5572.216,5606.053,0.0837,0.069,0.0367,5451.450529641993,0,False,0.0041151047,False,5.338819758513239,True,False,False,False,True,True
37, ,4980826504625538048,00 38 12.2,-43 00 24.8,0.935,5580,10.317,5.401,5.24,Conv.,4980826504625538048,0.935,4980826504625538048,0.10828405,0.0040102005,9.550969876372525,-43.00689401656678,10.384198176399217,0.01579661,657.3688,21.49966106792103,15.396340547789015,0.9228543,2220.8494,10.3211565,772.15173,976651.3680106428,1116.6252,1.2086934,0,0,0,0,0.9263382,0.3787279,0.5476103,17.486528,0.28546456,1,111.08695,7.8672357,3.820355,311.6832784038539,-73.8957539743623,347.49072284623406,-42.38172897493051,0,5482.075,5476.8325,5494.314,0.1039,0.0857,0.0456,5430.957973134208,0,False,0.0040102005,False,5.403021340738388,False,False,False,False,True,True
38, ,4842810376267950464,03 47 56.3,-41 56 24.9,0.936,5355,10.762,5.383,5.7,Conv.,4842810376267950464,0.936,4842810376269515776,0.07656158,0.002281189,56.98454242473844,-41.94025449873313,8.419417970258827,0.011146124,755.3673,-7.776659111724344,15.4217676350252,0.9568498,2223.7817,10.764597,613.4404,647105.9631209113,868.286,1.2053683,0,0,0,0,0.9252062,0.38106632,0.54413986,18.489695,0.2758293,1,77.17278,7.9821157,6.235834,247.08683960568177,-51.25736033855484,37.08947618412071,-59.46390360458424,0,5530.282,5520.8726,5537.607,0.1326,0.1095,0.0583,5428.041138726756,0,False,0.002281189,False,5.391007289078216,False,False,False,False,True,True
39, ,3198734278756825856,04 26 27.1,-07 39 39.7,0.966,5310,11.469,5.445,8.35,Slow ,3198734278756825856,0.966,3198734278756825856,0.12911515,0.001917839,66.61289877903828,-7.661024936479544,6.28409577208409,0.026551103,236.67926,-9.554222941766106,-4.930867660455144,1.2119999,2175.1475,11.471397,986.21906,342595.0149224034,1260.0441,1.2117169,0,0,0,0,0.95042706,0.3899727,0.56045437,20.226479,0.42781338,1,53.704693,14.537111,9.061177,202.40316013808928,-35.61296209920403,63.281633752039255,-28.956789483383073,0,5440.629,5403.6323,5453.038,0.1154,0.0947,0.0503,5341.85414787619,1,True,0.001917839,False,5.462611376085347,True,False,False,True,True,False
40, ,5045955865443216640,03 00 46.9,-37 08 01.5,0.976,5434,10.323,5.363,3.9,Rapid,5045955865443216640,0.976,5045955869739712128,0.15088655,0.010596275,45.19524784561981,-37.13375153007051,10.21874456138418,0.014433087,708.00824,-3.6990351933006447,15.60005258996578,1.2226461,1312.7765,10.3337145,350.64752,985718.7516698018,407.5475,1.2128179,0,43,0,44,0.9715109,0.401309,0.5702019,21.466095,0.26804215,1,112.594246,16.258297,14.163092,241.28508675136993,-61.017040808941545,26.396579056320785,-51.156636692241136,0,5195.983,5170.028,5283.0693,0.0444,0.0362,0.0194,5313.724061499678,0,False,0.010596275,False,5.380702201170557,True,True,False,True,True,False
41, ,3193528950192619648,03 57 04.0,-10 14 00.9,0.994,5270,11.297,5.534,5.54,Conv.,3193528950192619648,0.994,3193528950192619648,0.16572537,0.0007276535,59.266534693264155,-10.233593902578683,7.158819681758626,0.021114564,339.04654,-5.741876200323976,-1.6871280075891386,0.9590839,1679.6409,11.298187,682.2411,405317.5103880358,879.31976,1.2106193,0,0,0,0,0.97526264,0.4054823,0.56978035,21.359978,0.802863,1,46.02698,13.994505,9.927285,200.94734416590856,-43.229484126204305,54.51341330113312,-29.965145125831537,0,5396.414,5391.2676,5400.5986,0.1302,0.1065,0.0565,5263.893642931597,0,False,0.0007276535,False,5.572394373016662,False,False,False,False,True,True
42, ,3187547465200970368,04 46 12.3,-07 32 24.4,0.997,5425,11.733,5.519,5.43,Conv.,3187547465200970368,0.997,3187547465200970368,0.15099949,-0.0006828308,71.55124404584733,-7.5400989150035445,5.734627911148953,0.0205013,279.7202,-9.778538931225047,-4.616021430127716,1.4211043,1208.6031,11.732746,502.25348,273947.97138677933,678.04395,1.2177147,0,0,0,0,0.9822979,0.4032774,0.5790205,20.58069,0.62495184,1,42.391747,10.146815,5.3558784,204.99311709516377,-31.218986892955527,68.84267757489035,-29.634374255353325,0,5356.677,5339.662,5368.479,0.1458,0.1192,0.0635,5255.691799977759,0,False,0.0006828308,False,5.525272344976921,True,False,False,False,True,True
43, ,3245140743257978496,03 54 01.0,-06 14 14.6,1.017,5344,11.146,5.434,5.66,Conv.,3245140743257978496,1.017,3245140743257978496,0.17557476,0.027129173,58.50436786307051,-6.2373940554483704,7.300413997731856,0.040272363,181.27603,-6.907143132021041,-7.317123382309226,2.0549843,1114.7555,11.172784,580.91895,479643.1766374597,636.64307,1.2636282,0,0,0,0,1.0018234,0.3746395,0.6271839,22.864822,1.2015862,1,34.219448,,,195.71930284358106,-41.91691459558644,54.73602636096978,-25.903163382304946,0,5515.783,5466.163,5551.374,0.2816,0.2319,0.1246,5201.789290746392,0,False,0.027129173,False,5.489521297316454,True,True,False,True,True,False
44, ,3205573756476323328,04 23 54.6,-02 33 43.4,1.029,5134,11.604,5.634,6.05,Conv.,3205573756476323328,1.029,3205573756476323328,0.12474693,-0.0063886642,65.97743922469262,-2.5620523133648603,6.534249219114206,0.019303963,338.49265,-7.122705216585492,-5.936027292335778,1.0758772,1244.5477,11.597537,427.01743,313269.7561479645,633.6119,1.2151341,0,0,0,1,1.0135269,0.42408943,0.5894375,19.236591,0.48869494,1,49.335217,8.661023,6.2629223,196.63555499952756,-33.641375860811294,63.60350627847861,-23.826797330133534,0,5266.4453,5257.3804,5280.063,0.1202,0.0977,0.0518,5170.10939075895,0,False,0.0063886642,False,5.673515513891475,False,False,False,False,True,True
45, ,3185678437170300800,04 34 42.8,-08 57 18.5,1.052,5122,11.899,5.796,0.55,Rapid,3185678437170300800,1.052,3185678437170300800,0.16086707,-0.0007753372,68.67816634391932,-8.95514014381686,6.0513856919574724,0.01819767,332.5363,-9.213557061345504,-4.839550909742434,1.3804852,1794.4492,11.898677,630.0421,240211.41374225877,985.8264,1.2204763,0,41,0,41,1.0336075,0.43134212,0.60226536,20.41713,0.6143653,1,56.972733,7.127083,7.9911904,204.95450514275015,-34.394758829659445,65.34023356780408,-30.58724249277469,0,5124.362,5114.4355,5133.003,0.0598,0.0482,0.0255,5110.811577983125,1,True,0.0007753372,False,5.807951042592887,True,False,False,True,True,False
46, ,5103353606523787008,03 18 03.8,-19 44 14.2,1.058,5077,10.473,5.227,1.26,Rapid,5103353606523787008,1.058,5103353606523787008,1.3461442,-0.01376152,49.5159699460814,-19.737277227341746,9.261815716780063,0.120076835,77.132416,-0.46830926355712355,4.651124150340396,7.924772,638.2622,10.45909,194.29189,911578.2066211565,264.87988,1.2264211,0,1,0,0,1.0414839,0.43080425,0.6106796,18.348316,1.5578463,1,97.6274,,,208.47941794620246,-55.69188236261324,40.531034172702235,-36.484885101523034,0,4973.1978,4968.024,4985.11,0.0058,0.0047,0.0025,5095.654115390606,0,False,0.01376152,False,5.2925709105772025,True,True,False,True,True,False
47, ,3187477818011309568,04 47 58.2,-07 49 25.2,1.059,5205,11.994,5.818,7.02,Conv.,3187477818011309568,1.059,3187477818011309568,0.1583469,-0.0050992966,71.99232347807312,-7.823676432186308,5.898886310498813,0.015135096,389.74884,-10.45158142105023,-4.798250409957848,1.1316425,1985.6489,11.988686,694.4966,221568.82134650514,808.9607,1.2188514,0,0,0,0,1.0430031,0.43844128,0.6045618,20.099398,0.4632336,1,44.26807,,,205.5205723464138,-30.95924878057573,69.2943720835744,-29.977701649935533,0,5226.87,5222.143,5231.285,0.164,0.1327,0.0703,5093.140499074389,0,False,0.0050992966,False,5.842535738273767,False,False,False,False,True,True
48, ,3009905594911137664,05 26 30.0,-12 01 21.1,1.073,5352,12.576,5.905,6.5,Conv.,3009905594911137664,1.073,3009905594911137664,0.1763093,-0.0030736923,81.62504004148843,-12.022537941229558,4.629552356126964,0.011541526,401.12134,-10.854107030204538,-1.8433530446559367,0.9656783,1539.3542,12.573399,435.16132,129954.18258724442,624.9589,1.2176399,0,1,0,0,1.0594282,0.44944954,0.6099787,21.234396,0.7875273,1,35.680717,,,214.43070590505735,-24.220525488802775,79.96381152287684,-35.17049937626054,0,5204.942,5175.122,5211.9155,0.1761,0.1421,0.0752,5058.330093642017,0,False,0.0030736923,False,5.901093589818485,False,False,False,False,True,True
49, ,5083255496041631616,03 57 35.1,-24 28 42.1,1.077,5078,11.131,5.885,12.22,Slow ,5083255496041631616,1.077,5083255496041631616,0.16833915,0.0067043304,59.39616076652423,-24.478373434780377,8.872631215781839,0.022545105,393.55023,-7.654454696277261,2.2075387580025354,1.4060732,3234.854,11.137256,1757.02,488424.9717642057,2504.5225,1.2197702,0,1,0,0,1.0581055,0.44675064,0.6113548,23.16069,0.20927343,1,107.98706,8.083832,6.2696567,220.1184667415377,-48.25569293426165,50.08669379034929,-43.76922255753548,0,5093.4937,5092.3555,5094.5225,0.0003,0.0002,1e-04,5048.5149614991,0,False,0.0067043304,False,5.877517822499129,True,False,False,False,True,True
50, ,3243665031151732864,03 48 38.3,-06 41 52.6,1.082,5063,11.46,5.953,6.84,Conv.,3243665031151732864,1.082,3243665031151732864,0.123591095,0.000828743,57.159501629475606,-6.697935543592562,7.960867246893796,0.018300554,435.00693,-8.395633556169733,-8.673818765252893,1.0644094,1892.346,11.460781,608.72296,363116.2041602406,816.99457,1.2192274,0,0,0,0,1.0635157,0.45051575,0.6129999,21.83656,0.6088161,1,52.3729,13.111965,9.091811,195.31130344975762,-43.29808968547591,53.17078561095626,-26.03596261274195,0,5051.4727,5043.2046,5069.8726,0.0097,0.0077,0.0041,5036.327917415882,0,False,0.000828743,False,5.965583006467481,False,False,False,False,True,True
51, ,3192643431015406464,04 21 53.2,-08 43 16.1,1.088,5003,11.752,5.873,6.84,Conv.,3192643431015406464,1.088,3192643431015406464,0.1463314,-0.0060167313,65.47184261997437,-8.721138134418574,6.689843907867116,0.021072704,317.46487,-9.518496752197665,-6.629288164280938,1.3787751,1306.7594,11.745759,358.67825,280254.9914896448,543.3187,1.220383,0,0,0,0,1.0704479,0.45370102,0.6167469,21.383213,0.6611619,1,38.538486,6.9890165,9.774963,202.91428560376542,-37.10627331755885,61.78256213798314,-29.789189047015743,0,5080.12,5069.7393,5092.663,0.1273,0.1022,0.0543,5021.823641459695,0,False,0.0060167313,False,5.872838933426975,True,False,False,False,True,True
52, ,5029398079322118912,01 13 42.4,-31 11 39.6,1.088,5003,10.804,5.959,6.64,Conv.,5029398079322118912,1.088,5029398083618799488,0.1328388,-0.001115799,18.426476387962428,-31.194321760604943,10.832464759022468,0.016195472,668.85767,16.798011911380858,9.073406090644315,1.1370456,2713.868,10.803102,829.9539,669972.054600189,1127.1923,1.2222427,0,0,0,1,1.0754347,0.4550867,0.620348,20.00011,0.2564444,1,101.728485,9.119843,5.1610746,254.17095137670952,-83.66419498631015,2.9660061644986015,-35.64463545288301,0,4979.585,4971.339,4991.8687,0.0251,0.02,0.0106,5021.823641459695,0,False,0.001115799,False,5.976737963760321,False,False,False,False,True,True
53, ,2596395760081700608,22 39 53.5,-16 36 23.3,1.097,5065,11.508,5.994,6.97,Conv.,2596395760081700608,1.097,2596395760081700608,0.1505983,-0.007678032,339.9730414550058,-16.606475238814948,7.883309301033533,0.015010794,525.176,24.228668076447324,-4.528087789289288,0.8417271,1240.0284,11.500747,503.63535,352219.701991147,639.74896,1.2198478,0,0,0,0,1.0797119,0.45982647,0.61988544,11.04331,0.79751146,1,33.168995,6.0437746,4.7378325,45.140957347516846,-57.83432949580711,335.2648816909195,-7.56620305251079,0,5093.3955,5086.427,5100.637,0.128,0.1026,0.0542,5000.313147093784,0,False,0.007678032,False,5.984289559028387,False,False,False,False,True,True
54, ,2979827384884386176,04 58 02.5,-17 10 27.7,1.113,5032,12.317,6.033,6.34,Conv.,2979827384884386176,1.113,2979827384884386176,0.19424711,-0.015372276,74.51042979257132,-17.174368111145423,5.584610509597021,0.013269973,420.84564,-11.054099584508943,-0.17520905861751057,1.1277553,1578.3701,12.302076,477.95084,169602.852232702,623.5744,1.2238019,0,0,0,0,1.0909595,0.4631958,0.62776375,20.893412,0.5114466,1,49.269363,10.731199,13.860351,216.73753816884775,-32.57499574070784,70.6673582029136,-39.579754285295586,0,5121.5522,5115.9937,5126.9365,0.1736,0.1395,0.074,4962.800286095563,0,False,0.015372276,False,6.037040786128152,False,False,False,False,True,True
55, ,3196687812738993152,04 06 00.2,-06 53 50.0,1.128,4982,11.842,6.073,7.02,Conv.,3196687812738993152,1.128,3196687812738993152,0.15351406,-0.0072774887,61.50082293953691,-6.897214689927109,7.133751583026607,0.015444546,461.89453,-9.204332260729734,-7.062214414858509,1.0593916,1419.7572,11.834423,391.0119,262241.6920326317,569.25543,1.2237395,0,1,0,0,1.1054268,0.47214508,0.6332817,21.38289,0.6030814,1,43.675568,12.824804,14.266226,198.46563665645414,-39.686048228553176,57.81683250307718,-27.208206284659806,0,4978.74,4971.5244,4986.804,0.0802,0.0639,0.0338,4928.475349718658,0,False,0.0072774887,False,6.101012974834749,False,False,False,False,True,True
56, ,2491594263092190464,02 10 22.3,-03 50 56.7,1.136,4944,11.533,6.153,2.26,Rapid,2491594263092190464,1.136,2491594263092190464,0.124443926,0.0031290054,32.592922653243136,-3.849090068596358,8.408620631563252,0.021764278,386.34964,7.248890077210907,-9.272600914343426,0.9374601,957.43243,11.536099,262.90872,347999.5879136707,341.7053,1.2265102,0,0,0,0,1.1222258,0.48007488,0.6421509,20.421152,1.3768063,1,43.40014,13.87743,11.94758,165.36600896432645,-60.04780896244425,29.0228246613253,-15.984389531986782,0,5008.6025,4969.0605,5022.331,0.18,0.1437,0.0764,4910.500543751575,0,False,0.0031290054,False,6.159723229040203,False,False,False,False,True,True
57, ,2402197409339616768,22 39 01.4,-18 52 55.7,1.142,4921,11.219,6.155,7.8,Conv.,2402197409339616768,1.142,2402197409339616768,0.19991212,-0.0034751892,339.75567564788514,-18.88213015828451,9.732902403678887,0.017516905,555.6291,33.565546863480094,-6.843197641515834,0.9236165,1407.2454,11.21514,508.81467,465971.33073948737,698.7793,1.2227161,0,0,0,0,1.1205301,0.48238754,0.6381426,13.346489,0.52912253,1,46.386826,10.759018,2.7340727,41.01535697867079,-58.53666815500446,334.2017027838807,-9.595093069115324,0,4887.982,4879.914,4896.571,0.0278,0.022,0.0116,4897.170057130381,0,False,0.0034751892,False,6.156352185338692,False,False,False,False,True,True
58, ,3013355999838366336,05 25 14.6,-10 25 49.4,1.159,4908,12.806,6.185,7.11,Conv.,3013355999838366336,1.159,3013355999838366336,0.17888583,-0.012434959,81.31088695309487,-10.430380624182385,4.766961849038924,0.014202111,335.6516,-11.288147148920169,-2.599183146703257,1.0004063,2451.0203,12.79383,749.9065,109752.01365647184,848.1604,1.2259628,0,0,0,0,1.1362286,0.48926258,0.646966,19.612442,2.405462,1,23.310476,,,212.70725284536096,-23.830602856345966,79.72936349932031,-33.56038661812938,0,4984.7925,4979.038,4990.5674,0.1604,0.1276,0.0674,4860.096055692935,0,False,0.012434959,False,6.185038298879011,False,False,False,False,True,True
59, ,5096891158212909312,04 12 46.0,-16 19 29.1,1.181,4907,11.994,6.187,3.68,Rapid,5096891158212909312,1.181,5096891158212909312,0.18118377,-0.0030574799,63.191613287634326,-16.32474487865415,6.958284166284113,0.016116645,431.74518,-7.537261294448167,-2.5012540774059873,1.0504721,510.16064,11.991116,144.44962,234147.51267488944,206.05956,1.2360154,0,0,0,0,1.1659575,0.4990139,0.66694355,19.393517,2.628856,1,36.35736,28.66138,11.521462,210.67009757583804,-42.32817159294763,57.29441434248648,-36.76953317903089,0,5149.9746,5137.688,5174.1333,0.4598,0.3671,0.1959,4813.623896712449,0,False,0.0030574799,False,6.203626373736672,False,False,True,True,True,False
60, ,4871041608622321664,04 28 28.9,-33 53 45.1,1.193,4924,11.63,6.037,6.5,Rapid,4871041608622321664,1.193,4871041608622321664,0.27734882,-0.0034542084,67.12058039306149,-33.89586779568461,7.615987149023296,0.02255455,337.66965,-12.050538095918865,9.208007896188002,1.9085093,1708.59,11.626949,495.36935,329198.67366602476,843.79816,1.2369841,0,2,0,1,1.179246,0.506547,0.672699,15.10115,2.628653,1,62.317844,33.132248,14.045909,235.1545443835578,-43.297454306832236,56.07528893151954,-54.6730338580271,3,4915.0356,4908.6636,4921.756,0.2757,0.2188,0.1174,4788.978537538342,0,False,0.0034542084,False,6.035580323113802,True,True,True,True,True,False
61, ,7324465427953664,03 05 14.1,+06 08 53.5,1.197,4947,12.043,6.247,4.4,Rapid,7324465427953664,1.197,7324465427953664,0.064413466,-0.0030136108,46.30862221104681,6.14817821445156,7.146396076124406,0.020504829,348.52258,-1.018604779781647,-15.382625964501097,1.2698661,544.1175,12.039639,177.07506,225988.4857465933,244.55836,1.2423335,0,0,0,0,1.178093,0.50113297,0.67696,20.970274,1.0296364,1,25.535814,20.673285,20.424381,172.09912742917035,-43.58872976470395,45.634850097167,-10.818841669771713,0,4878.7305,4865.6187,4891.8286,0.1669,0.1324,0.0707,4780.871989926178,0,False,0.0030136108,False,6.310074885573956,True,False,False,False,True,True
62, ,5097262136011410944,03 58 54.7,-17 05 53.2,1.199,4899,11.649,6.311,7.58,Conv.,5097262136011410944,1.199,5097262136011410944,0.120490775,0.00011539459,59.72783002066607,-17.09811402698248,8.506978286212714,0.01635708,520.0793,-10.792412707524008,-0.6504430537868033,1.1126263,2018.1919,11.6492405,704.26,320813.1124029853,953.5901,1.2300944,0,2,0,1,1.1801729,0.5131979,0.666975,21.963217,0.3083953,1,50.269543,,,209.9526523836013,-45.69527847264541,53.04289859938554,-36.73400355246923,0,4886.785,4880.6055,4891.112,0.1332,0.1049,0.0551,4776.838909471977,0,False,0.00011539459,False,6.298117115192815,False,False,False,False,True,True
63, ,2418664520110763520,23 49 55.1,-15 43 42.0,1.213,4917,11.607,6.396,2.94,Rapid,2418664520110763520,1.213,2418664520110763520,0.15388957,0.005256653,357.47949797404135,-15.728337389847798,8.999646992859038,0.020679891,435.18832,23.875124167832425,-5.1891705847075436,1.1051918,667.1637,11.611921,188.26917,335617.0185427133,249.99886,1.2363977,0,0,0,0,1.1968813,0.5182457,0.6786356,13.118978,1.957595,1,50.798645,,,68.40838741710752,-71.73053805021766,351.3282088405071,-13.407190017717006,0,4827.6904,4816.863,4843.1025,0.204,0.1609,0.0858,4748.980715275693,0,False,0.005256653,False,6.38304868425471,False,False,False,False,True,True
64, ,5179037454333642240,02 39 10.9,-05 32 22.4,1.215,4859,11.765,6.373,6.42,Rapid,5179037454333642240,1.215,5179037454333642240,0.11321323,-0.004210472,39.79535923158989,-5.539570110709372,8.399501156357248,0.017727125,473.82193,2.8615270361615757,-9.810503580317087,1.0189719,741.49384,11.760774,194.0276,291506.69829896424,207.00038,1.2316687,0,0,0,1,1.196949,0.5224495,0.6744995,19.3075,0.8732677,1,36.454613,18.113178,9.744405,177.67723145831073,-56.48578895066879,35.529905034692334,-19.997228101586533,0,4852.46,4847.2764,4857.556,0.1819,0.1432,0.0756,4745.05383772667,0,False,0.004210472,False,6.382041129850844,False,False,False,False,True,True
65, ,2484875735945832704,01 24 24.7,-03 16 39.0,1.222,4842,11.791,6.398,8.4,Conv.,2484875735945832704,1.222,2484875735945832704,0.11596489,-0.011971474,21.102780876354185,-3.2774867002390105,8.36791262390958,0.018915895,442.37463,12.460525677950109,-10.357135083924167,1.0124785,1575.2749,11.779138,540.2704,287822.6494249223,776.2373,1.2345281,0,55,0,53,1.2025576,0.5235033,0.67905426,15.800025,0.54964024,1,42.821342,,,142.6377834172401,-64.88012498092404,18.245424948754547,-11.270215666336833,0,4819.3306,4814.206,4824.662,0.124,0.0973,0.0511,4731.412611651494,0,False,0.011971474,False,6.392223295037638,False,False,False,False,True,True
66, ,2393862836322877952,23 40 37.5,-18 11 37.9,1.239,4734,11.485,6.472,7.7,Conv.,2393862836322877952,1.239,2393862836322877952,0.1862238,0.0006055832,355.1561567817785,-18.1938605003554,10.011937314570435,0.018648637,536.8723,28.605757576793746,-4.6657611904202,1.0080708,1585.7107,11.485858,478.129,378636.4187156686,707.9533,1.2326277,0,0,0,0,1.2195606,0.5360422,0.6835184,16.109732,0.44275853,1,54.591797,13.211196,3.8349826,57.944904135081465,-71.4106181672857,348.1976484811485,-14.74746863327834,0,4714.063,4707.3315,4720.825,0.0598,0.0467,0.0246,4698.940523320303,0,False,0.0006055832,False,6.4884485725470835,False,False,False,False,True,True
67, ,2594993646533642496,22 31 13.9,-17 04 52.4,1.242,4829,11.934,6.451,6.1,Rapid,2594993646533642496,1.242,2594993646533642496,0.19407713,-0.012972832,337.8078914562028,-17.081212210469094,8.056257302892089,0.017241038,467.27216,26.408399117383244,-5.606586876157518,1.0078831,876.78973,11.921347,254.53232,254485.21784238008,338.7796,1.2362276,0,0,0,0,1.2221317,0.53452396,0.68760777,11.116256,0.90053785,1,26.729362,,,42.79066598625824,-56.13701313379642,333.1479070153578,-7.231061042427782,0,4872.868,4865.095,4884.2134,0.2466,0.1941,0.1028,4693.305228775587,0,False,0.012972832,False,6.452013306328389,False,False,False,False,True,True
68, ,3199896668704440064,04 38 55.5,-06 40 25.0,1.242,4890,12.458,6.305,4.28,Rapid,3199896668704440064,1.242,3199896668704440064,0.17321233,-0.01587677,69.73110654443497,-6.673612118201191,5.905574600048193,0.014592909,404.68796,-8.866406892494847,-4.956684998970329,1.0074211,741.1785,12.441821,207.73126,158040.9450425168,285.2162,1.2408477,0,1,0,0,1.2198792,0.52902985,0.6908493,18.919258,2.6180665,1,32.317047,17.51432,15.063545,203.10426540163417,-32.417802250190334,66.94934062126956,-28.50535231271663,0,4889.117,4882.157,4897.1274,0.2785,0.2199,0.1172,4693.305228775587,0,False,0.01587677,False,6.298131898075054,False,True,True,True,True,False
69, ,5114686272872474880,03 47 25.8,-12 32 30.9,1.247,5006,12.634,6.55,9.0,Conv.,5114686272872474880,1.247,5114686272872474880,0.12902442,-0.010612488,56.857436739950565,-12.541903999871348,6.122095247445659,0.017902015,341.97803,-2.600255455178029,-0.8945910044923541,1.0980086,2027.3903,12.623689,596.3744,133252.94593655452,906.6908,1.2344238,0,1,0,0,1.2262192,0.5387335,0.6874857,19.379574,3.288672,1,19.022568,7.8445754,15.790763,202.32929177718944,-46.38298113740049,51.189380578424604,-31.624536662189833,0,4779.9077,4771.6855,4787.7705,0.1566,0.1227,0.0649,4683.975509438259,0,False,0.010612488,False,6.558189108112277,False,False,True,True,True,False
70, ,2433715455609798784,23 36 52.1,-11 25 01.7,1.249,4810,11.737,6.442,6.3,Rapid,2433715455609798784,1.249,2433715455609798784,0.17161527,0.005712509,354.2169697921,-11.417147061861066,8.738606914807622,0.018814594,464.45898,24.032744691642325,-6.6858749247011655,1.0153829,587.4949,11.742958,156.69441,301995.64731454436,244.96298,1.2379639,0,1,0,0,1.23876,0.54369545,0.69506454,12.680728,1.0091636,1,39.074837,,,71.21807013252885,-66.47226971013906,350.14824547829426,-8.182625983350599,0,4895.8267,4888.9453,4902.5693,0.367,0.2881,0.1526,4680.265339847818,0,False,0.005712509,False,6.450169089323001,False,True,False,True,True,False
71, ,5106733402188456320,03 24 25.2,-15 50 05.4,1.278,4944,11.517,6.197,0.62,Rapid,5106733402188456320,1.278,5106733402188456320,0.2985397,0.012587547,51.104971103054375,-15.83482222958036,8.544446567727695,0.08895968,96.04853,-0.43190685434377263,-4.57958390011881,4.692701,530.42914,11.529411,152.17215,375222.2733659054,217.53897,1.2524254,0,1,0,1,1.265914,0.5486765,0.7172375,11.317054,3.3619256,1,49.62829,,,203.24313152899626,-52.83166676375236,43.75831322810919,-33.242896120130915,1,5525.451,5500.6187,5540.1826,1.0084,0.8099,0.4391,4627.830347186981,0,False,0.012587547,False,6.187831007336483,True,True,True,True,True,False
72, ,2390974419276875776,23 48 32.4,-18 32 57.4,1.283,4706,11.583,6.618,6.5,Rapid,2390974419276875776,1.283,2390974419276875776,0.13537188,-0.015706062,357.13520923926177,-18.549263289268414,10.090356649719405,0.019621018,514.26263,27.68771187697674,-4.110815754958733,1.0651505,533.7607,11.567235,134.6928,357359.019181544,199.92294,1.2361194,0,1,0,0,1.263319,0.5612173,0.7021017,17.20027,0.8719914,1,36.06455,,,60.29945021245735,-73.18333545565382,349.8207856760198,-15.8441519825962,0,4616.8447,4608.63,4629.2627,0.0177,0.0138,0.0073,4619.04123545755,0,False,0.015706062,False,6.586767577519186,False,False,False,False,True,True
73, ,3172630287868034944,04 26 48.2,-15 25 47.4,1.307,4881,12.334,6.599,5.85,LM   ,3172630287868034944,1.307,3172630292164472192,1.5833907,0.038098335,66.70074008410529,-15.429838310726966,6.133156284564102,0.04602784,133.24884,-8.760549949215092,-0.022898389455330743,4.0961466,818.72314,12.371653,247.84882,187180.71207102225,377.55026,1.3481911,0,72,0,72,1.2865763,0.4821663,0.80441,20.041948,3.1211944,1,36.706112,58.223484,47.963978,211.27186478446825,-38.86637129285513,61.64418479918735,-36.60354906244017,0,5294.4365,5282.8926,5308.4644,0.8162,0.6508,0.3506,4577.840372772611,0,False,0.038098335,False,6.310072760566182,True,True,True,True,True,False
74, ,5161117923061794688,02 59 52.0,-09 47 35.8,1.308,4800,12.063,6.639,5.45,LM   ,5161117923061794688,1.308,5161117923061794688,0.1799323,0.010989189,44.96679440997395,-9.793266298937063,8.281496774880384,0.01960246,422.4723,0.19398748629438584,-5.790103019232891,1.1999959,312.79074,12.073931,116.014946,225668.98651075296,172.87743,1.2329816,0,0,0,0,1.2932348,0.58351994,0.7097149,19.103354,2.2119823,1,29.436632,,,189.29450764651577,-55.129119794108824,39.33037725702444,-25.662511148977096,0,4757.9346,4740.245,4769.0854,0.333,0.2593,0.1377,4576.158311397052,0,False,0.010989189,False,6.664474925684438,False,False,True,True,True,False
75, ,5155187986271622912,03 20 33.3,-14 16 58.4,1.32,4776,12.307,6.687,1.93,LM   ,5155187986271622912,1.32,5155187986271622912,0.15496123,-0.010440826,50.138716010435786,-14.282878357156003,7.5087839206511715,0.013656428,549.83514,-0.7070841967382434,-3.034419567004901,1.0023669,2304.912,12.296031,586.4413,189668.4624802114,203.11711,1.2602583,1,0,0,0,1.321559,0.5784359,0.74312305,17.31964,1.3315947,1,23.954048,18.161776,16.673815,200.254355408564,-53.01217043786056,43.25307845473612,-31.483067007374835,0,4656.6226,4650.655,4662.872,0.0353,0.0271,0.0142,4556.183448503491,1,True,0.010440826,False,6.673879032574778,False,True,False,True,True,False
76, ,5129876953722430208,02 29 28.5,-20 12 16.8,1.334,4829,11.695,6.739,8.0,LM   ,5129876953722430208,1.334,5129876953722430208,0.17625104,-0.0012245178,37.368578085340715,-20.204656731621792,10.255356337660485,0.016305448,628.9527,2.9317677546055245,1.321909302433409,1.0607558,1480.4185,11.693619,579.9284,326767.42988028476,833.1549,1.2481784,0,19,0,20,1.3175812,0.5862608,0.7313204,21.645903,0.48722547,1,55.329506,16.097893,18.102434,201.0393870440501,-66.55614795214936,27.31519720793358,-32.91850380327408,0,4671.7144,4663.8677,4684.4907,0.1241,0.0954,0.0502,4533.358317714058,0,False,0.0012245178,False,6.748372550296303,False,False,False,False,True,True
77, ,2339984636258635136,23 56 53.7,-23 17 24.6,1.349,4545,11.475,6.765,8.35,LM   ,2339984636258635136,1.349,2339984636258635136,0.18783362,0.010980606,359.22381887426945,-23.29017655714533,11.370926104451838,0.019327015,588.3436,30.187665291245725,1.685135120766006,1.3723562,1385.6257,11.486065,492.1665,398610.4469092443,771.79224,1.2515031,0,0,0,0,1.3334045,0.5938635,0.73954105,15.519688,0.36100382,1,64.903,10.521707,7.947198,47.216381773865194,-77.08852625220187,349.5922440790141,-20.9658931887791,0,4571.9243,4568.783,4575.6104,0.0159,0.0121,0.0064,4509.4553334549055,0,False,0.010980606,False,6.765044096980816,True,False,False,False,True,True
78, ,3195826963854173056,04 06 29.4,-07 35 32.2,1.366,4828,12.987,6.797,10.73,Slow ,3195826963854173056,1.366,3195826963854173056,0.044644065,-0.0132780075,61.622600302012,-7.5922847889655465,5.845261921754224,0.015261902,382.99698,-7.452514209842327,-4.353410649151355,0.9176481,2200.7815,12.973429,734.92017,101247.21410049875,840.1186,1.2454371,0,1,0,0,1.3475561,0.60856533,0.7389908,20.49734,1.0567408,1,20.888182,11.197047,21.788973,199.33055407983002,-39.92315145717727,57.782422475189186,-27.913036471148054,0,4654.5215,4646.61,4660.6094,0.1622,0.1241,0.0651,4483.028382966338,0,False,0.0132780075,False,6.807448607897696,False,False,False,False,True,True
79, ,2349094158814399104,00 47 18.0,-22 45 08.1,1.366,4585,10.929,6.051,1.3,LM   ,2349094158814399104,1.366,2349094158814399104,0.1597159,0.0032615662,11.824964621388787,-22.752240066272286,10.725938707011833,0.0503965,212.83104,21.132347657974858,2.4150906866936146,2.7741065,1157.9532,10.932421,299.38678,669981.3914116328,424.89755,1.254868,0,0,0,0,1.3550978,0.60541534,0.7496824,17.721348,2.2132413,1,106.56392,,,110.61160101193958,-85.52465852520295,1.2404026853002843,-25.467823123464573,0,,,,,,,4483.028382966338,0,False,0.0032615662,False,6.084597284961106,True,True,False,True,True,False
80, ,3247412647814482816,03 32 30.9,-06 13 09.1,1.382,4714,12.327,6.898,6.66,LM   ,3247412647814482816,1.382,3247412647814482816,0.12509221,-0.012915611,53.12881980565811,-6.2192006280482905,8.304620948555565,0.015746443,527.3966,-6.757460868339656,-8.734078724367384,1.2296412,2276.3386,12.313834,682.34766,187630.88647359,850.11743,1.2504208,0,0,0,0,1.3653183,0.61611843,0.74919987,22.753504,0.86157054,1,35.729187,22.649872,17.774584,191.71482904497978,-46.42519056435127,49.01581224385542,-24.565715909228796,0,4569.551,4566.2603,4573.059,0.0868,0.0661,0.0347,4458.771344395966,0,False,0.012915611,False,6.910433263103112,True,False,False,False,True,True
81, ,4975223840046231424,00 47 38.5,-47 41 45.8,1.42,4551,11.514,6.985,5.8,LM   ,4975223840046231424,1.42,4975223840049378432,0.23036171,0.006485939,11.910339066834085,-47.696055260500714,12.483924097662904,0.019093635,653.8265,24.640525144730866,22.250794779564647,1.5292025,1280.9972,11.520679,333.66187,396906.90382605756,522.30066,1.2583175,0,0,0,0,1.4068155,0.63731,0.7695055,15.552419,0.7109171,1,86.03245,19.795855,14.423774,304.7494083159556,-69.4187946942709,345.79183088939357,-47.206759334824284,0,4532.6685,4518.232,4557.2524,0.2712,0.2068,0.109,4403.391743003645,0,False,0.006485939,False,7.002435071317645,True,False,False,False,True,True
82, ,3191365111308746880,04 24 30.4,-10 41 02.4,1.423,4719,12.901,6.944,7.02,LM   ,3191365111308746880,1.423,3191365111308746880,0.13789468,-0.0094976425,66.12658835046398,-10.683995628853546,6.523896365937786,0.01528701,426.76077,-8.689191107381284,-3.8972619521083023,0.89074683,1412.8442,12.891982,398.09976,111823.07631719005,611.80646,1.2534138,0,0,0,0,1.4072819,0.6418667,0.7654152,19.733725,1.8852597,1,23.820162,19.191124,18.526299,205.48118121065238,-37.41596615674043,62.08638697081679,-31.838874036147207,0,4480.2114,4475.6836,4484.5845,0.1808,0.1371,0.072,4399.1457604597035,0,False,0.0094976425,False,6.964517346172993,False,False,False,False,True,True
83, ,3197607794734344320,04 31 51.6,-08 54 03.5,1.439,4440,13.133,7.059,8.02,LM   ,3197607794734344320,1.439,3197607794734344320,0.06551512,-0.009461403,67.96519283119757,-8.900962152600075,6.069172629791091,0.011993811,506.0254,-8.9573601545271,-4.607046748279391,1.0435967,1473.7798,13.123888,398.62973,91295.76970254033,541.74774,1.2607836,0,0,0,0,1.4240332,0.6469145,0.7771187,21.09585,0.97438866,2,33.230534,,,204.5079731934755,-34.998283957670765,64.54547854017471,-30.413745543085827,0,4535.9644,4527.9355,4545.8286,0.1927,0.1459,0.0769,4376.793663150995,0,False,0.009461403,False,7.039535468811064,False,False,False,False,True,True
84, ,3171136944919260928,04 36 36.1,-17 47 23.7,1.439,4469,12.879,6.94,7.85,LM   ,3171136944919260928,1.439,3171136944919260928,0.40365222,-0.009241104,69.15039857841182,-17.78991167850009,6.233448120430436,0.04492353,138.75687,-8.461713593619447,1.791531661603917,3.6085997,608.5902,12.869601,173.67549,121209.110328691,268.0581,1.3299942,0,51,0,52,1.4095926,0.5790491,0.8305435,20.892918,1.8664356,1,19.635101,23.770302,20.41632,215.17000710417125,-37.56204279007531,64.00101899894702,-39.36593665859785,0,,,,,,,4376.793663150995,0,False,0.009241104,False,6.843242996167131,True,True,False,True,True,False
85, ,3206907086126334464,05 13 25.5,-08 19 52.2,1.465,4364,13.32,7.086,6.66,LM   ,3206907086126334464,1.465,3206907086126334464,0.07405675,-0.016322136,78.35643474039733,-8.331173265413737,5.678463440712693,0.012551693,452.4062,-14.793099656610599,-7.492919108807063,1.1030936,1415.897,13.303808,419.19424,78225.96463840305,511.83405,1.2665431,0,5,0,4,1.4469805,0.65769005,0.7892904,14.826099,2.4555957,2,31.745543,,,209.23552383299975,-25.549417986071987,76.49537201328663,-31.226222908726427,0,,,,,,,4341.473547485512,0,False,0.016322136,False,7.074962382474622,False,False,False,False,True,True
86, ,3177883999240571904,04 35 35.3,-12 47 47.6,1.48,4512,12.828,6.356,4.0,LM   ,3177883999240571904,1.48,3177883999240571904,0.12072972,-0.004760742,68.89690150802465,-12.796551781913717,5.133862541429655,0.020095352,255.47511,-6.706520362500038,-2.0134942530859297,1.531602,1112.3611,12.823606,292.34674,122856.98623928677,458.05048,1.2692529,0,1,0,0,1.4714937,0.6722841,0.7992096,14.544922,34.19505,1,31.709656,,,209.30368601749808,-35.862342847009366,64.81338053004193,-34.40892788977986,0,4612.0215,4541.3237,4627.9697,0.7097,0.5435,0.2936,4321.625467690077,0,False,0.004760742,False,6.375826718949698,True,True,True,True,True,False
87, ,2488721720245150336,02 26 53.3,-05 17 45.2,1.498,4444,12.485,7.198,5.2,LM   ,2488721720245150336,1.498,2488721720245150336,0.08386849,-0.012419701,36.722085516193104,-5.295888766911664,8.798275055187874,0.016585631,530.4757,3.8756967347722693,-10.40504941944695,1.25628,913.988,12.472762,227.31563,169644.9068117927,340.57214,1.2639056,0,1,0,0,1.4848537,0.6861353,0.79871845,21.241003,1.6625153,1,23.584887,16.311527,14.466852,173.34541024545172,-58.48714078435258,32.55496686227759,-18.75439292616206,0,4143.131,4133.101,4161.0654,0.012,0.0089,0.0048,4298.284492756431,0,False,0.012419701,False,7.194749782552018,True,False,False,False,True,True
88, ,5159567164990031360,03 04 46.0,-12 16 57.9,1.56,4330,12.613,7.098,0.45,LM   ,5159567164990031360,1.56,5159567164990031360,0.24434935,-0.008333206,46.19151557039024,-12.282741118942866,8.11838277906402,0.059415407,136.63766,0.5906031983394922,-4.784760398512016,4.0137587,736.1879,12.605171,206.91678,154983.96699636886,331.00848,1.2824429,0,1,0,0,1.5466089,0.7136164,0.83299255,18.74843,6.5873933,1,24.285358,,,194.1183797523525,-55.443634637518144,39.738560110062025,-28.402955860628047,1,4627.4614,4617.068,4641.34,0.9296,0.7085,0.385,4221.441907989772,0,False,0.008333206,False,7.15251882513958,True,True,True,True,True,False
89, ,5081912751826042624,03 47 01.6,-26 16 11.2,1.577,4410,12.968,7.389,4.5,LM   ,5081912751826042624,1.577,5081912751826042624,0.10219222,-0.012073517,56.75651058497294,-26.269764116497267,7.75665773905672,0.014223696,545.3335,-5.826796302901814,6.1299793916695124,0.98583436,1811.3237,12.955694,459.15323,112164.7944119008,671.3367,1.2763511,0,2,0,1,1.5624456,0.73000526,0.8324404,18.177084,19.003098,1,47.45947,16.880648,19.379961,222.00293599681174,-50.977302024420965,46.1672760044849,-44.780837017935454,0,,,,,,,4201.225720379593,0,False,0.012073517,False,7.404067342165286,False,False,True,True,True,False
90, ,5118895478259982336,02 26 07.0,-24 54 49.0,1.579,4431,11.728,6.658,5.61,LM   ,5118895478259982336,1.579,5118895478259982336,0.27598968,0.0059223175,36.52899083497697,-24.91360961622298,9.589768053502747,0.167857,57.130577,3.9312424638412464,5.988057240285445,13.284573,986.5354,11.734074,313.6615,349001.26414350903,486.6343,1.2857343,0,23,0,23,1.5723095,0.729064,0.8432455,20.39897,0.83067846,1,43.636814,19.124697,18.752039,212.32552327395553,-68.6464075672631,24.213261610261227,-36.95778375010562,0,4289.915,4283.375,4295.6274,0.262,0.1941,0.1035,4198.869130047841,0,False,0.0059223175,False,6.6431141542781695,True,True,False,True,True,False
91, ,5117016378528360448,02 17 14.6,-27 16 41.9,1.591,4308,12.551,7.451,5.92,LM   ,5117016378528360448,1.591,5117016378528360448,0.15802103,-0.010876656,34.31095598876404,-27.278298493440346,9.583947921082625,0.015432814,621.01105,5.483745666474335,7.151373012844547,1.2083457,776.78314,12.540227,201.30598,165495.0517346068,326.13068,1.2786758,0,37,0,11,1.5793552,0.7400608,0.83929443,20.708185,0.73850393,1,43.431305,,,218.32625645164126,-70.94422503488575,20.696188048881847,-38.30001080248028,0,4317.828,4312.7866,4323.025,0.3231,0.2397,0.1271,4184.822233841267,0,False,0.010876656,False,7.4479491618754174,True,False,False,False,True,True
92, ,5149427640557882368,02 02 58.3,-13 37 46.8,1.594,4207,11.982,7.442,11.96,Slow ,5149427640557882368,1.594,5149427640557882368,0.20895298,-0.010846138,30.742788743335563,-13.629654195693318,12.457245945018451,0.021523552,578.77277,8.356968230268421,-2.8606554333048604,1.3249682,3344.6409,11.9716,655.92474,278924.5195603614,1511.89,1.2773495,0,0,0,0,1.5767565,0.739336,0.83742046,23.263601,0.6092861,1,40.2961,8.980733,8.028653,177.5413389178125,-68.52631948431855,23.435182697330593,-24.44450780715316,0,,,,,,,4181.334805922496,0,False,0.010846138,False,7.448709773183603,True,False,False,False,True,True
93, ,4832163770817481856,03 58 17.4,-46 34 13.0,1.63,4261,12.992,7.559,7.8,LM   ,4832163770817481856,1.63,4832163770817481856,0.078672424,-0.0058279037,59.57265617049605,-46.57026337725633,8.231237979611695,0.011676787,704.9232,-10.218159461199718,17.703377216245208,1.0507468,1289.4303,12.986357,315.5878,111567.36216522935,454.75635,1.2863356,0,2,0,0,1.6200743,0.7627697,0.8573046,16.973204,1.2078111,1,20.91177,,,253.6948998377749,-48.64663023374693,36.21894748481148,-64.43374794498165,0,4296.408,4288.874,4299.22,0.3827,0.2827,0.1502,4140.197832159158,0,False,0.0058279037,False,7.5636825256777716,False,False,False,False,True,True
94, ,2531488844210764544,01 08 57.0,-03 01 31.9,1.661,4168,13.074,7.612,2.26,LM   ,2531488844210764544,1.661,2531488844210764544,0.0941307,-0.0049238205,17.237539563995156,-3.025542940879144,8.146233791391728,0.015659565,520.2082,13.573974741541619,-10.81656637166948,1.0754058,569.6362,13.068751,142.9587,104611.52254522062,219.73924,1.2899328,0,1,0,0,1.6543665,0.7845621,0.8698044,,,,,,,133.5393218756218,-65.53598876058508,14.716564958871453,-9.56325396161458,0,4144.978,4141.9526,4148.379,0.2855,0.2087,0.1122,4105.743475119201,0,False,0.0049238205,False,7.623535684575467,False,False,False,False,True,True
95, ,2480756793589426944,01 33 49.3,-04 28 41.7,1.67,4228,13.216,7.682,6.5,LM   ,2480756793589426944,1.67,2480756793589426944,0.085696876,-0.004558563,23.455274721797302,-4.478247138072766,7.84378561597766,0.015533593,504.9563,11.172309506158236,-8.594294057909051,0.94184536,1248.8191,13.211421,332.7268,91939.85071735173,508.64957,1.2898254,0,3,0,0,1.6638155,0.7915306,0.8722849,17.037724,1.2552972,1,20.983204,,,148.84257527235178,-65.19563118849288,20.007664110271282,-13.266617447149258,0,,,,,,,4095.8942935923114,0,False,0.004558563,False,7.68404958862827,False,False,False,False,True,True
96, ,2355466790769878400,00 55 21.5,-21 24 03.7,1.689,4135,12.341,7.578,6.84,LM   ,2355466790769878400,1.689,2355466790769878400,0.14402199,-0.010334969,13.839380191828141,-21.401018097085895,11.197150021524543,0.018451693,606.83594,24.52207783688737,5.339674428047427,1.2726494,3301.579,12.330921,1107.212,207529.84456511965,1480.9944,1.2888044,0,1,0,0,1.6797619,0.8040352,0.8757267,17.296467,0.4187288,1,46.316185,,,132.00291871155684,-84.20360838295932,3.7456977256343165,-25.047612362046255,0,,,,,,,4075.314516375077,0,False,0.010334969,False,7.576458658129649,True,True,False,True,True,False
97, ,5114516020369038848,03 51 15.9,-12 23 46.4,1.732,4298,13.375,7.484,0.68,LM   ,5114516020369038848,1.732,5114516020369038848,1.1590401,-0.012266159,57.816187364380795,-12.39622956377558,6.953320452405716,0.04642749,149.76732,-5.441357620317986,-1.6583768454035281,1.9530165,1459.3976,13.360326,376.03622,92659.70890410566,349.13736,1.4712213,0,41,0,40,1.7182837,0.6886263,1.0296574,20.629412,4.1870747,2,7.401772,,,202.73779857351676,-45.479183375412006,52.29694818484143,-31.71970947765243,0,4277.411,4260.245,4296.62,0.4672,0.3421,0.1834,4029.7347474270628,0,False,0.012266159,False,7.57128703752956,True,True,True,True,True,False
98, ,5068272932125221504,02 26 04.6,-29 23 48.9,1.768,4163,12.815,8.0,7.8,LM   ,5068272932125221504,1.768,5068272932125221504,0.14173473,-0.014131546,36.519076817656874,-29.39691945458177,10.921730264147204,0.01783045,612.53253,3.4728542362619734,9.40420712387337,1.2652376,1117.1825,12.800742,281.53152,138757.32849428998,381.45987,1.3021408,0,4,0,2,1.7624722,0.8539858,0.90848637,22.605055,0.90298027,1,33.760014,,,224.72189106300002,-69.07377991189622,21.826844870943944,-41.04006701914249,0,4149.823,4147.9556,4151.295,0.4822,0.3499,0.1883,3992.5524674511307,0,False,0.014131546,False,7.992199381784911,True,False,False,False,True,True
99, ,5094664333632217088,04 02 18.0,-18 42 45.4,1.771,4076,12.631,7.134,2.62,LM   ,5094664333632217088,1.771,5094664333632217088,0.20489305,-0.016404152,60.57490433832121,-18.71260564570563,8.142078969353008,0.017087037,476.5062,-10.266773918278577,0.7190647528423171,1.4521204,1139.2386,12.614749,292.1019,165265.75148807673,365.35843,1.3065389,0,2,0,1,1.763114,0.8508034,0.9123106,19.746443,4.3920693,1,31.903559,12.141003,19.42379,212.51918593755843,-45.51490115005531,53.51874931074874,-38.49871129078123,0,5114.2695,5107.937,5128.7437,1.7737,1.3408,0.7166,3989.4919089024843,0,False,0.016404152,False,7.168425506023956,True,True,True,True,True,False
100, ,5121805541941481472,01 57 17.2,-25 13 49.6,1.784,3956,12.793,7.931,5.45,LM   ,5121805541941481472,1.784,5121805541941481472,0.16589893,0.0010910034,29.321733815382114,-25.23045118472651,10.739134650870481,0.01654222,649.1955,9.07674592701734,5.56239483633324,1.1254189,993.8125,12.794461,267.00494,140749.68764056466,426.19623,1.3070911,1,1,0,1,1.7826309,0.86494637,0.91768456,22.009981,2.400514,1,33.156254,7.160881,18.284636,209.314200560035,-75.11612234501195,16.717352070239023,-34.562111913685754,0,4196.72,4191.0864,4204.1245,0.492,0.3555,0.1925,3976.295111260797,0,False,0.0010910034,False,7.949307689016285,False,False,False,False,True,True
101, ,4984094970441940864,01 21 49.7,-42 01 22.3,1.852,4113,12.731,8.099,5.45,LM   ,4984094970441940864,1.852,4984094970441940864,0.20022874,-0.029999733,20.45698988446639,-42.02286329179159,11.893408054714008,0.012229828,972.4918,16.44628481788738,19.84039295037074,1.1566329,821.6261,12.700555,220.58104,156445.70668219437,355.86108,1.314989,0,78,0,1,1.8411417,0.9025736,0.9385681,20.293558,1.2069763,1,51.81655,10.3076725,18.391623,282.2383596043,-73.86223957061519,357.69070171539863,-45.84564995581515,0,4055.1436,4050.7493,4060.7754,0.4387,0.3149,0.1719,3908.956532623575,0,False,0.029999733,False,8.077086445148383,False,False,False,False,True,True
